# Blender 5.2.2 LTS
# www.blender.org
o AcousticGuitar
v 0.000001 -3.291982 -4.716342
v 1.408298 -3.280014 -4.716372
v -1.408302 -3.280014 -4.716372
v -0.708628 -25.527771 -4.716355
v -2.490997 -25.230469 -4.716355
v 2.490983 -25.230469 -4.716357
v 0.708617 -25.527767 -4.716356
v -4.569126 -24.407740 -4.716354
v -6.354147 -23.174101 -4.716354
v 6.354133 -23.174105 -4.716359
v 4.569112 -24.407743 -4.716358
v -7.679842 -21.664415 -4.716356
v -8.471708 -20.078209 -4.716357
v 8.471695 -20.078213 -4.716363
v 7.679830 -21.664419 -4.716362
v -8.809424 -18.554583 -4.716358
v -8.791770 -17.106392 -4.716359
v 8.791759 -17.106396 -4.716365
v 8.809414 -18.554586 -4.716363
v -8.384622 -15.671422 -4.716360
v -7.663057 -14.217093 -4.716361
v 7.663049 -14.217099 -4.716367
v 8.384612 -15.671428 -4.716366
v -6.725645 -12.949156 -4.716362
v -5.763448 -12.018138 -4.716363
v 5.763441 -12.018141 -4.716368
v 6.725638 -12.949160 -4.716367
v -5.213372 -11.341088 -4.716364
v -5.006508 -10.871101 -4.716364
v 5.006504 -10.871105 -4.716368
v 5.213367 -11.341092 -4.716368
v -4.812676 -10.281774 -4.716365
v -4.751311 -9.636364 -4.716365
v 4.751307 -9.636368 -4.716369
v 4.812671 -10.281777 -4.716369
v -4.843665 -9.097644 -4.716365
v -4.992541 -8.558813 -4.716366
v 4.992538 -8.558816 -4.716371
v 4.843660 -9.097648 -4.716370
v -5.267920 -7.795640 -4.716368
v -5.543600 -7.032287 -4.716366
v 5.543597 -7.032290 -4.716372
v 5.267915 -7.795643 -4.716372
v -5.594343 -6.479712 -4.716368
v -5.545639 -5.927073 -4.716368
v 5.545635 -5.927076 -4.716372
v 5.594340 -6.479715 -4.716372
v -5.200067 -5.199582 -4.716369
v -4.733149 -4.607194 -4.716370
v 4.733148 -4.607197 -4.716372
v 5.200065 -5.199585 -4.716372
v -3.896761 -4.000239 -4.716371
v -2.956065 -3.531162 -4.716372
v 2.956065 -3.531165 -4.716372
v 3.896762 -4.000244 -4.716372
v 0.794655 -25.449425 0.196163
v 2.581432 -25.141157 0.196162
v 0.537625 -13.168731 0.196131
v 0.267426 -13.199868 0.196131
v -0.267428 -13.199868 0.196131
v -0.794665 -25.449425 0.196164
v 4.636275 -24.321980 0.196159
v 6.404790 -23.093969 0.196155
v 1.036282 -12.990476 0.196130
v 0.787128 -13.079997 0.196130
v 7.717459 -21.591301 0.196151
v 8.499385 -20.012474 0.196146
v 1.474914 -12.710786 0.196129
v 1.256042 -12.850707 0.196129
v 8.829596 -18.495951 0.196141
v 8.805837 -17.054602 0.196138
v 1.839119 -12.345727 0.196127
v 1.657280 -12.528232 0.196129
v 8.393577 -15.626671 0.196134
v 7.667405 -14.181379 0.196130
v 2.116608 -11.908551 0.196127
v 1.977895 -12.127454 0.196127
v 6.726561 -12.923571 0.196127
v 5.763368 -12.002339 0.196126
v 2.293444 -11.412923 0.196125
v 2.205277 -11.660595 0.196126
v 5.213295 -11.334908 0.196124
v 5.006504 -10.871119 0.196123
v 2.355302 -10.875281 0.196124
v 2.324538 -11.143538 0.196124
v 4.754254 -9.660240 0.196119
v 2.292742 -10.334473 0.196123
v 2.324358 -10.605164 0.196123
v 4.813452 -10.292920 0.196121
v 4.998673 -8.595310 0.196116
v 2.116376 -9.841472 0.196121
v 2.204523 -10.087620 0.196122
v 4.848289 -9.128734 0.196118
v 5.555685 -7.081395 0.196113
v 1.839791 -9.405877 0.196120
v 1.977977 -9.623269 0.196120
v 5.276865 -7.839834 0.196115
v 5.563586 -5.981636 0.196109
v 1.478534 -9.043880 0.196119
v 1.659237 -9.224936 0.196119
v 5.609152 -6.531304 0.196110
v 4.765074 -4.674181 0.196105
v 1.043166 -8.764940 0.196118
v 1.260840 -8.904175 0.196118
v 5.224766 -5.260907 0.196107
v 3.940928 -4.074983 0.196104
v 3.019781 -3.612331 0.196103
v 0.546972 -8.584889 0.196118
v 0.795251 -8.674648 0.196118
v 1.529689 -3.368060 0.196104
v 0.000002 -3.296788 0.196104
v 0.000000 -8.519984 0.196118
v 0.273919 -8.551620 0.196118
v -0.537627 -13.168731 0.196131
v -2.581443 -25.141157 0.196164
v -4.636285 -24.321976 0.196162
v -0.787130 -13.079997 0.196131
v -1.036284 -12.990476 0.196131
v -6.404801 -23.093966 0.196160
v -7.717468 -21.591297 0.196157
v -1.256045 -12.850707 0.196130
v -1.474916 -12.710786 0.196130
v -8.499394 -20.012470 0.196152
v -8.829603 -18.495949 0.196148
v -1.657282 -12.528230 0.196130
v -1.839122 -12.345725 0.196129
v -8.805842 -17.054598 0.196144
v -8.393582 -15.626665 0.196140
v -1.977897 -12.127452 0.196129
v -2.116610 -11.908549 0.196129
v -7.667410 -14.181374 0.196136
v -6.726563 -12.923567 0.196132
v -2.205278 -11.660593 0.196127
v -2.293445 -11.412921 0.196126
v -5.763372 -12.002334 0.196130
v -5.213296 -11.334905 0.196128
v -2.324538 -11.143536 0.196126
v -2.355303 -10.875279 0.196126
v -5.006505 -10.871116 0.196127
v -4.754255 -9.660236 0.196123
v -4.813454 -10.292916 0.196124
v -2.324359 -10.605162 0.196125
v -2.292743 -10.334471 0.196125
v -4.998672 -8.595305 0.196120
v -4.848289 -9.128730 0.196122
v -2.204523 -10.087618 0.196123
v -2.116377 -9.841470 0.196122
v -5.555687 -7.081391 0.196117
v -5.276865 -7.839831 0.196119
v -1.977978 -9.623267 0.196122
v -1.839791 -9.405875 0.196122
v -5.563586 -5.981632 0.196113
v -5.609153 -6.531301 0.196115
v -1.659237 -9.224934 0.196121
v -1.478534 -9.043880 0.196120
v -4.765071 -4.674179 0.196109
v -5.224764 -5.260904 0.196111
v -1.260840 -8.904175 0.196119
v -1.043166 -8.764940 0.196119
v -3.940924 -4.074980 0.196107
v -0.795250 -8.674648 0.196119
v -0.546972 -8.584889 0.196119
v -3.019777 -3.612329 0.196106
v -1.529686 -3.368059 0.196105
v -0.273919 -8.551620 0.196118
v -0.000109 -3.332098 -4.556025
v -1.479787 -3.424103 -4.572812
v 1.480144 -3.424146 -4.572820
v 0.000231 -25.465000 -4.556277
v 0.733937 -25.396278 -4.572569
v -0.734375 -25.396141 -4.572659
v -4.585577 -24.277716 -4.575296
v 4.585585 -24.277653 -4.575351
v 6.341670 -23.063656 -4.575727
v -6.341688 -23.063690 -4.575692
v -7.642719 -21.581799 -4.575954
v 7.642699 -21.581779 -4.575981
v 8.418077 -20.028820 -4.575719
v -8.418095 -20.028833 -4.575702
v -8.748375 -18.539427 -4.575406
v 8.748363 -18.539415 -4.575416
v 8.730800 -17.127714 -4.576112
v -8.730807 -17.127722 -4.576109
v -8.333575 -15.724221 -4.574445
v 8.333573 -15.724217 -4.574441
v 7.623835 -14.293428 -4.574267
v -7.623835 -14.293437 -4.574276
v -6.701391 -13.045445 -4.574048
v 6.701406 -13.045461 -4.574043
v 5.746068 -12.112346 -4.567713
v -5.746054 -12.112291 -4.567692
v -5.183113 -11.411656 -4.564159
v 5.183074 -11.411693 -4.564203
v 4.961236 -10.921227 -4.568229
v -4.961282 -10.921247 -4.568196
v -4.764269 -10.309754 -4.565248
v 4.764251 -10.309750 -4.565263
v 4.701218 -9.631289 -4.564258
v -4.701222 -9.631301 -4.564255
v -4.792552 -9.067167 -4.568157
v 4.792556 -9.067169 -4.568152
v 4.944106 -8.516250 -4.568689
v -4.944105 -8.516237 -4.568692
v -5.219518 -7.747308 -4.570426
v 5.219508 -7.747324 -4.570433
v 5.484812 -7.000117 -4.575929
v -5.484825 -7.000111 -4.575915
v -5.533549 -6.479458 -4.574340
v 5.533549 -6.479423 -4.574341
v 5.486681 -5.966455 -4.577937
v -5.486668 -5.966477 -4.577957
v -5.160539 -5.277314 -4.575294
v 5.160553 -5.277255 -4.575251
v 4.716145 -4.714210 -4.576303
v -4.716107 -4.714246 -4.576360
v -3.906732 -4.125210 -4.574069
v 3.906651 -4.125033 -4.573958
v 2.996925 -3.672774 -4.576619
v -2.996938 -3.672937 -4.576779
v 2.537772 -25.088816 -4.574918
v -2.537722 -25.088923 -4.574824
v -0.003367 -3.409539 -4.512955
v -1.528377 -3.482110 -4.509698
v 1.528665 -3.482145 -4.509859
v 0.004675 -25.387920 -4.512920
v 0.773819 -25.338051 -4.510048
v -0.774116 -25.338015 -4.510078
v 4.569294 -24.228611 -4.510324
v 6.311851 -23.022417 -4.510385
v -6.311855 -23.022421 -4.510427
v -4.569282 -24.228617 -4.510395
v 7.602559 -21.551123 -4.510412
v 8.370844 -20.010376 -4.510429
v -8.370851 -20.010382 -4.510440
v -7.602566 -21.551126 -4.510437
v 8.697699 -18.533707 -4.510440
v 8.681111 -17.135599 -4.510440
v -8.681122 -17.135603 -4.510427
v -8.697710 -18.533714 -4.510438
v 8.285780 -15.744605 -4.510455
v 7.580878 -14.323039 -4.510454
v -7.580890 -14.323040 -4.510426
v -8.285790 -15.744601 -4.510432
v 6.664782 -13.083039 -4.510454
v 5.706049 -12.155668 -4.510449
v -5.706031 -12.155638 -4.510467
v -6.664779 -13.083025 -4.510432
v 5.131528 -11.447329 -4.510396
v 4.907611 -10.944036 -4.510417
v -4.907626 -10.944057 -4.510457
v -5.131529 -11.447321 -4.510449
v 4.704376 -10.323483 -4.510425
v 4.638745 -9.628739 -4.510424
v -4.638749 -9.628748 -4.510420
v -4.704381 -10.323486 -4.510436
v 4.735898 -9.053300 -4.510455
v 4.889573 -8.497152 -4.510458
v -4.889578 -8.497144 -4.510447
v -4.735901 -9.053299 -4.510439
v 5.167500 -7.726615 -4.510458
v 5.435753 -6.988172 -4.510431
v -5.435757 -6.988163 -4.510443
v -5.167506 -7.726604 -4.510458
v 5.481519 -6.479314 -4.510440
v 5.440129 -5.980312 -4.510431
v -5.440135 -5.980322 -4.510392
v -5.481523 -6.479339 -4.510431
v 5.118577 -5.306584 -4.510461
v 4.684798 -4.753537 -4.510454
v -4.684797 -4.753530 -4.510359
v -5.118594 -5.306606 -4.510387
v 3.886039 -4.173794 -4.510467
v 2.996406 -3.724314 -4.510167
v -2.996408 -3.724308 -4.509912
v -3.886125 -4.173841 -4.510304
v 2.541045 -25.034836 -4.510119
v -2.541023 -25.034845 -4.510246
v 0.004466 -25.387917 -4.310859
v 0.000203 -25.387863 -0.207198
v 0.774728 -25.338015 -0.207070
v 0.773861 -25.338047 -4.308115
v 2.541562 -25.034771 -0.207084
v 2.541069 -25.034834 -4.308184
v 4.569588 -24.228546 -0.207098
v 4.569307 -24.228605 -4.308380
v 6.312067 -23.022341 -0.207110
v 6.311860 -23.022411 -4.308439
v 7.602727 -21.551043 -0.207122
v 7.602567 -21.551119 -4.308465
v 8.370981 -20.010298 -0.207132
v 8.370851 -20.010372 -4.308483
v 8.697829 -18.533630 -0.207150
v 8.697705 -18.533705 -4.308493
v 8.681238 -17.135466 -0.207182
v 8.681116 -17.135593 -4.308496
v 8.285926 -15.744470 -0.207186
v 8.285786 -15.744597 -4.308508
v 7.581050 -14.322865 -0.207218
v 7.580887 -14.323031 -4.308510
v 6.664979 -13.082788 -0.207237
v 6.664792 -13.083029 -4.308510
v 5.706347 -12.155466 -0.207197
v 5.706063 -12.155660 -4.308504
v 5.131868 -11.447213 -0.207212
v 5.131544 -11.447322 -4.308454
v 4.907974 -10.943975 -0.207214
v 4.907628 -10.944033 -4.308475
v 4.704743 -10.323418 -0.207248
v 4.704393 -10.323480 -4.308483
v 4.639117 -9.628695 -0.207268
v 4.638762 -9.628737 -4.308484
v 4.736263 -9.053302 -0.207239
v 4.735916 -9.053300 -4.308512
v 4.889925 -8.497162 -0.207217
v 4.889590 -8.497152 -4.308514
v 5.167824 -7.726635 -0.207170
v 5.167516 -7.726616 -4.308510
v 5.435991 -6.988275 -0.207153
v 5.435764 -6.988175 -4.308485
v 5.481730 -6.479336 -0.207125
v 5.481529 -6.479315 -4.308493
v 5.440346 -5.980377 -0.207163
v 5.440138 -5.980317 -4.308486
v 5.118776 -5.306562 -0.207143
v 5.118587 -5.306582 -4.308514
v 4.685034 -4.753519 -0.207152
v 4.684809 -4.753534 -4.308506
v 3.886250 -4.173719 -0.207143
v 3.886048 -4.173790 -4.308517
v 2.997031 -3.724338 -0.207148
v 2.996436 -3.724315 -4.308231
v 1.529444 -3.482055 -0.207112
v 1.528702 -3.482141 -4.307937
v -0.000151 -3.409423 -0.207248
v -0.003217 -3.409532 -4.310894
v -1.529431 -3.482053 -0.207100
v -1.528426 -3.482108 -4.307784
v -2.997028 -3.724336 -0.207127
v -2.996437 -3.724311 -4.307990
v -3.886246 -4.173715 -0.207128
v -3.886131 -4.173837 -4.308362
v -4.685027 -4.753511 -0.207150
v -4.684807 -4.753530 -4.308414
v -5.118766 -5.306546 -0.207160
v -5.118603 -5.306603 -4.308444
v -5.440340 -5.980353 -0.207212
v -5.440145 -5.980323 -4.308448
v -5.481731 -6.479312 -0.207211
v -5.481533 -6.479339 -4.308487
v -5.435984 -6.988308 -0.207230
v -5.435768 -6.988172 -4.308499
v -5.167809 -7.726671 -0.207186
v -5.167521 -7.726605 -4.308512
v -4.889920 -8.497171 -0.207190
v -4.889594 -8.497145 -4.308500
v -4.736262 -9.053302 -0.207198
v -4.735918 -9.053299 -4.308496
v -4.639119 -9.628676 -0.207236
v -4.638766 -9.628744 -4.308478
v -4.704740 -10.323396 -0.207244
v -4.704399 -10.323483 -4.308493
v -4.907963 -10.943939 -0.207254
v -4.907641 -10.944051 -4.308513
v -5.131870 -11.447208 -0.207275
v -5.131545 -11.447316 -4.308507
v -5.706384 -12.155498 -0.207217
v -5.706048 -12.155632 -4.308521
v -6.665002 -13.082807 -0.207198
v -6.664789 -13.083014 -4.308487
v -7.581055 -14.322858 -0.207163
v -7.580898 -14.323031 -4.308479
v -8.285930 -15.744466 -0.207132
v -8.285796 -15.744596 -4.308484
v -8.681244 -17.135460 -0.207128
v -8.681128 -17.135597 -4.308480
v -8.697837 -18.533615 -0.207108
v -8.697716 -18.533709 -4.308490
v -8.370994 -20.010288 -0.207103
v -8.370858 -20.010376 -4.308492
v -7.602740 -21.551033 -0.207102
v -7.602575 -21.551123 -4.308487
v -6.312079 -23.022335 -0.207097
v -6.311865 -23.022415 -4.308478
v -4.569599 -24.228539 -0.207093
v -4.569296 -24.228615 -4.308447
v -2.541572 -25.034771 -0.207084
v -2.541048 -25.034842 -4.308304
v -0.774751 -25.338013 -0.207068
v -0.774146 -25.338015 -4.308144
v 0.531958 -13.135522 0.160022
v 0.531976 -13.135593 -0.079429
v 0.265987 -13.166282 -0.079429
v 0.265978 -13.166210 0.160022
v -0.265990 -13.166282 -0.079429
v -0.265981 -13.166210 0.160022
v 1.020480 -12.960725 0.160022
v 1.020515 -12.960796 -0.079430
v 0.776245 -13.048195 -0.079430
v 0.776219 -13.048124 0.160022
v 1.451565 -12.686503 0.160022
v 1.451624 -12.686572 -0.079430
v 1.236069 -12.823685 -0.079430
v 1.236022 -12.823615 0.160022
v 1.811220 -12.326855 0.160022
v 1.811310 -12.326921 -0.079430
v 1.631465 -12.506748 -0.079430
v 1.631393 -12.506680 0.160022
v 2.085452 -11.895771 0.160022
v 2.085602 -11.895830 -0.079430
v 1.948450 -12.111377 -0.079430
v 1.948335 -12.111313 0.160022
v 2.260264 -11.407251 0.160021
v 2.260527 -11.407296 -0.079430
v 2.173062 -11.651565 -0.079430
v 2.172857 -11.651512 0.160022
v 2.321650 -10.875287 0.160021
v 2.321978 -10.875280 -0.079430
v 2.291265 -11.141295 -0.079430
v 2.290959 -11.141270 0.160021
v 2.260274 -10.343318 0.160021
v 2.260600 -10.343244 -0.079430
v 2.291300 -10.609263 -0.079430
v 2.290963 -10.609303 0.160021
v 2.085467 -9.854795 0.160022
v 2.085728 -9.854676 -0.079430
v 2.173174 -10.098958 -0.079430
v 2.172872 -10.099055 0.160022
v 1.811233 -9.423711 0.160022
v 1.811404 -9.423585 -0.079430
v 1.948568 -9.639130 -0.079430
v 1.948350 -9.639252 0.160022
v 1.451574 -9.064057 0.160022
v 1.451688 -9.063916 -0.079430
v 1.631542 -9.243752 -0.079430
v 1.631403 -9.243885 0.160022
v 1.020486 -8.789835 0.160022
v 1.020559 -8.789690 -0.079430
v 1.236127 -8.926803 -0.079430
v 1.236031 -8.926946 0.160022
v 0.531963 -8.615036 0.160022
v 0.531997 -8.614879 -0.079429
v 0.776280 -8.702286 -0.079430
v 0.776225 -8.702435 0.160022
v 0.000000 -8.553659 0.160022
v 0.000000 -8.553493 -0.079429
v 0.266000 -8.584181 -0.079429
v 0.265981 -8.584347 0.160022
v -0.531978 -13.135593 -0.079429
v -0.531961 -13.135522 0.160023
v -0.776221 -13.048124 0.160023
v -0.776248 -13.048195 -0.079429
v -1.020517 -12.960796 -0.079429
v -1.020481 -12.960725 0.160023
v -1.236025 -12.823615 0.160023
v -1.236071 -12.823685 -0.079429
v -1.451626 -12.686572 -0.079429
v -1.451568 -12.686503 0.160023
v -1.631395 -12.506679 0.160023
v -1.631468 -12.506746 -0.079429
v -1.811312 -12.326919 -0.079429
v -1.811222 -12.326853 0.160023
v -1.948337 -12.111311 0.160023
v -1.948452 -12.111375 -0.079429
v -2.085604 -11.895828 -0.079428
v -2.085452 -11.895769 0.160023
v -2.172859 -11.651510 0.160023
v -2.173064 -11.651563 -0.079428
v -2.260528 -11.407294 -0.079428
v -2.260266 -11.407249 0.160023
v -2.290959 -11.141268 0.160023
v -2.291266 -11.141294 -0.079428
v -2.321979 -10.875278 -0.079428
v -2.321651 -10.875285 0.160023
v -2.290964 -10.609301 0.160023
v -2.291301 -10.609262 -0.079428
v -2.260601 -10.343242 -0.079428
v -2.260274 -10.343316 0.160023
v -2.172872 -10.099053 0.160023
v -2.173175 -10.098956 -0.079428
v -2.085729 -9.854674 -0.079428
v -2.085468 -9.854793 0.160023
v -1.948351 -9.639250 0.160023
v -1.948568 -9.639128 -0.079429
v -1.811404 -9.423583 -0.079429
v -1.811233 -9.423709 0.160023
v -1.631403 -9.243883 0.160023
v -1.631543 -9.243751 -0.079429
v -1.451689 -9.063916 -0.079429
v -1.451574 -9.064057 0.160023
v -1.236031 -8.926946 0.160023
v -1.236127 -8.926803 -0.079429
v -1.020559 -8.789690 -0.079429
v -1.020486 -8.789835 0.160023
v -0.776224 -8.702435 0.160023
v -0.776280 -8.702286 -0.079429
v -0.531997 -8.614879 -0.079429
v -0.531963 -8.615036 0.160023
v -0.265981 -8.584347 0.160022
v -0.265999 -8.584181 -0.079429
v 0.000001 -3.207933 -4.419391
v 0.000002 -3.212247 -0.096306
v 1.546095 -3.285813 -0.096298
v 1.495988 -3.280387 -4.419264
v -1.495991 -3.280387 -4.419264
v -1.546092 -3.285812 -0.096297
v 0.751783 -25.539524 -4.419264
v 0.795286 -25.533976 -0.096292
v -0.795296 -25.533976 -0.096291
v -0.751794 -25.539526 -4.419263
v 6.438737 -23.173759 -4.419238
v 6.443951 -23.168720 -0.096322
v 4.662941 -24.402052 -0.096318
v 4.653975 -24.407377 -4.419241
v -4.653988 -24.407373 -4.419238
v -4.662950 -24.402048 -0.096314
v -6.443961 -23.168716 -0.096317
v -6.438752 -23.173756 -4.419234
v 8.556052 -20.077911 -4.419239
v 8.557667 -20.073503 -0.096322
v 7.767317 -21.659382 -0.096324
v 7.764284 -21.664095 -4.419238
v -7.764298 -21.664091 -4.419231
v -7.767325 -21.659378 -0.096318
v -8.557675 -20.073500 -0.096316
v -8.556064 -20.077908 -4.419234
v 8.875982 -17.106119 -4.419238
v 8.875641 -17.102081 -0.096328
v 8.894300 -18.550142 -0.096321
v 8.893702 -18.554300 -4.419241
v -8.893713 -18.554296 -4.419236
v -8.894304 -18.550140 -0.096314
v -8.875647 -17.102077 -0.096321
v -8.875991 -17.106115 -4.419230
v 7.747177 -14.216872 -4.419251
v 7.745469 -14.213575 -0.096316
v 8.467601 -15.667309 -0.096317
v 8.468777 -15.671164 -4.419250
v -8.468787 -15.671158 -4.419243
v -8.467606 -15.667303 -0.096310
v -7.745472 -14.213570 -0.096310
v -7.747186 -14.216866 -4.419245
v 5.847609 -12.018044 -4.419301
v 5.846487 -12.016631 -0.096269
v 6.807815 -12.946472 -0.096316
v 6.809752 -12.948988 -4.419253
v -6.809758 -12.948984 -4.419247
v -6.807818 -12.946468 -0.096311
v -5.846491 -12.016627 -0.096265
v -5.847616 -12.018041 -4.419296
v 5.090751 -10.871105 -4.419296
v 5.090750 -10.871107 -0.096272
v 5.297365 -11.340616 -0.096242
v 5.297597 -11.341061 -4.419326
v -5.297602 -11.341058 -4.419322
v -5.297368 -11.340612 -0.096238
v -5.090751 -10.871103 -0.096269
v -5.090755 -10.871101 -4.419292
v 4.835553 -9.636473 -4.419326
v 4.835541 -9.637995 -0.096242
v 4.897051 -10.282511 -0.096250
v 4.896927 -10.281824 -4.419318
v -4.896930 -10.281820 -4.419314
v -4.897052 -10.282507 -0.096246
v -4.835541 -9.637991 -0.096238
v -4.835556 -9.636469 -4.419322
v 5.076739 -8.559007 -4.419292
v 5.076083 -8.561772 -0.096276
v 4.927546 -9.099960 -0.096271
v 4.927884 -9.097796 -4.419298
v -4.927887 -9.097793 -4.419292
v -4.927546 -9.099957 -0.096268
v -5.076082 -8.561769 -0.096272
v -5.076743 -8.559003 -4.419290
v 5.627801 -7.032559 -4.419239
v 5.627183 -7.036498 -0.096329
v 5.351079 -7.799582 -0.096289
v 5.352092 -7.795897 -4.419281
v -5.352097 -7.795894 -4.419277
v -5.351080 -7.799577 -0.096285
v -5.627185 -7.036494 -0.096325
v -5.627804 -7.032557 -4.419233
v 5.629950 -5.927322 -4.419222
v 5.630956 -5.930899 -0.096343
v 5.678774 -6.483633 -0.096316
v 5.678598 -6.479969 -4.419250
v -5.678602 -6.479963 -4.419244
v -5.678773 -6.483629 -0.096312
v -5.630956 -5.930895 -0.096340
v -5.629954 -5.927319 -4.419219
v 4.817659 -4.607481 -4.419236
v 4.821532 -4.611610 -0.096330
v 5.286670 -5.203668 -0.096322
v 5.284462 -5.199849 -4.419243
v -5.284465 -5.199844 -4.419240
v -5.286668 -5.203665 -0.096318
v -4.821529 -4.611607 -0.096325
v -4.817661 -4.607479 -4.419230
v 3.041339 -3.531512 -4.419231
v 3.056288 -3.536560 -0.096333
v 3.988059 -4.005147 -0.096311
v 3.981461 -4.000558 -4.419252
v -3.981462 -4.000555 -4.419250
v -3.988055 -4.005144 -0.096308
v -3.056285 -3.536558 -0.096330
v -3.041339 -3.531509 -4.419230
v 2.576460 -25.230089 -4.419244
v 2.594373 -25.224581 -0.096313
v -2.594384 -25.224581 -0.096311
v -2.576474 -25.230089 -4.419242
v 0.000001 -3.228744 -4.695402
v 1.471728 -3.280041 -4.695305
v -1.471730 -3.280040 -4.695304
v 0.727944 -25.539879 -4.695306
v -0.727955 -25.539879 -4.695304
v 6.417344 -23.174080 -4.695280
v 4.632340 -24.407715 -4.695283
v -4.632354 -24.407711 -4.695280
v -6.417357 -23.174076 -4.695276
v 8.534888 -20.078190 -4.695282
v 7.743029 -21.664396 -4.695280
v -7.743042 -21.664392 -4.695273
v -8.534902 -20.078186 -4.695276
v 8.854942 -17.106377 -4.695279
v 8.872602 -18.554567 -4.695284
v -8.872613 -18.554564 -4.695278
v -8.854954 -17.106373 -4.695271
v 7.726225 -14.217083 -4.695294
v 8.447790 -15.671410 -4.695293
v -8.447801 -15.671404 -4.695286
v -7.726233 -14.217077 -4.695288
v 5.826620 -12.018133 -4.695348
v 6.788813 -12.949147 -4.695296
v -6.788820 -12.949143 -4.695290
v -5.826627 -12.018130 -4.695343
v 5.069689 -10.871105 -4.695344
v 5.276551 -11.341091 -4.695377
v -5.276556 -11.341087 -4.695374
v -5.069694 -10.871101 -4.695340
v 4.814492 -9.636375 -4.695376
v 4.875857 -10.281781 -4.695368
v -4.875862 -10.281777 -4.695364
v -4.814496 -9.636372 -4.695373
v 5.055720 -8.558830 -4.695340
v 4.906844 -9.097658 -4.695344
v -4.906848 -9.097654 -4.695341
v -5.055722 -8.558826 -4.695335
v 5.606779 -7.032310 -4.695281
v 5.331096 -7.795661 -4.695325
v -5.331100 -7.795659 -4.695322
v -5.606781 -7.032305 -4.695275
v 5.608824 -5.927094 -4.695263
v 5.657526 -6.479733 -4.695293
v -5.657528 -6.479730 -4.695289
v -5.608828 -5.927091 -4.695259
v 4.796351 -4.607217 -4.695277
v 5.263260 -5.199604 -4.695285
v -5.263262 -5.199601 -4.695282
v -4.796352 -4.607214 -4.695271
v 3.019323 -3.531190 -4.695272
v 3.959979 -4.000267 -4.695295
v -3.959978 -4.000261 -4.695292
v -3.019323 -3.531187 -4.695271
v 2.554255 -25.230440 -4.695286
v -2.554269 -25.230440 -4.695285
v 0.797159 -25.512579 0.179741
v 2.591974 -25.203468 0.179721
v 4.656692 -24.381784 0.179717
v 6.434404 -23.149796 0.179712
v 7.754993 -21.642143 0.179709
v 8.543171 -20.058041 0.179710
v 8.878151 -18.536400 0.179710
v 8.858174 -17.090023 0.179702
v 8.449039 -15.656969 0.179714
v 7.725873 -14.205372 0.179711
v 6.787411 -12.940630 0.179707
v 5.825655 -12.012992 0.179752
v 5.276336 -11.339168 0.179776
v 5.069689 -10.871109 0.179741
v 4.876156 -10.285145 0.179763
v 4.815218 -9.643627 0.179771
v 4.907715 -9.107254 0.179743
v 5.056700 -8.570286 0.179742
v 5.332479 -7.809816 0.179732
v 5.609281 -7.047906 0.179692
v 5.661376 -6.495722 0.179708
v 5.614161 -5.943750 0.179679
v 5.271297 -5.218156 0.179703
v 4.807598 -4.627445 0.179696
v 3.976584 -4.022820 0.179715
v 3.047859 -3.555738 0.179692
v 1.544333 -3.306628 0.179725
v 0.000002 -3.233582 0.179727
v -2.591984 -25.203468 0.179723
v -0.797169 -25.512579 0.179742
v -6.434413 -23.149792 0.179717
v -4.656702 -24.381781 0.179720
v -8.543180 -20.058037 0.179717
v -7.755003 -21.642139 0.179716
v -8.858180 -17.090019 0.179709
v -8.878158 -18.536396 0.179718
v -7.725877 -14.205366 0.179717
v -8.449045 -15.656963 0.179721
v -5.825659 -12.012987 0.179756
v -6.787414 -12.940626 0.179712
v -5.069689 -10.871105 0.179744
v -5.276338 -11.339164 0.179780
v -4.815218 -9.643623 0.179775
v -4.876158 -10.285141 0.179767
v -5.056699 -8.570282 0.179746
v -4.907715 -9.107250 0.179747
v -5.609281 -7.047902 0.179696
v -5.332479 -7.809813 0.179736
v -5.614161 -5.943746 0.179683
v -5.661376 -6.495718 0.179711
v -4.807596 -4.627442 0.179699
v -5.271296 -5.218153 0.179707
v -3.047856 -3.555736 0.179695
v -3.976580 -4.022817 0.179718
v -1.544328 -3.306628 0.179726
v 0.000001 -3.207721 -4.632257
v 1.493521 -3.280121 -4.632125
v -1.493524 -3.280120 -4.632124
v 0.749642 -25.539797 -4.632124
v -0.749652 -25.539799 -4.632123
v 6.438481 -23.174007 -4.632096
v 4.653533 -24.407640 -4.632099
v -4.653547 -24.407635 -4.632095
v -6.438495 -23.174004 -4.632091
v 8.555973 -20.078127 -4.632098
v 7.764135 -21.664326 -4.632094
v -7.764148 -21.664322 -4.632090
v -8.555985 -20.078123 -4.632091
v 8.875999 -17.106318 -4.632093
v 8.893671 -18.554506 -4.632100
v -8.893682 -18.554502 -4.632092
v -8.876010 -17.106314 -4.632087
v 7.747262 -14.217035 -4.632109
v 8.468835 -15.671352 -4.632108
v -8.468845 -15.671347 -4.632101
v -7.747270 -14.217030 -4.632103
v 5.847665 -12.018113 -4.632164
v 6.809847 -12.949112 -4.632111
v -6.809855 -12.949108 -4.632105
v -5.847672 -12.018109 -4.632159
v 5.090751 -10.871105 -4.632158
v 5.297609 -11.341084 -4.632192
v -5.297615 -11.341080 -4.632188
v -5.090755 -10.871101 -4.632155
v 4.835554 -9.636397 -4.632192
v 4.896920 -10.281792 -4.632183
v -4.896924 -10.281787 -4.632179
v -4.835557 -9.636394 -4.632188
v 5.076772 -8.558870 -4.632154
v 4.927901 -9.097690 -4.632160
v -4.927904 -9.097686 -4.632155
v -5.076775 -8.558867 -4.632152
v 5.627831 -7.032366 -4.632095
v 5.352142 -7.795715 -4.632141
v -5.352146 -7.795712 -4.632136
v -5.627834 -7.032362 -4.632092
v 5.629902 -5.927146 -4.632080
v 5.678590 -6.479787 -4.632109
v -5.678593 -6.479783 -4.632103
v -5.629905 -5.927143 -4.632073
v 4.817469 -4.607277 -4.632092
v 5.284354 -5.199659 -4.632102
v -5.284356 -5.199656 -4.632096
v -4.817470 -4.607275 -4.632088
v 3.040603 -3.531264 -4.632089
v 3.981137 -4.000332 -4.632112
v -3.981137 -4.000329 -4.632108
v -3.040603 -3.531261 -4.632085
v 2.575578 -25.230360 -4.632101
v -2.575592 -25.230360 -4.632100
v 0.797428 -25.533705 0.116567
v 2.595255 -25.224310 0.116545
v 4.663382 -24.401789 0.116540
v 6.444208 -23.168472 0.116535
v 7.767467 -21.659151 0.116533
v 8.557745 -20.073286 0.116535
v 8.894328 -18.549938 0.116536
v 8.875624 -17.101881 0.116529
v 8.467543 -15.667120 0.116542
v 7.745384 -14.213412 0.116542
v 6.807720 -12.946348 0.116542
v 5.846433 -12.016562 0.116594
v 5.297353 -11.340593 0.116623
v 5.090750 -10.871107 0.116591
v 4.897057 -10.282544 0.116615
v 4.835540 -9.638070 0.116623
v 4.927529 -9.100066 0.116591
v 5.076050 -8.561909 0.116586
v 5.351030 -7.799763 0.116572
v 5.627153 -7.036691 0.116529
v 5.678782 -6.483812 0.116542
v 5.631005 -5.931075 0.116512
v 5.286778 -5.203856 0.116536
v 4.821722 -4.611813 0.116527
v 3.988383 -4.005373 0.116547
v 3.057025 -3.536809 0.116524
v 1.548563 -3.286080 0.116562
v 0.000002 -3.212458 0.116560
v -2.595266 -25.224310 0.116547
v -0.797438 -25.533705 0.116568
v -6.444217 -23.168468 0.116540
v -4.663391 -24.401785 0.116544
v -8.557755 -20.073282 0.116541
v -7.767476 -21.659147 0.116539
v -8.875630 -17.101877 0.116536
v -8.894335 -18.549934 0.116543
v -7.745389 -14.213407 0.116548
v -8.467547 -15.667114 0.116548
v -5.846436 -12.016558 0.116598
v -6.807723 -12.946344 0.116547
v -5.090751 -10.871103 0.116594
v -5.297356 -11.340590 0.116627
v -4.835540 -9.638066 0.116627
v -4.897058 -10.282541 0.116619
v -5.076050 -8.561904 0.116590
v -4.927529 -9.100062 0.116595
v -5.627154 -7.036687 0.116532
v -5.351031 -7.799759 0.116576
v -5.631005 -5.931071 0.116517
v -5.678782 -6.483809 0.116546
v -4.821719 -4.611810 0.116531
v -5.286777 -5.203853 0.116540
v -3.057021 -3.536807 0.116527
v -3.988380 -4.005370 0.116550
v -1.548558 -3.286079 0.116563
v -0.000006 -25.387859 -0.005137
v 0.774771 -25.338013 -0.005137
v 2.541586 -25.034765 -0.005148
v 4.569602 -24.228542 -0.005155
v 6.312078 -23.022337 -0.005163
v 7.602735 -21.551037 -0.005174
v 8.370989 -20.010294 -0.005185
v 8.697835 -18.533627 -0.005203
v 8.681244 -17.135460 -0.005236
v 8.285932 -15.744462 -0.005240
v 7.581058 -14.322854 -0.005273
v 6.664988 -13.082776 -0.005293
v 5.706362 -12.155456 -0.005251
v 5.131883 -11.447206 -0.005269
v 4.907991 -10.943972 -0.005271
v 4.704760 -10.323415 -0.005306
v 4.639135 -9.628694 -0.005327
v 4.736280 -9.053302 -0.005295
v 4.889941 -8.497163 -0.005271
v 5.167839 -7.726636 -0.005223
v 5.436002 -6.988280 -0.005206
v 5.481740 -6.479338 -0.005176
v 5.440356 -5.980380 -0.005216
v 5.118786 -5.306562 -0.005194
v 4.685045 -4.753519 -0.005204
v 3.886260 -4.173714 -0.005194
v 2.997060 -3.724338 -0.005213
v 1.529481 -3.482051 -0.005191
v 0.000000 -3.409417 -0.005188
v -1.529481 -3.482050 -0.005186
v -2.997058 -3.724336 -0.005204
v -3.886252 -4.173708 -0.005186
v -4.685037 -4.753511 -0.005207
v -5.118773 -5.306543 -0.005216
v -5.440350 -5.980355 -0.005270
v -5.481740 -6.479311 -0.005268
v -5.435995 -6.988316 -0.005286
v -5.167823 -7.726673 -0.005240
v -4.889936 -8.497172 -0.005245
v -4.736279 -9.053302 -0.005253
v -4.639135 -9.628674 -0.005294
v -4.704757 -10.323392 -0.005301
v -4.907979 -10.943933 -0.005311
v -5.131886 -11.447203 -0.005334
v -5.706401 -12.155492 -0.005271
v -6.665013 -13.082796 -0.005254
v -7.581062 -14.322849 -0.005216
v -8.285937 -15.744458 -0.005184
v -8.681251 -17.135454 -0.005181
v -8.697843 -18.533611 -0.005159
v -8.371000 -20.010283 -0.005154
v -7.602747 -21.551029 -0.005152
v -6.312090 -23.022329 -0.005148
v -4.569614 -24.228537 -0.005145
v -2.541598 -25.034765 -0.005142
v -0.774781 -25.338013 -0.005134
v -1.198658 -3.261923 -2.257329
v -1.198657 -3.261923 -1.765480
v -1.197801 -2.984563 -1.759348
v -1.198658 -3.080145 -2.257329
v -1.137972 -2.645497 -1.759348
v -1.139685 -2.840283 -2.257328
v -1.139685 -2.966002 -2.810658
v -1.198658 -3.149230 -2.810658
v -1.198658 -3.261923 -2.749178
v 1.101268 -2.840284 -2.257330
v 1.099555 -2.645498 -1.759349
v 1.159384 -2.984564 -1.759349
v 1.160241 -3.080146 -2.257330
v 1.160241 -3.261924 -1.765481
v 1.160240 -3.261924 -2.257330
v 1.160240 -3.261924 -2.749179
v 1.160240 -3.149230 -2.810659
v 1.101267 -2.966002 -2.810660
v 0.216681 -1.883037 -4.716573
v 0.216681 -2.609264 -4.716573
v -0.255099 -2.609264 -4.716573
v -0.255099 -1.883037 -4.716573
v 0.216680 -3.273101 -4.716573
v -0.255099 -3.273101 -4.716573
v 0.216339 -1.136194 -1.759349
v 0.216682 -1.431321 -2.257329
v -0.255098 -1.431321 -2.257329
v -0.254755 -1.136194 -1.759349
v 0.216682 -1.674456 -2.810658
v -0.255098 -1.674456 -2.810658
v -1.198657 -3.261923 0.181817
v -1.184970 -1.529221 0.182293
v -1.185383 -1.645445 -0.341828
v -1.198657 -3.261923 -0.362964
v -1.170205 0.230636 0.194014
v -1.098799 1.488566 -0.344659
v -1.198657 -3.261923 -1.224578
v -1.192235 -2.806235 -1.238003
v -1.128381 -2.290936 -1.237666
v -1.177558 -3.099663 -4.716572
v -1.198659 -3.243185 -4.716571
v -1.198658 -3.190394 -3.732874
v -1.139686 -3.042999 -3.732874
v -1.198659 -3.324314 -4.716571
v -1.198658 -3.261923 -3.732874
v 1.131791 0.230635 0.194013
v 1.146556 -1.529222 0.182292
v 1.146968 -1.645446 -0.341829
v 1.060385 1.488566 -0.344660
v 1.160241 -3.261924 0.181816
v 1.160241 -3.261924 -0.362965
v 1.089965 -2.290936 -1.237667
v 1.153818 -2.806236 -1.238004
v 1.160241 -3.261924 -1.224579
v 1.160239 -3.324315 -4.716573
v 1.160239 -3.243186 -4.716573
v 1.160239 -3.190395 -3.732875
v 1.160239 -3.261924 -3.732875
v 1.139139 -3.099664 -4.716573
v 1.101267 -3.043000 -3.732875
v -0.015954 22.489403 -2.575437
v -0.876904 23.153038 -2.799006
v -0.877013 23.335588 -2.258565
v 0.204267 2.214982 -0.768128
v 0.212572 -0.306786 -0.993579
v -0.250986 -0.306786 -0.993578
v -0.242680 2.214982 -0.768127
v 0.214113 -0.662379 -1.264516
v -0.252528 -0.662379 -1.264516
v -0.255099 -1.875772 -3.732875
v 0.216681 -1.875773 -3.732875
v -1.133342 16.719042 0.181816
v -0.886972 16.719042 -0.113431
v 0.848569 16.719042 -0.113431
v 1.094939 16.719042 0.181815
v -0.192756 16.719042 -0.604775
v 0.154353 16.719042 -0.604775
v 0.688460 -2.945245 -4.716573
v 0.749387 -2.531644 -4.716573
v 0.688459 -3.296456 -4.716573
v -0.726879 -2.945245 -4.716572
v -0.726880 -3.296455 -4.716571
v -0.787806 -2.531644 -4.716572
v 0.688461 -2.138579 -2.257329
v 0.687434 -1.834199 -1.759349
v 0.688460 -2.324190 -2.810659
v -0.726878 -2.138578 -2.257329
v -0.726878 -2.324190 -2.810658
v -0.725850 -1.834198 -1.759349
v 1.140177 -3.260740 0.201914
v 1.126450 -1.524270 0.201914
v 1.112740 0.212184 0.201914
v -1.151153 0.212185 0.201915
v -1.164864 -1.524269 0.201915
v -1.178593 -3.260739 0.201915
v 1.294354 22.671103 -2.033355
v 1.294101 22.487560 -2.575485
v 0.696012 22.400091 -2.547268
v 0.696025 22.585026 -2.000262
v -1.472728 22.902334 -2.109601
v -1.277175 23.021629 -2.752899
v 1.083028 -1.581342 -0.805970
v 0.676130 -0.765743 -0.918719
v 0.651214 2.154014 -0.628719
v 0.680754 -1.317483 -1.254915
v -0.719170 -1.317482 -1.254914
v -0.726878 -2.458825 -3.732875
v 0.688460 -2.458826 -3.732875
v -1.198657 -3.261923 -0.793771
v -0.539864 16.719042 -0.456810
v -0.689627 2.154014 -0.628718
v 0.501461 16.719042 -0.456811
v -1.188381 -2.419270 -0.791078
v -1.121444 -1.581341 -0.805969
v 1.149965 -2.419271 -0.791079
v 1.160241 -3.261924 -0.793772
v -0.714545 -0.765742 -0.918719
v 0.158855 16.932293 -0.045414
v -0.197259 16.932283 -0.045443
v 0.514971 16.932304 -0.045385
v 0.850987 16.932316 -0.045358
v 0.967263 16.996113 -0.566240
v 0.982969 16.934839 -0.065296
v 0.166980 17.025803 -0.721494
v 0.538985 17.014753 -0.700287
v -0.205128 17.026125 -0.720546
v -0.577340 17.015722 -0.697443
v -1.005933 16.997362 -0.562456
v -1.021360 16.934856 -0.065433
v -0.553374 16.932274 -0.045473
v -0.889391 16.932262 -0.045501
v 0.375714 18.689516 -0.649796
v 0.284763 19.950008 -1.083353
v -0.323691 19.949987 -1.083402
v -0.414117 18.689493 -0.649860
v 1.165545 18.689539 -0.649730
v 0.893217 19.950026 -1.083302
v 1.945324 18.688276 -0.659632
v 1.491620 19.948288 -1.093150
v 1.945114 18.611267 -1.259277
v 1.491373 19.844681 -1.678398
v 1.165589 18.629135 -1.273264
v 0.893219 19.857300 -1.691270
v 0.375875 18.637936 -1.273726
v 0.284880 19.863939 -1.691577
v -0.413949 18.638714 -1.271449
v -0.323569 19.864538 -1.689822
v -1.203884 18.631466 -1.266432
v -0.932126 19.859095 -1.686007
v -1.545417 19.847635 -1.669635
v -1.545196 19.948221 -1.093402
v -1.983913 18.615091 -1.247941
v -1.203948 18.689468 -0.649925
v -0.932144 19.949972 -1.083453
v -1.983733 18.688204 -0.659961
v 0.259948 21.210497 -1.516904
v 0.121049 21.948254 -1.770669
v -0.588933 22.279245 -1.884579
v -0.298350 21.210482 -1.516950
v -0.265746 17.810890 -0.347648
v 0.227343 17.810905 -0.347607
v 0.818248 21.210516 -1.516858
v 0.756717 21.904116 -1.755429
v 0.720434 17.810919 -0.347567
v 1.203471 17.810125 -0.357544
v 1.331491 21.788666 -2.340794
v 1.331767 21.946793 -1.780665
v 1.366493 21.208288 -1.526610
v 1.203272 17.761503 -0.967179
v 0.818208 21.085270 -2.109843
v 0.756668 21.745810 -2.334931
v 1.366212 21.077723 -2.098474
v 0.720478 17.783928 -0.983564
v 0.260020 21.089876 -2.109617
v 0.121110 21.792706 -2.348880
v 0.227505 17.794420 -0.985556
v -0.298273 21.090425 -2.108008
v -0.588880 22.124723 -2.459831
v -0.265581 17.794907 -0.984134
v -0.856674 21.086916 -2.105013
v -1.067939 22.057322 -2.435303
v -0.758779 17.785381 -0.979299
v -1.455818 22.060205 -1.819931
v -1.456107 21.904999 -2.371499
v -1.437606 21.080460 -2.090381
v -1.242083 17.763878 -0.960125
v -1.241881 17.810085 -0.357748
v -0.856650 21.210468 -1.516996
v -1.067894 22.213499 -1.862010
v -1.437347 21.208225 -1.526844
v -0.758837 17.810877 -0.347688
v -0.016088 22.673437 -2.030737
v -1.472962 22.719652 -2.649275
v -1.277176 23.203989 -2.213339
v -0.277864 -8.498006 0.425789
v 0.239447 -8.498006 0.425788
v 0.200349 16.660065 0.425787
v -0.238440 16.660065 0.425787
v 0.756761 -8.619541 0.425787
v 1.214444 -8.853168 0.425788
v 1.003437 16.660065 0.425786
v 0.639136 16.660070 0.425786
v -0.677228 16.660070 0.425788
v -1.041528 16.660065 0.425788
v -1.252862 -8.853168 0.425789
v -0.795178 -8.619541 0.425790
v -0.278064 -8.556977 0.210790
v 0.239645 -8.556977 0.210788
v 0.239646 -8.556977 0.366815
v -0.278064 -8.556977 0.366817
v 0.757355 -8.678511 0.210788
v 0.757355 -8.678511 0.366815
v 1.275064 -8.951864 0.210788
v 1.275064 -8.951864 0.366816
v 1.076673 16.719040 0.210786
v 1.076673 16.719040 0.366814
v 0.638386 16.719040 0.210787
v 0.638386 16.719040 0.366814
v 0.200098 16.719040 0.210787
v 0.200098 16.719040 0.366815
v -0.238189 16.719040 0.210787
v -0.238189 16.719040 0.366815
v -0.676478 16.719040 0.210788
v -0.676478 16.719040 0.366816
v -1.114765 16.719040 0.210788
v -1.114765 16.719040 0.366816
v -1.313482 -8.951864 0.210789
v -1.313482 -8.951864 0.366817
v -0.795773 -8.678511 0.210790
v -0.795773 -8.678511 0.366818
v 1.004247 16.697607 0.403175
v 1.004247 16.799026 0.403175
v 1.004247 16.957764 -0.003218
v -1.037328 16.957764 -0.003217
v -1.037328 16.799026 0.403176
v -1.037328 16.724091 0.006616
v 1.004247 16.724091 0.006615
v -1.037328 16.697607 0.403176
v 1.019592 14.701942 0.432854
v 1.004442 14.723299 0.469849
v -1.044174 14.723299 0.469850
v -1.059322 14.701942 0.432855
v 1.004442 14.766017 0.469849
v -1.044174 14.766017 0.469850
v 1.019592 14.787379 0.432854
v -1.059322 14.787379 0.432855
v 1.033826 12.876563 0.432854
v 1.018470 12.897923 0.469849
v -1.058202 12.897923 0.469850
v -1.073558 12.876563 0.432855
v 1.018470 12.940640 0.469849
v -1.058202 12.940640 0.469850
v 1.033826 12.962000 0.432854
v -1.073557 12.962000 0.432855
v 1.048126 11.154338 0.432854
v 1.032561 11.175697 0.469849
v -1.072295 11.175697 0.469850
v -1.087859 11.154338 0.432855
v 1.032561 11.218415 0.469849
v -1.072295 11.218415 0.469850
v 1.048126 11.239775 0.432854
v -1.087859 11.239775 0.432855
v 1.063079 9.439794 0.432854
v 1.047297 9.461153 0.469849
v -1.087031 9.461153 0.469850
v -1.102813 9.439794 0.432855
v 1.047297 9.503872 0.469849
v -1.087031 9.503872 0.469850
v 1.063079 9.525231 0.432854
v -1.102813 9.525231 0.432855
v 1.073709 7.899101 0.432854
v 1.057771 7.920460 0.469849
v -1.097507 7.920461 0.469850
v -1.113444 7.899102 0.432855
v 1.057771 7.963178 0.469849
v -1.097507 7.963179 0.469850
v 1.073709 7.984538 0.432854
v -1.113444 7.984539 0.432855
v 1.086802 6.442052 0.432855
v 1.070674 6.463412 0.469850
v -1.110411 6.463413 0.469851
v -1.126539 6.442053 0.432856
v 1.070674 6.506130 0.469850
v -1.110411 6.506131 0.469851
v 1.086802 6.527490 0.432855
v -1.126539 6.527491 0.432855
v 1.096246 5.067171 0.432855
v 1.079979 5.088530 0.469850
v -1.119717 5.088531 0.469851
v -1.135983 5.067172 0.432856
v 1.079979 5.131251 0.469850
v -1.119717 5.131252 0.469851
v 1.096246 5.152608 0.432855
v -1.135983 5.152609 0.432856
v 1.109140 3.784411 0.432855
v 1.092686 3.805770 0.469850
v -1.132425 3.805771 0.469851
v -1.148879 3.784411 0.432856
v 1.092686 3.848489 0.469850
v -1.132425 3.848489 0.469851
v 1.109140 3.869848 0.432855
v -1.148879 3.869848 0.432856
v 1.118601 2.538076 0.432855
v 1.102009 2.559435 0.469850
v -1.141750 2.559436 0.469851
v -1.158341 2.538077 0.432856
v 1.102009 2.602154 0.469850
v -1.141750 2.602154 0.469851
v 1.118601 2.623513 0.432855
v -1.158341 2.623514 0.432856
v 1.129902 1.367444 0.432855
v 1.113145 1.388803 0.469850
v -1.152886 1.388804 0.469851
v -1.169643 1.367445 0.432856
v 1.113145 1.431524 0.469850
v -1.152886 1.431525 0.469851
v 1.129902 1.452883 0.432855
v -1.169643 1.452884 0.432856
v 1.138758 0.261075 0.432855
v 1.121872 0.282434 0.469850
v -1.161613 0.282435 0.469851
v -1.178499 0.261076 0.432856
v 1.121872 0.325155 0.469850
v -1.161613 0.325156 0.469851
v 1.138758 0.346515 0.432855
v -1.178499 0.346515 0.432856
v 1.151709 -1.714046 0.432855
v 1.134635 -1.692687 0.469850
v -1.174378 -1.692686 0.469851
v -1.191452 -1.714045 0.432856
v 1.134635 -1.649968 0.469850
v -1.174378 -1.649968 0.469851
v 1.151709 -1.628608 0.432855
v -1.191452 -1.628607 0.432856
v 1.147088 -0.736487 0.432855
v 1.130080 -0.715127 0.469850
v -1.169822 -0.715127 0.469851
v -1.186829 -0.736486 0.432856
v 1.130080 -0.672409 0.469850
v -1.169822 -0.672408 0.469851
v 1.147088 -0.651048 0.432855
v -1.186829 -0.651048 0.432856
v 1.163309 -2.634392 0.432855
v 1.146065 -2.613033 0.469850
v -1.185808 -2.613032 0.469851
v -1.203051 -2.634391 0.432856
v 1.146065 -2.570313 0.469850
v -1.185808 -2.570312 0.469851
v 1.163309 -2.548954 0.432855
v -1.203051 -2.548953 0.432856
v 1.167149 -3.500026 0.432855
v 1.149850 -3.478666 0.469850
v -1.189594 -3.478665 0.469851
v -1.206894 -3.500026 0.432856
v 1.149850 -3.435947 0.469850
v -1.189594 -3.435946 0.469851
v 1.167149 -3.414588 0.432855
v -1.206894 -3.414587 0.432856
v 1.174609 -4.329741 0.432855
v 1.157200 -4.308381 0.469850
v -1.196945 -4.308380 0.469851
v -1.214353 -4.329741 0.432856
v 1.157200 -4.265663 0.469850
v -1.196945 -4.265662 0.469851
v 1.174609 -4.244303 0.432855
v -1.214353 -4.244302 0.432856
v 1.182855 -5.127096 0.432855
v 1.165326 -5.105737 0.469850
v -1.205071 -5.105736 0.469851
v -1.222599 -5.127095 0.432856
v 1.165326 -5.063019 0.469850
v -1.205071 -5.063018 0.469851
v 1.182855 -5.041659 0.432855
v -1.222599 -5.041658 0.432856
v 1.189245 -5.858377 0.432855
v 1.171622 -5.837017 0.469850
v -1.211368 -5.837016 0.469851
v -1.228989 -5.858376 0.432856
v 1.171622 -5.794298 0.469850
v -1.211368 -5.794297 0.469851
v 1.189245 -5.772938 0.432855
v -1.228989 -5.772937 0.432856
v 1.195086 -6.562454 0.432856
v 1.177379 -6.541094 0.469851
v -1.217126 -6.541093 0.469851
v -1.234832 -6.562453 0.432857
v 1.177379 -6.498376 0.469850
v -1.217126 -6.498375 0.469851
v 1.195086 -6.477014 0.432855
v -1.234832 -6.477013 0.432856
v 1.202843 -7.182502 0.432856
v 1.185024 -7.161143 0.469851
v -1.224770 -7.161142 0.469852
v -1.242589 -7.182501 0.432857
v 1.185024 -7.118422 0.469851
v -1.224770 -7.118421 0.469852
v 1.202843 -7.097063 0.432856
v -1.242589 -7.097062 0.432857
v 1.205038 -7.814615 0.432856
v 1.187186 -7.793253 0.469851
v -1.226932 -7.793252 0.469852
v -1.244783 -7.814614 0.432857
v 1.187186 -7.750535 0.469851
v -1.226932 -7.750534 0.469852
v 1.205038 -7.729175 0.432856
v -1.244783 -7.729174 0.432857
v 1.210325 -8.387475 0.432856
v 1.192397 -8.366116 0.469851
v -1.232142 -8.366116 0.469852
v -1.250071 -8.387475 0.432857
v 1.192397 -8.323397 0.469851
v -1.232142 -8.323397 0.469852
v 1.210325 -8.302037 0.432856
v -1.250071 -8.302037 0.432857
v -4.286947 -17.890043 0.202776
v -4.286947 -18.518709 0.202776
v -4.286947 -18.518709 0.251160
v -4.286947 -17.890043 0.251160
v 1.743326 -18.577845 0.283544
v -1.730333 -18.577845 0.283545
v -1.730333 -18.798733 0.252649
v 1.743325 -18.798733 0.252648
v 4.299939 -19.102028 0.202774
v 4.299939 -18.664543 0.202774
v 4.299939 -18.664543 0.237574
v 4.299939 -19.102028 0.237574
v 1.755096 -17.890045 0.202775
v -1.742079 -17.890045 0.202776
v -1.742079 -17.890045 0.283545
v 1.755096 -17.890045 0.283544
v 1.743325 -19.243816 0.237575
v -1.730334 -19.243816 0.237576
v -1.730334 -19.243816 0.202776
v 1.743325 -19.243816 0.202775
v -4.286947 -18.664539 0.202776
v -4.286947 -18.664539 0.237576
v 4.299939 -18.518713 0.202774
v 4.299939 -17.890047 0.202774
v 4.299939 -17.890047 0.251157
v 4.299939 -18.518713 0.251157
v -2.158902 -18.518711 0.251159
v -2.158902 -18.664541 0.237576
v 2.171894 -19.102026 0.237575
v 2.171894 -18.664541 0.237575
v -2.158902 -17.890045 0.202776
v -2.158902 -17.890045 0.251159
v 2.171894 -17.890045 0.251158
v 2.171894 -17.890045 0.202775
v -2.158902 -19.102026 0.237576
v -4.286947 -19.102024 0.237576
v -4.286947 -19.102024 0.202776
v -2.158902 -19.102026 0.202776
v 2.171894 -19.102026 0.202775
v 2.171894 -18.518711 0.251158
v 1.755562 -18.017452 0.284910
v 1.958151 -18.017452 0.270838
v -1.742631 -18.017452 0.284911
v -1.945159 -18.017452 0.270839
v -1.945159 -18.188576 0.270839
v -1.742145 -18.189320 0.284948
v 1.755151 -18.189320 0.284947
v 1.958151 -18.188576 0.270838
v 1.755562 -18.017662 0.242434
v 1.958151 -18.017662 0.228362
v -1.945159 -18.017662 0.228364
v -1.742145 -18.189528 0.242472
v 1.755151 -18.189528 0.242471
v 1.958151 -18.188784 0.228362
v 1.755540 -18.024527 0.321172
v -1.936324 -18.024527 0.307713
v -1.936324 -18.168179 0.307713
v 1.949316 -18.024527 0.307712
v -1.742631 -18.017662 0.242435
v -1.742604 -18.024527 0.321173
v -1.945159 -18.188784 0.228364
v -1.742171 -18.168888 0.321205
v 1.755173 -18.168888 0.321204
v 1.949315 -18.168179 0.307712
v -0.902440 18.159649 -1.413154
v -0.632619 18.014885 -1.356697
v -0.903205 18.237320 -0.210643
v -0.909743 18.548746 -0.312880
v -0.646451 18.715416 -0.358660
v -0.908973 18.471079 -1.515390
v -0.916271 18.860186 -0.415118
v -1.179572 18.693510 -0.369336
v -1.172270 18.304403 -1.469610
v -1.173034 18.382080 -0.267099
v -0.895911 17.848204 -1.310914
v -0.639920 18.403984 -0.256423
v -1.165733 17.992977 -1.367372
v -0.639155 18.326307 -1.458933
v -0.742413 19.495586 -1.900665
v -0.456627 19.381218 -1.853835
v -0.710945 19.572947 -0.698546
v -0.754948 19.881773 -0.799412
v -0.513160 20.076231 -0.853449
v -0.786411 19.804415 -2.001532
v -0.798945 20.190611 -0.900282
v -1.040744 19.996143 -0.846242
v -1.028203 19.609951 -1.947494
v -0.996739 19.687317 -0.745376
v -0.698415 19.186749 -1.799796
v -0.469162 19.767401 -0.752582
v -0.984202 19.301126 -1.846627
v -0.500623 19.690037 -1.954700
v -0.598415 20.916798 -2.386194
v -0.312600 20.803102 -2.337931
v -0.568848 21.004723 -1.184753
v -0.612971 21.312613 -1.288390
v -0.371272 21.506809 -1.343763
v -0.642535 21.224689 -2.489831
v -0.657090 21.620516 -1.392028
v -0.898797 21.426310 -1.336653
v -0.884238 21.030489 -2.434457
v -0.854672 21.118418 -1.233016
v -0.554297 20.608900 -2.282555
v -0.327156 21.198914 -1.240126
v -0.840115 20.722601 -2.330819
v -0.356719 21.110987 -2.441566
v 0.865891 18.157900 -1.401617
v 0.580586 18.044191 -1.350845
v 0.874292 18.250370 -0.200214
v 0.917407 18.557539 -0.306379
v 0.675209 18.751003 -0.361771
v 0.909002 18.465071 -1.507781
v 0.960518 18.864723 -0.412545
v 1.202719 18.671249 -0.357150
v 1.151201 18.271601 -1.452387
v 1.159602 18.364077 -0.250985
v 0.822779 17.850716 -1.295449
v 0.632101 18.443829 -0.255607
v 1.108088 17.964434 -1.346222
v 0.623697 18.351357 -1.457008
v 0.729156 19.493843 -1.891083
v 0.443528 19.379652 -1.843296
v 0.727008 19.581059 -0.689260
v 0.770753 19.888731 -0.793701
v 0.528863 20.082214 -0.850356
v 0.772898 19.801516 -1.995525
v 0.814494 20.196417 -0.898146
v 1.056390 20.002920 -0.841488
v 1.014790 19.608027 -1.938869
v 1.012641 19.695251 -0.737046
v 0.685414 19.186161 -1.786638
v 0.485124 19.774538 -0.745915
v 0.971044 19.300356 -1.834426
v 0.487270 19.687319 -1.947736
v 0.566785 20.920784 -2.380152
v 0.281522 20.806723 -2.329950
v 0.576120 21.004892 -1.178142
v 0.619153 21.312796 -1.282200
v 0.376911 21.506636 -1.336056
v 0.609811 21.228687 -2.484210
v 0.662177 21.620708 -1.386260
v 0.904425 21.426857 -1.332401
v 0.852054 21.034843 -2.430353
v 0.861392 21.118956 -1.228343
v 0.523760 20.612873 -2.276090
v 0.333886 21.198730 -1.231998
v 0.809025 20.726944 -2.326293
v 0.324545 21.114618 -2.434007
v -0.884042 16.594034 0.557090
v -0.910145 16.594011 0.614814
v -0.936249 16.594034 0.557059
v -0.573189 18.521784 -0.601307
v -0.612509 18.619808 -0.610224
v -0.585865 18.573605 -0.547222
v -0.962352 16.594011 0.614784
v -0.625182 18.671646 -0.556139
v -0.988456 16.594034 0.557028
v -0.651827 18.717829 -0.619139
v -0.962352 16.594067 0.499302
v -0.639155 18.665993 -0.673224
v -0.910145 16.594065 0.499334
v -0.599836 18.567974 -0.664308
v -0.510647 16.591379 0.518300
v -0.536750 16.591354 0.576025
v -0.562854 16.591379 0.518269
v -0.421889 19.879593 -0.968089
v -0.461209 19.977615 -0.977006
v -0.434565 19.931412 -0.914005
v -0.588957 16.591356 0.575994
v -0.473882 20.029451 -0.922920
v -0.615061 16.591379 0.518238
v -0.500527 20.075634 -0.985922
v -0.588957 16.591410 0.460512
v -0.487856 20.023802 -1.040007
v -0.536750 16.591410 0.460544
v -0.448536 19.925781 -1.031090
v -0.155319 16.594538 0.518342
v -0.181422 16.594515 0.576066
v -0.207526 16.594540 0.518310
v -0.283316 21.281471 -1.432451
v -0.322635 21.379494 -1.441367
v -0.295991 21.333292 -1.378366
v -0.233629 16.594517 0.576035
v -0.335309 21.431330 -1.387282
v -0.259733 16.594540 0.518280
v -0.361953 21.477512 -1.450283
v -0.233629 16.594570 0.460554
v -0.349282 21.425676 -1.504368
v -0.181422 16.594570 0.460586
v -0.309962 21.327658 -1.495452
v 0.259005 16.597984 0.518387
v 0.232902 16.597961 0.576111
v 0.206798 16.597984 0.518356
v 0.392999 21.492815 -1.438120
v 0.350217 21.396252 -1.447036
v 0.364722 21.447577 -1.384035
v 0.180695 16.597961 0.576080
v 0.321927 21.351004 -1.392951
v 0.154591 16.597986 0.518325
v 0.307436 21.299690 -1.455952
v 0.180695 16.598015 0.460599
v 0.335725 21.344938 -1.510037
v 0.232902 16.598015 0.460631
v 0.378504 21.441496 -1.501121
v 0.618231 16.598286 0.518391
v 0.592128 16.598265 0.576115
v 0.566024 16.598286 0.518359
v 0.548516 20.084034 -0.941454
v 0.503533 19.988476 -0.950372
v 0.519210 20.039455 -0.887370
v 0.539921 16.598265 0.576084
v 0.474213 19.943888 -0.896286
v 0.513817 16.598288 0.518329
v 0.458551 19.892923 -0.959287
v 0.539921 16.598316 0.460603
v 0.487869 19.937510 -1.013372
v 0.592128 16.598316 0.460635
v 0.532849 20.033062 -1.004456
v 0.946711 16.593674 0.518330
v 0.920608 16.593655 0.576054
v 0.894504 16.593676 0.518299
v 0.648100 18.747131 -0.488959
v 0.610297 18.648514 -0.497875
v 0.622167 18.700510 -0.434875
v 0.868401 16.593655 0.576023
v 0.584350 18.601883 -0.443790
v 0.842297 16.593676 0.518268
v 0.572494 18.549898 -0.506792
v 0.868401 16.593706 0.460542
v 0.598439 18.596529 -0.560876
v 0.920608 16.593706 0.460574
v 0.636240 18.695143 -0.551960
v 1.499695 -19.006727 0.232086
v 1.473294 -19.024426 0.286722
v 1.446892 -19.006727 0.232086
v 1.499695 -18.099468 0.493967
v 1.473294 -18.989017 0.177450
v 1.420491 -18.989017 0.177450
v 1.420491 -18.099352 0.436536
v 1.473294 -18.099352 0.436536
v 1.446892 -18.099468 0.493967
v 1.473294 -18.099585 0.551399
v 1.420491 -18.099585 0.551400
v 1.394089 -18.099468 0.493967
v 1.394089 -19.006727 0.232086
v 1.420491 -19.024426 0.286722
v -0.843916 -19.006720 0.232067
v -0.883518 -19.033094 0.314123
v -0.923121 -19.006720 0.232067
v -0.843916 -18.099472 0.493990
v -0.883519 -18.980341 0.150014
v -0.962723 -18.980341 0.150014
v -0.962723 -18.099495 0.407798
v -0.883518 -18.099495 0.407798
v -0.923120 -18.099472 0.493990
v -0.883518 -18.099438 0.580176
v -0.962723 -18.099438 0.580176
v -1.002325 -18.099472 0.493990
v -1.002325 -19.006720 0.232067
v -0.962723 -19.033094 0.314123
v -0.262889 -19.006720 0.232067
v -0.302491 -19.033094 0.314122
v -0.342094 -19.006720 0.232067
v -0.262889 -18.099472 0.493990
v -0.302492 -18.980341 0.150014
v -0.381696 -18.980341 0.150014
v -0.381696 -18.099495 0.407799
v -0.302491 -18.099495 0.407799
v -0.342094 -18.099472 0.493990
v -0.302491 -18.099438 0.580176
v -0.381696 -18.099438 0.580176
v -0.421298 -18.099472 0.493990
v -0.421298 -19.006720 0.232067
v -0.381696 -19.033094 0.314122
v 0.313088 -19.006727 0.232087
v 0.286686 -18.989019 0.177451
v 0.286686 -19.024426 0.286723
v 0.260285 -19.006727 0.232087
v 0.313088 -18.099468 0.493968
v 0.286686 -18.099352 0.436536
v 0.260285 -18.099468 0.493968
v 0.286686 -18.099586 0.551401
v 0.233883 -18.099586 0.551401
v 0.233883 -19.024426 0.286723
v 0.207483 -19.006727 0.232087
v 0.207484 -18.099468 0.493968
v 0.233883 -18.099352 0.436536
v 0.233883 -18.989019 0.177451
v 0.891824 -19.006727 0.232087
v 0.865423 -19.024426 0.286723
v 0.839021 -19.006727 0.232087
v 0.891824 -18.099468 0.493968
v 0.865423 -18.989019 0.177451
v 0.812620 -18.989019 0.177451
v 0.812620 -18.099352 0.436536
v 0.865423 -18.099352 0.436536
v 0.839021 -18.099468 0.493968
v 0.865423 -18.099586 0.551400
v 0.812620 -18.099586 0.551400
v 0.786220 -18.099468 0.493968
v 0.786220 -19.006727 0.232087
v 0.812620 -19.024426 0.286723
v -1.467287 -19.006720 0.232068
v -1.506889 -19.033094 0.314123
v -1.546491 -19.006720 0.232068
v -1.467286 -18.099472 0.493990
v -1.506889 -18.980341 0.150014
v -1.586093 -18.980341 0.150014
v -1.586093 -18.099495 0.407798
v -1.506889 -18.099495 0.407798
v -1.546491 -18.099472 0.493990
v -1.506889 -18.099440 0.580177
v -1.586093 -18.099440 0.580177
v -1.625695 -18.099472 0.493990
v -1.625696 -19.006720 0.232068
v -1.586093 -19.033094 0.314123
v -1.534873 -18.994722 0.444435
v -1.534873 -18.894487 0.424351
v -1.621678 -18.944607 0.424351
v -1.621678 -19.044842 0.424351
v -1.534873 -19.094957 0.424351
v -1.448067 -19.044842 0.424351
v -1.448067 -18.944607 0.424351
v -1.534873 -18.825678 0.377148
v -1.681270 -18.910200 0.377148
v -1.681270 -19.079247 0.377148
v -1.534873 -19.163769 0.377148
v -1.388475 -19.079247 0.377148
v -1.388475 -18.910200 0.377148
v -1.595672 -19.055523 0.413218
v -1.595672 -18.933924 0.413218
v -1.474073 -19.055523 0.413218
v -1.474073 -18.933924 0.413218
v -1.595673 -19.055523 0.105109
v -1.595673 -18.933924 0.105109
v -1.474073 -19.055523 0.105109
v -1.474073 -18.933924 0.105109
v -0.924862 -18.994722 0.444435
v -0.924862 -18.894487 0.424350
v -1.011667 -18.944607 0.424350
v -1.011667 -19.044842 0.424350
v -0.924862 -19.094957 0.424350
v -0.838056 -19.044842 0.424350
v -0.838056 -18.944607 0.424350
v -0.924862 -18.825678 0.377147
v -1.071259 -18.910200 0.377147
v -1.071259 -19.079247 0.377147
v -0.924862 -19.163769 0.377147
v -0.778464 -19.079247 0.377147
v -0.778464 -18.910200 0.377147
v -0.985661 -19.055523 0.413218
v -0.985661 -18.933924 0.413218
v -0.864062 -19.055523 0.413218
v -0.864062 -18.933924 0.413218
v -0.985662 -19.055523 0.105108
v -0.985662 -18.933924 0.105108
v -0.864062 -19.055523 0.105108
v -0.864062 -18.933924 0.105108
v -0.341897 -18.994722 0.444435
v -0.341897 -18.894487 0.424350
v -0.428703 -18.944607 0.424350
v -0.428703 -19.044842 0.424350
v -0.341897 -19.094957 0.424350
v -0.255091 -19.044842 0.424350
v -0.255091 -18.944607 0.424350
v -0.341897 -18.825678 0.377147
v -0.488294 -18.910200 0.377147
v -0.488294 -19.079247 0.377147
v -0.341897 -19.163769 0.377147
v -0.195499 -19.079247 0.377147
v -0.195499 -18.910200 0.377147
v -0.402697 -19.055523 0.413217
v -0.402697 -18.933924 0.413217
v -0.281097 -19.055523 0.413217
v -0.281097 -18.933924 0.413217
v -0.402697 -19.055523 0.105108
v -0.402697 -18.933924 0.105108
v -0.281097 -19.055523 0.105108
v -0.281097 -18.933924 0.105108
v 0.264384 -18.994722 0.444435
v 0.264384 -18.894487 0.424350
v 0.177578 -18.944607 0.424350
v 0.177578 -19.044842 0.424350
v 0.264383 -19.094957 0.424350
v 0.351189 -19.044842 0.424350
v 0.351189 -18.944607 0.424350
v 0.264384 -18.825678 0.377147
v 0.117986 -18.910200 0.377147
v 0.117986 -19.079247 0.377147
v 0.264384 -19.163769 0.377147
v 0.410781 -19.079247 0.377147
v 0.410781 -18.910200 0.377147
v 0.203584 -19.055523 0.413217
v 0.203584 -18.933924 0.413217
v 0.325183 -19.055523 0.413217
v 0.325183 -18.933924 0.413217
v 0.203584 -19.055523 0.105108
v 0.203584 -18.933924 0.105108
v 0.325183 -19.055523 0.105108
v 0.325183 -18.933924 0.105108
v 0.839488 -18.994722 0.444434
v 0.839488 -18.894487 0.424350
v 0.752683 -18.944607 0.424350
v 0.752683 -19.044842 0.424350
v 0.839488 -19.094957 0.424350
v 0.926294 -19.044842 0.424350
v 0.926294 -18.944607 0.424350
v 0.839488 -18.825678 0.377147
v 0.693091 -18.910200 0.377147
v 0.693091 -19.079247 0.377147
v 0.839488 -19.163769 0.377147
v 0.985886 -19.079247 0.377147
v 0.985886 -18.910200 0.377147
v 0.778688 -19.055523 0.413217
v 0.778688 -18.933924 0.413217
v 0.900288 -19.055523 0.413217
v 0.900288 -18.933924 0.413217
v 0.778688 -19.055523 0.105108
v 0.778688 -18.933924 0.105108
v 0.900288 -19.055523 0.105108
v 0.900288 -18.933924 0.105108
v 1.445572 -18.994722 0.444434
v 1.445572 -18.894487 0.424349
v 1.358766 -18.944607 0.424349
v 1.358766 -19.044842 0.424349
v 1.445572 -19.094957 0.424349
v 1.532378 -19.044842 0.424349
v 1.532378 -18.944607 0.424349
v 1.445572 -18.825678 0.377146
v 1.299174 -18.910200 0.377146
v 1.299174 -19.079247 0.377146
v 1.445572 -19.163769 0.377146
v 1.591969 -19.079247 0.377146
v 1.591969 -18.910200 0.377146
v 1.384772 -19.055523 0.413217
v 1.384772 -18.933924 0.413217
v 1.506372 -19.055523 0.413217
v 1.506372 -18.933924 0.413217
v 1.384772 -19.055523 0.105107
v 1.384772 -18.933924 0.105107
v 1.506371 -19.055523 0.105107
v 1.506371 -18.933924 0.105107
vn 0.1210 0.9517 0.2821
vn -0.1257 0.4654 -0.8761
vn 0.1666 0.1544 -0.9739
vn -0.0244 -0.5052 -0.8626
vn -0.1005 -0.5165 -0.8504
vn 0.0998 -0.5193 -0.8487
vn 0.0248 -0.5053 -0.8626
vn -0.1451 -0.3306 -0.9325
vn -0.1622 -0.2091 -0.9644
vn 0.1622 -0.2091 -0.9644
vn 0.1451 -0.3307 -0.9325
vn -0.1693 -0.1268 -0.9774
vn -0.1714 -0.0662 -0.9830
vn 0.1714 -0.0662 -0.9830
vn 0.1693 -0.1268 -0.9774
vn -0.1716 -0.0191 -0.9850
vn -0.1732 0.0275 -0.9845
vn 0.1732 0.0275 -0.9845
vn 0.1716 -0.0191 -0.9850
vn -0.1683 0.0693 -0.9833
vn -0.1662 0.1089 -0.9801
vn 0.1662 0.1089 -0.9801
vn 0.1683 0.0693 -0.9833
vn -0.1628 0.1538 -0.9746
vn -0.1498 0.1306 -0.9801
vn 0.1498 0.1306 -0.9801
vn 0.1630 0.1540 -0.9745
vn -0.1449 0.0808 -0.9861
vn -0.1542 0.0573 -0.9864
vn 0.1542 0.0573 -0.9864
vn 0.1449 0.0808 -0.9861
vn -0.1485 0.0291 -0.9885
vn -0.1466 -0.0051 -0.9892
vn 0.1466 -0.0051 -0.9892
vn 0.1485 0.0291 -0.9885
vn -0.1546 -0.0335 -0.9874
vn -0.1556 -0.0483 -0.9866
vn 0.1556 -0.0483 -0.9866
vn 0.1546 -0.0335 -0.9874
vn -0.1593 -0.0575 -0.9856
vn -0.1725 -0.0418 -0.9841
vn 0.1725 -0.0418 -0.9841
vn 0.1593 -0.0575 -0.9856
vn -0.1693 -0.0003 -0.9856
vn -0.1773 0.0547 -0.9826
vn 0.1773 0.0547 -0.9826
vn 0.1693 -0.0003 -0.9856
vn -0.1685 0.1144 -0.9790
vn -0.1648 0.1989 -0.9661
vn 0.1648 0.1989 -0.9661
vn 0.1685 0.1144 -0.9790
vn -0.1498 0.2792 -0.9485
vn -0.1038 0.5229 -0.8461
vn 0.1038 0.5229 -0.8461
vn 0.1498 0.2792 -0.9485
vn 0.0117 -0.1329 0.9911
vn 0.0377 -0.1302 0.9908
vn -0.0833 0.3635 0.9279
vn -0.0220 0.3856 0.9224
vn 0.0220 0.3856 0.9224
vn -0.0117 -0.1329 0.9911
vn 0.0664 -0.1203 0.9905
vn 0.0962 -0.1034 0.9900
vn -0.1650 0.3356 0.9274
vn -0.1342 0.3752 0.9172
vn 0.1244 -0.0779 0.9892
vn 0.1480 -0.0456 0.9879
vn -0.2357 0.2910 0.9272
vn -0.2144 0.3366 0.9169
vn 0.1671 -0.0089 0.9859
vn 0.1896 0.0415 0.9810
vn -0.2929 0.2329 0.9274
vn -0.2831 0.2827 0.9165
vn 0.1949 0.0884 0.9768
vn 0.1916 0.1332 0.9724
vn -0.3362 0.1631 0.9276
vn -0.3374 0.2144 0.9166
vn 0.1786 0.1758 0.9681
vn 0.1405 0.1223 0.9825
vn -0.3635 0.0836 0.9278
vn -0.3765 0.1345 0.9166
vn 0.1197 0.0669 0.9905
vn 0.1217 0.0457 0.9915
vn -0.3727 0.0001 0.9280
vn -0.3967 0.0457 0.9168
vn 0.1207 -0.0022 0.9927
vn -0.3631 -0.0855 0.9278
vn -0.3961 -0.0457 0.9171
vn 0.1165 0.0239 0.9929
vn 0.1515 -0.0462 0.9874
vn -0.3362 -0.1634 0.9275
vn -0.3757 -0.1344 0.9169
vn 0.1387 -0.0291 0.9899
vn 0.1920 -0.0571 0.9797
vn -0.2944 -0.2332 0.9268
vn -0.3373 -0.2144 0.9167
vn 0.1735 -0.0631 0.9828
vn 0.1500 0.0328 0.9881
vn -0.2417 -0.2935 0.9249
vn -0.2850 -0.2847 0.9153
vn 0.1634 -0.0067 0.9865
vn 0.0959 0.0990 0.9905
vn -0.1731 -0.3396 0.9245
vn -0.2181 -0.3424 0.9139
vn 0.1182 0.0707 0.9905
vn 0.0690 0.1139 0.9911
vn 0.0413 0.1337 0.9902
vn -0.0911 -0.3672 0.9257
vn -0.1368 -0.3815 0.9142
vn 0.0132 0.1314 0.9912
vn -0.0000 0.1308 0.9914
vn -0.0000 -0.3737 0.9276
vn -0.0459 -0.3965 0.9169
vn 0.0843 0.3640 0.9276
vn -0.0377 -0.1302 0.9908
vn -0.0664 -0.1203 0.9905
vn 0.1335 0.3768 0.9166
vn 0.1650 0.3356 0.9274
vn -0.0961 -0.1032 0.9900
vn -0.1243 -0.0779 0.9892
vn 0.2140 0.3380 0.9165
vn 0.2368 0.2911 0.9269
vn -0.1479 -0.0457 0.9880
vn -0.1669 -0.0091 0.9859
vn 0.2827 0.2831 0.9165
vn 0.2935 0.2334 0.9270
vn -0.1891 0.0410 0.9811
vn -0.1943 0.0875 0.9770
vn 0.3371 0.2149 0.9166
vn 0.3369 0.1633 0.9273
vn -0.1909 0.1319 0.9727
vn -0.1780 0.1741 0.9685
vn 0.3765 0.1345 0.9166
vn 0.3643 0.0834 0.9275
vn -0.1399 0.1211 0.9827
vn -0.1193 0.0662 0.9906
vn 0.3967 0.0457 0.9168
vn 0.3733 -0.0000 0.9277
vn -0.1217 0.0457 0.9915
vn -0.1207 -0.0022 0.9927
vn -0.1154 0.0237 0.9930
vn 0.3971 -0.0453 0.9167
vn 0.3634 -0.0866 0.9276
vn -0.1515 -0.0462 0.9874
vn -0.1394 -0.0292 0.9898
vn 0.3757 -0.1344 0.9169
vn 0.3363 -0.1643 0.9273
vn -0.1927 -0.0579 0.9796
vn -0.1742 -0.0640 0.9826
vn 0.3373 -0.2144 0.9167
vn 0.2947 -0.2336 0.9266
vn -0.1505 0.0326 0.9881
vn -0.1644 -0.0070 0.9864
vn 0.2850 -0.2847 0.9153
vn 0.2410 -0.2950 0.9246
vn -0.0955 0.0985 0.9906
vn -0.1182 0.0707 0.9905
vn 0.2192 -0.3433 0.9133
vn 0.1718 -0.3413 0.9241
vn -0.0690 0.1139 0.9911
vn 0.1390 -0.3830 0.9132
vn 0.0894 -0.3680 0.9255
vn -0.0414 0.1341 0.9901
vn -0.0132 0.1316 0.9912
vn 0.0498 -0.3997 0.9153
vn -0.1490 -0.9601 0.2366
vn 0.0854 -0.9036 0.4197
vn -0.0824 -0.9525 0.2931
vn 0.1454 0.9672 0.2083
vn -0.1003 0.8990 0.4263
vn 0.1006 0.9462 0.3074
vn 0.4249 0.8045 0.4150
vn -0.4204 0.8063 0.4161
vn -0.6011 0.6829 0.4151
vn 0.6020 0.6824 0.4147
vn 0.7534 0.5099 0.4151
vn -0.7537 0.5098 0.4146
vn -0.8570 0.3057 0.4148
vn 0.8573 0.3053 0.4146
vn 0.9049 0.0902 0.4160
vn -0.9031 0.0945 0.4189
vn -0.8994 -0.1308 0.4170
vn 0.9021 -0.1247 0.4131
vn 0.8470 -0.3333 0.4141
vn -0.8463 -0.3316 0.4170
vn -0.7773 -0.4770 0.4103
vn 0.7772 -0.4769 0.4105
vn 0.6846 -0.5991 0.4152
vn -0.6887 -0.6155 0.3832
vn -0.6815 -0.6176 0.3926
vn 0.6730 -0.6258 0.3942
vn 0.7772 -0.4980 0.3846
vn -0.7756 -0.4923 0.3951
vn -0.8578 -0.3227 0.4000
vn 0.8620 -0.3163 0.3960
vn 0.9032 -0.1949 0.3825
vn -0.9012 -0.1933 0.3879
vn -0.9229 0.0485 0.3819
vn 0.9179 0.0377 0.3950
vn 0.8972 0.1998 0.3938
vn -0.8991 0.1933 0.3928
vn -0.8747 0.2816 0.3944
vn 0.8737 0.2809 0.3971
vn 0.8631 0.3025 0.4043
vn -0.8548 0.3180 0.4102
vn -0.8849 0.1968 0.4221
vn 0.8921 0.2174 0.3961
vn 0.9074 -0.0135 0.4200
vn -0.9014 0.0031 0.4330
vn -0.8732 -0.2361 0.4264
vn 0.8790 -0.2252 0.4203
vn 0.7629 -0.4908 0.4208
vn -0.7619 -0.4881 0.4258
vn -0.6278 -0.6564 0.4183
vn 0.6291 -0.6549 0.4187
vn 0.4490 -0.7872 0.4227
vn -0.4500 -0.7856 0.4247
vn -0.2571 -0.8784 0.4028
vn 0.2653 -0.8659 0.4241
vn -0.2338 0.8799 0.4137
vn 0.2344 0.8822 0.4085
vn 0.0672 -0.8994 -0.4320
vn 0.0884 -0.9282 -0.3613
vn -0.0972 -0.9340 -0.3438
vn -0.0651 0.9008 -0.4293
vn -0.0965 0.9237 -0.3707
vn 0.1068 0.9310 -0.3491
vn -0.4490 0.8295 -0.3320
vn -0.6294 0.7030 -0.3311
vn 0.6293 0.7029 -0.3315
vn 0.4485 0.8299 -0.3317
vn -0.7842 0.5253 -0.3303
vn -0.8894 0.3144 -0.3318
vn 0.8894 0.3144 -0.3319
vn 0.7840 0.5251 -0.3311
vn -0.9388 0.0943 -0.3314
vn -0.9333 -0.1302 -0.3347
vn 0.9342 -0.1353 -0.3300
vn 0.9392 0.0966 -0.3294
vn -0.8774 -0.3413 -0.3371
vn -0.8025 -0.4892 -0.3416
vn 0.8025 -0.4892 -0.3414
vn 0.8795 -0.3392 -0.3338
vn -0.7078 -0.6169 -0.3440
vn -0.6844 -0.6263 -0.3732
vn 0.6868 -0.6210 -0.3777
vn 0.6970 -0.6223 -0.3562
vn -0.7781 -0.4930 -0.3893
vn -0.8618 -0.3205 -0.3931
vn 0.8618 -0.3328 -0.3829
vn 0.7874 -0.4855 -0.3798
vn -0.8995 -0.1900 -0.3934
vn -0.9213 0.0336 -0.3873
vn 0.9184 0.0404 -0.3935
vn 0.9012 -0.1874 -0.3909
vn -0.9021 0.1994 -0.3827
vn -0.8843 0.2810 -0.3729
vn 0.8831 0.2822 -0.3749
vn 0.9017 0.1929 -0.3869
vn -0.8814 0.3088 -0.3575
vn -0.9129 0.2156 -0.3466
vn 0.9210 0.2033 -0.3322
vn 0.8806 0.3162 -0.3529
vn -0.9448 -0.0085 -0.3274
vn -0.9137 -0.2344 -0.3321
vn 0.9151 -0.2480 -0.3180
vn 0.9474 0.0005 -0.3199
vn -0.7999 -0.5039 -0.3258
vn -0.6600 -0.6722 -0.3356
vn 0.6567 -0.6791 -0.3279
vn 0.8058 -0.4997 -0.3179
vn -0.4819 -0.8117 -0.3300
vn -0.3101 -0.8899 -0.3345
vn 0.2979 -0.8996 -0.3194
vn 0.4942 -0.8095 -0.3171
vn -0.2578 0.9057 -0.3365
vn 0.2603 0.9055 -0.3350
vn -0.0003 1.0000 -0.0000
vn -0.0001 1.0000 -0.0000
vn -0.1169 0.9931 -0.0000
vn -0.1170 0.9931 -0.0000
vn -0.2707 0.9627 -0.0000
vn -0.4723 0.8814 -0.0000
vn -0.6654 0.7464 -0.0000
vn -0.6654 0.7465 -0.0000
vn -0.8302 0.5575 -0.0000
vn -0.9427 0.3337 -0.0000
vn -0.9947 0.1028 -0.0000
vn -0.9896 -0.1439 -0.0000
vn -0.9328 -0.3603 -0.0000
vn -0.8534 -0.5212 0.0001
vn -0.7524 -0.6587 0.0001
vn -0.7373 -0.6756 0.0001
vn -0.8525 -0.5227 0.0001
vn -0.9332 -0.3593 0.0001
vn -0.9790 -0.2039 0.0001
vn -0.9993 0.0365 0.0001
vn -0.9762 0.2167 0.0001
vn -0.9530 0.3030 0.0001
vn -0.9403 0.3403 0.0001
vn -0.9403 0.3404 0.0001
vn -0.9761 0.2173 0.0001
vn -1.0000 0.0034 0.0001
vn -1.0000 0.0035 0.0001
vn -0.9653 -0.2610 -0.0000
vn -0.8498 -0.5271 -0.0000
vn -0.6938 -0.7201 -0.0000
vn -0.6938 -0.7202 -0.0000
vn -0.5209 -0.8536 -0.0000
vn -0.3105 -0.9506 -0.0000
vn -0.1053 -0.9944 -0.0000
vn -0.0000 -1.0000 -0.0000
vn 0.0001 -1.0000 -0.0000
vn 0.1053 -0.9944 -0.0000
vn 0.3105 -0.9506 -0.0000
vn 0.5209 -0.8536 -0.0000
vn 0.6938 -0.7201 -0.0000
vn 0.6938 -0.7202 -0.0000
vn 0.8498 -0.5271 -0.0000
vn 0.9653 -0.2610 -0.0000
vn 1.0000 0.0034 -0.0000
vn 1.0000 0.0035 0.0001
vn 0.9761 0.2173 0.0001
vn 0.9403 0.3403 0.0001
vn 0.9403 0.3404 0.0001
vn 0.9530 0.3030 0.0001
vn 0.9762 0.2167 0.0001
vn 0.9993 0.0365 0.0001
vn 0.9790 -0.2039 0.0001
vn 0.9332 -0.3593 0.0001
vn 0.8525 -0.5227 0.0001
vn 0.7373 -0.6756 0.0001
vn 0.7524 -0.6587 0.0001
vn 0.8534 -0.5212 0.0001
vn 0.9328 -0.3603 -0.0000
vn 0.9896 -0.1439 -0.0000
vn 0.9947 0.1028 -0.0000
vn 0.9427 0.3337 -0.0000
vn 0.8302 0.5575 -0.0000
vn 0.6654 0.7464 -0.0000
vn 0.6654 0.7465 -0.0000
vn 0.4723 0.8814 -0.0000
vn 0.2707 0.9626 -0.0000
vn 0.2707 0.9627 -0.0000
vn 0.1168 0.9932 -0.0000
vn 0.1167 0.9932 -0.0000
vn -0.2116 0.9025 0.3752
vn -0.2272 0.9738 -0.0003
vn -0.0574 0.9984 -0.0003
vn -0.0534 0.9270 0.3712
vn 0.0574 0.9984 -0.0003
vn 0.0534 0.9270 0.3712
vn -0.4068 0.8325 0.3761
vn -0.4395 0.8982 -0.0003
vn -0.3369 0.9415 -0.0003
vn -0.3140 0.8770 0.3636
vn -0.5790 0.7242 0.3744
vn -0.6256 0.7801 -0.0004
vn -0.5367 0.8438 -0.0004
vn -0.5002 0.7857 0.3640
vn -0.7222 0.5810 0.3753
vn -0.7801 0.6257 -0.0005
vn -0.7071 0.7071 -0.0004
vn -0.6585 0.6582 0.3649
vn -0.8321 0.4085 0.3752
vn -0.8982 0.4396 -0.0007
vn -0.8437 0.5368 -0.0006
vn -0.7856 0.4995 0.3652
vn -0.9026 0.2118 0.3748
vn -0.9738 0.2273 -0.0011
vn -0.9415 0.3370 -0.0009
vn -0.8770 0.3135 0.3641
vn -0.9266 -0.0000 0.3759
vn -1.0000 -0.0000 -0.0014
vn -0.9934 0.1147 -0.0013
vn -0.9248 0.1067 0.3653
vn -0.9026 -0.2100 0.3759
vn -0.9738 -0.2273 -0.0014
vn -0.9934 -0.1146 -0.0014
vn -0.9253 -0.1070 0.3638
vn -0.8323 -0.4083 0.3749
vn -0.8982 -0.4396 -0.0012
vn -0.9415 -0.3370 -0.0013
vn -0.8764 -0.3136 0.3655
vn -0.7224 -0.5823 0.3729
vn -0.7801 -0.6257 -0.0009
vn -0.8437 -0.5368 -0.0010
vn -0.7856 -0.4996 0.3650
vn -0.5786 -0.7286 0.3665
vn -0.6256 -0.7801 -0.0008
vn -0.7071 -0.7071 -0.0008
vn -0.6592 -0.6590 0.3621
vn -0.4051 -0.8387 0.3641
vn -0.4395 -0.8982 -0.0007
vn -0.5367 -0.8438 -0.0007
vn -0.5017 -0.7875 0.3580
vn -0.2078 -0.9064 0.3677
vn -0.2272 -0.9738 -0.0007
vn -0.3369 -0.9415 -0.0007
vn -0.3154 -0.8788 0.3580
vn -0.0000 -0.9268 0.3756
vn -0.0000 -1.0000 -0.0007
vn -0.1146 -0.9934 -0.0007
vn -0.1072 -0.9270 0.3595
vn 0.2272 0.9738 -0.0003
vn 0.2115 0.9020 0.3763
vn 0.3121 0.8770 0.3652
vn 0.3369 0.9415 -0.0003
vn 0.4395 0.8982 -0.0003
vn 0.4068 0.8325 0.3761
vn 0.4999 0.7855 0.3649
vn 0.5367 0.8438 -0.0004
vn 0.6256 0.7801 -0.0004
vn 0.5796 0.7234 0.3752
vn 0.6585 0.6582 0.3649
vn 0.7071 0.7071 -0.0004
vn 0.7801 0.6257 -0.0005
vn 0.7227 0.5804 0.3752
vn 0.7856 0.4995 0.3652
vn 0.8437 0.5368 -0.0006
vn 0.8982 0.4396 -0.0007
vn 0.8323 0.4078 0.3755
vn 0.8767 0.3136 0.3649
vn 0.9415 0.3370 -0.0009
vn 0.9738 0.2273 -0.0011
vn 0.9024 0.2109 0.3757
vn 0.9248 0.1067 0.3653
vn 0.9934 0.1147 -0.0013
vn 1.0000 -0.0000 -0.0014
vn 0.9266 -0.0000 0.3759
vn 0.9250 -0.1057 0.3649
vn 0.9934 -0.1146 -0.0014
vn 0.9738 -0.2273 -0.0014
vn 0.9024 -0.2109 0.3758
vn 0.8764 -0.3136 0.3655
vn 0.9415 -0.3369 -0.0013
vn 0.8982 -0.4396 -0.0012
vn 0.8321 -0.4082 0.3755
vn 0.7856 -0.4996 0.3650
vn 0.8437 -0.5368 -0.0010
vn 0.7801 -0.6257 -0.0009
vn 0.7222 -0.5821 0.3736
vn 0.6592 -0.6590 0.3621
vn 0.7071 -0.7071 -0.0008
vn 0.6256 -0.7801 -0.0008
vn 0.5771 -0.7289 0.3684
vn 0.5022 -0.7871 0.3581
vn 0.5367 -0.8438 -0.0007
vn 0.4395 -0.8982 -0.0007
vn 0.4034 -0.8383 0.3667
vn 0.3166 -0.8783 0.3583
vn 0.3369 -0.9415 -0.0007
vn 0.2272 -0.9738 -0.0007
vn 0.2061 -0.9056 0.3706
vn 0.1106 -0.9255 0.3623
vn 0.1146 -0.9934 -0.0007
vn -0.0000 1.0000 0.0008
vn 0.1059 0.9944 -0.0000
vn 0.1046 0.9945 0.0002
vn -0.1045 0.9945 0.0001
vn -0.1055 0.9944 0.0004
vn 0.0842 -0.9965 0.0007
vn 0.0848 -0.9964 0.0007
vn -0.0848 -0.9964 0.0007
vn -0.0842 -0.9965 0.0007
vn 0.6652 -0.7467 -0.0000
vn 0.6655 -0.7464 -0.0000
vn 0.4722 -0.8815 -0.0000
vn 0.4717 -0.8818 -0.0000
vn -0.4717 -0.8818 -0.0000
vn -0.4722 -0.8815 -0.0000
vn -0.6655 -0.7464 -0.0000
vn -0.6652 -0.7467 -0.0000
vn 0.9426 -0.3339 -0.0000
vn 0.9427 -0.3335 -0.0000
vn 0.8302 -0.5574 -0.0000
vn 0.8300 -0.5577 -0.0000
vn -0.8300 -0.5577 -0.0000
vn -0.8302 -0.5574 -0.0000
vn -0.9429 -0.3331 0.0001
vn -0.9426 -0.3339 -0.0000
vn 0.9896 0.1440 -0.0001
vn 0.9895 0.1443 -0.0001
vn 0.9948 -0.1023 -0.0000
vn 0.9947 -0.1026 -0.0000
vn -0.9947 -0.1026 -0.0000
vn -0.9948 -0.1023 -0.0000
vn -0.9895 0.1443 -0.0001
vn -0.9896 0.1440 -0.0001
vn 0.8532 0.5216 -0.0001
vn 0.8531 0.5218 -0.0001
vn 0.9327 0.3606 -0.0001
vn 0.9328 0.3604 -0.0001
vn -0.9328 0.3604 -0.0001
vn -0.9327 0.3606 -0.0001
vn -0.8531 0.5218 -0.0001
vn -0.8532 0.5216 -0.0001
vn 0.7371 0.6758 -0.0000
vn 0.7370 0.6758 -0.0000
vn 0.7521 0.6590 -0.0001
vn 0.7522 0.6589 -0.0001
vn -0.7522 0.6589 -0.0001
vn -0.7521 0.6590 -0.0001
vn -0.7370 0.6758 -0.0000
vn -0.7371 0.6758 -0.0000
vn 0.9337 0.3581 -0.0000
vn 0.8534 0.5213 -0.0000
vn 0.8533 0.5214 -0.0000
vn -0.8533 0.5214 -0.0000
vn -0.8534 0.5213 -0.0000
vn -0.9337 0.3581 -0.0000
vn 0.9993 -0.0374 -0.0000
vn 0.9993 -0.0372 -0.0000
vn 0.9788 0.2050 -0.0000
vn 0.9788 0.2049 -0.0000
vn -0.9788 0.2049 -0.0000
vn -0.9788 0.2050 -0.0000
vn -0.9993 -0.0372 -0.0000
vn -0.9993 -0.0374 -0.0000
vn 0.9530 -0.3030 -0.0001
vn 0.9760 -0.2176 -0.0000
vn 0.9760 -0.2178 -0.0000
vn -0.9760 -0.2178 -0.0000
vn -0.9760 -0.2176 -0.0000
vn -0.9530 -0.3030 -0.0001
vn 0.9760 -0.2176 -0.0001
vn 0.9758 -0.2186 -0.0001
vn 0.9405 -0.3398 -0.0001
vn 0.9406 -0.3396 -0.0001
vn -0.9406 -0.3396 -0.0001
vn -0.9405 -0.3398 -0.0001
vn -0.9759 -0.2181 -0.0001
vn -0.9760 -0.2176 -0.0001
vn 0.9650 0.2622 -0.0000
vn 0.9653 0.2610 -0.0000
vn 1.0000 -0.0030 -0.0000
vn 1.0000 -0.0023 -0.0000
vn -1.0000 -0.0023 -0.0000
vn -1.0000 -0.0030 -0.0000
vn -0.9652 0.2615 -0.0000
vn -0.9650 0.2622 -0.0000
vn 0.6932 0.7207 0.0001
vn 0.6937 0.7202 0.0001
vn 0.8502 0.5264 -0.0000
vn 0.8499 0.5270 -0.0000
vn -0.8499 0.5270 -0.0000
vn -0.8502 0.5264 -0.0000
vn -0.6937 0.7202 0.0001
vn -0.6932 0.7207 0.0001
vn 0.3069 0.9517 0.0003
vn 0.3093 0.9510 -0.0001
vn 0.5201 0.8541 -0.0000
vn 0.5189 0.8549 0.0001
vn -0.5191 0.8547 -0.0000
vn -0.5205 0.8539 0.0001
vn -0.3093 0.9510 -0.0001
vn -0.3070 0.9517 -0.0002
vn 0.2696 -0.9630 -0.0000
vn 0.2705 -0.9627 -0.0000
vn -0.2705 -0.9627 -0.0000
vn -0.2696 -0.9630 -0.0000
vn 0.2224 0.8072 -0.5468
vn -0.1756 0.9193 -0.3522
vn -0.3955 0.8688 -0.2980
vn 0.0843 -0.9504 -0.2995
vn -0.0836 -0.9507 -0.2986
vn 0.5304 -0.5928 -0.6060
vn 0.4047 -0.7422 -0.5342
vn -0.4047 -0.7422 -0.5342
vn -0.5304 -0.5928 -0.6060
vn 0.6926 -0.2463 -0.6779
vn 0.6297 -0.4238 -0.6511
vn -0.6297 -0.4238 -0.6511
vn -0.6926 -0.2463 -0.6779
vn 0.7194 0.1050 -0.6866
vn 0.7200 -0.0747 -0.6899
vn -0.7200 -0.0747 -0.6899
vn -0.7194 0.1050 -0.6866
vn 0.6397 0.3910 -0.6618
vn 0.6840 0.2645 -0.6799
vn -0.6840 0.2645 -0.6799
vn -0.6397 0.3910 -0.6618
vn 0.5619 0.5185 -0.6445
vn 0.5812 0.5078 -0.6358
vn -0.5812 0.5078 -0.6358
vn -0.5619 0.5185 -0.6445
vn 0.6673 0.2563 -0.6993
vn 0.6164 0.3812 -0.6890
vn -0.6164 0.3812 -0.6890
vn -0.6673 0.2563 -0.6993
vn 0.6866 -0.0259 -0.7265
vn 0.6804 0.1430 -0.7188
vn -0.6804 0.1430 -0.7188
vn -0.6866 -0.0259 -0.7265
vn 0.6784 -0.2159 -0.7023
vn 0.6880 -0.1538 -0.7092
vn -0.6880 -0.1538 -0.7092
vn -0.6784 -0.2159 -0.7023
vn 0.7115 -0.1590 -0.6844
vn 0.6771 -0.2444 -0.6941
vn -0.6771 -0.2444 -0.6941
vn -0.7115 -0.1590 -0.6844
vn 0.7112 0.1951 -0.6754
vn 0.7195 -0.0013 -0.6945
vn -0.7195 -0.0013 -0.6945
vn -0.7112 0.1951 -0.6754
vn 0.5483 0.5688 -0.6131
vn 0.6397 0.3975 -0.6578
vn -0.6397 0.3975 -0.6578
vn -0.5483 0.5688 -0.6131
vn 0.2891 0.8442 -0.4514
vn 0.4356 0.7091 -0.5544
vn -0.4357 0.7091 -0.5544
vn -0.2891 0.8442 -0.4514
vn 0.2590 -0.8719 -0.4156
vn -0.2592 -0.8719 -0.4156
vn 0.0596 -0.6932 0.7183
vn 0.1898 -0.6726 0.7153
vn 0.3327 -0.6183 0.7121
vn 0.4704 -0.5272 0.7077
vn 0.5923 -0.3968 0.7013
vn 0.6816 -0.2404 0.6911
vn 0.7300 -0.0761 0.6792
vn 0.7487 0.1072 0.6541
vn 0.7233 0.2720 0.6347
vn 0.6797 0.4045 0.6119
vn 0.6125 0.5176 0.5974
vn 0.5808 0.5274 0.6201
vn 0.5982 0.3797 0.7057
vn 0.6429 0.2472 0.7249
vn 0.6512 0.1402 0.7459
vn 0.6695 -0.0271 0.7423
vn 0.6924 -0.1565 0.7044
vn 0.6971 -0.2272 0.6801
vn 0.7138 -0.2637 0.6488
vn 0.7394 -0.1679 0.6520
vn 0.7317 -0.0039 0.6816
vn 0.6985 0.1857 0.6911
vn 0.5982 0.3689 0.7114
vn 0.4877 0.5054 0.7118
vn 0.3620 0.5939 0.7184
vn 0.2183 0.6698 0.7098
vn 0.0719 0.6909 0.7194
vn 0.0002 0.6899 0.7239
vn -0.1901 -0.6732 0.7146
vn -0.0604 -0.6932 0.7182
vn -0.4712 -0.5267 0.7075
vn -0.3324 -0.6185 0.7120
vn -0.6816 -0.2388 0.6917
vn -0.5935 -0.3959 0.7008
vn -0.7474 0.1129 0.6547
vn -0.7309 -0.0751 0.6783
vn -0.6696 0.4169 0.6147
vn -0.7242 0.2740 0.6328
vn -0.5658 0.5246 0.6361
vn -0.6122 0.5208 0.5950
vn -0.6428 0.2475 0.7249
vn -0.5973 0.3758 0.7085
vn -0.6704 -0.0284 0.7414
vn -0.6497 0.1372 0.7477
vn -0.6972 -0.2233 0.6812
vn -0.6938 -0.1553 0.7032
vn -0.7397 -0.1654 0.6522
vn -0.7187 -0.2569 0.6461
vn -0.6985 0.1857 0.6911
vn -0.7320 -0.0037 0.6813
vn -0.4882 0.5061 0.7111
vn -0.5979 0.3693 0.7114
vn -0.2206 0.6706 0.7083
vn -0.3620 0.5939 0.7184
vn -0.0726 0.6897 0.7205
vn -0.0031 0.9876 -0.1567
vn 0.1101 0.9937 -0.0193
vn -0.1075 0.9940 -0.0206
vn 0.0923 -0.9956 -0.0163
vn -0.0923 -0.9956 -0.0163
vn 0.6675 -0.7364 -0.1100
vn 0.4786 -0.8744 -0.0803
vn -0.4786 -0.8744 -0.0802
vn -0.6675 -0.7364 -0.1100
vn 0.9331 -0.3266 -0.1503
vn 0.8262 -0.5472 -0.1343
vn -0.8262 -0.5472 -0.1343
vn -0.9331 -0.3266 -0.1503
vn 0.9776 0.1403 -0.1567
vn 0.9824 -0.1004 -0.1577
vn -0.9824 -0.1004 -0.1577
vn -0.9776 0.1403 -0.1567
vn 0.8474 0.5128 -0.1378
vn 0.9235 0.3533 -0.1493
vn -0.9235 0.3533 -0.1493
vn -0.8474 0.5128 -0.1378
vn 0.7290 0.6739 -0.1199
vn 0.7500 0.6499 -0.1229
vn -0.7500 0.6499 -0.1229
vn -0.7290 0.6739 -0.1199
vn 0.9224 0.3556 -0.1508
vn 0.8413 0.5224 -0.1386
vn -0.8413 0.5224 -0.1386
vn -0.9224 0.3556 -0.1508
vn 0.9860 -0.0375 -0.1623
vn 0.9659 0.2045 -0.1586
vn -0.9659 0.2045 -0.1586
vn -0.9860 -0.0375 -0.1622
vn 0.9413 -0.3006 -0.1537
vn 0.9636 -0.2162 -0.1573
vn -0.9636 -0.2162 -0.1573
vn -0.9413 -0.3006 -0.1537
vn 0.9649 -0.2122 -0.1549
vn 0.9297 -0.3356 -0.1514
vn -0.9297 -0.3356 -0.1514
vn -0.9649 -0.2122 -0.1549
vn 0.9547 0.2554 -0.1527
vn 0.9873 -0.0018 -0.1588
vn -0.9873 -0.0018 -0.1588
vn -0.9547 0.2554 -0.1527
vn 0.6952 0.7097 -0.1143
vn 0.8446 0.5176 -0.1371
vn -0.8446 0.5176 -0.1371
vn -0.6952 0.7097 -0.1143
vn 0.3198 0.9459 -0.0553
vn 0.5226 0.8481 -0.0870
vn -0.5226 0.8481 -0.0870
vn -0.3198 0.9459 -0.0553
vn 0.2785 -0.9592 -0.0478
vn -0.2785 -0.9592 -0.0478
vn 0.0837 -0.9836 0.1597
vn 0.2666 -0.9507 0.1583
vn 0.4651 -0.8712 0.1569
vn 0.6556 -0.7391 0.1546
vn 0.8187 -0.5543 0.1502
vn 0.9314 -0.3348 0.1432
vn 0.9852 -0.1072 0.1339
vn 0.9835 0.1351 0.1206
vn 0.9297 0.3525 0.1068
vn 0.8524 0.5136 0.0983
vn 0.7532 0.6514 0.0911
vn 0.7299 0.6763 0.0999
vn 0.8415 0.5237 0.1325
vn 0.9223 0.3559 0.1507
vn 0.9657 0.2032 0.1613
vn 0.9871 -0.0410 0.1550
vn 0.9662 -0.2185 0.1365
vn 0.9449 -0.3035 0.1225
vn 0.9348 -0.3382 0.1088
vn 0.9709 -0.2087 0.1175
vn 0.9911 0.0013 0.1334
vn 0.9532 0.2639 0.1477
vn 0.8390 0.5212 0.1565
vn 0.6850 0.7111 0.1586
vn 0.5143 0.8427 0.1588
vn 0.3082 0.9384 0.1564
vn 0.1053 0.9818 0.1581
vn -0.0000 0.9872 0.1596
vn -0.2667 -0.9508 0.1579
vn -0.0837 -0.9836 0.1597
vn -0.6556 -0.7391 0.1546
vn -0.4651 -0.8712 0.1569
vn -0.9314 -0.3348 0.1432
vn -0.8187 -0.5543 0.1502
vn -0.9835 0.1351 0.1206
vn -0.9852 -0.1072 0.1339
vn -0.8523 0.5137 0.0982
vn -0.9298 0.3524 0.1065
vn -0.7299 0.6763 0.0992
vn -0.7532 0.6514 0.0911
vn -0.9223 0.3559 0.1507
vn -0.8415 0.5239 0.1321
vn -0.9872 -0.0410 0.1541
vn -0.9657 0.2036 0.1612
vn -0.9449 -0.3033 0.1229
vn -0.9662 -0.2185 0.1365
vn -0.9709 -0.2087 0.1176
vn -0.9348 -0.3382 0.1088
vn -0.9532 0.2639 0.1477
vn -0.9911 0.0013 0.1334
vn -0.6850 0.7111 0.1586
vn -0.8390 0.5212 0.1565
vn -0.3082 0.9383 0.1571
vn -0.5143 0.8427 0.1588
vn -0.1053 0.9819 0.1575
vn -0.0000 1.0000 -0.0000
vn -0.2708 0.9626 -0.0000
vn -0.6655 0.7464 -0.0000
vn -0.9654 -0.2609 -0.0000
vn -0.3106 -0.9506 -0.0000
vn 0.3106 -0.9506 -0.0000
vn 0.6655 0.7464 -0.0000
vn 0.2708 0.9626 -0.0000
vn 0.1168 0.9931 -0.0000
vn -0.6862 -0.7274 0.0003
vn -0.6880 -0.7257 0.0015
vn -0.9960 0.0848 -0.0268
vn -0.9929 0.1177 -0.0174
vn -0.9361 0.3127 -0.1609
vn -0.9230 0.3709 -0.1027
vn -0.9015 0.4273 -0.0680
vn -0.9890 0.1468 -0.0173
vn -0.6858 -0.7278 -0.0000
vn 0.9285 0.3576 -0.1001
vn 0.9461 0.2961 -0.1312
vn 0.9955 0.0912 -0.0254
vn 0.9929 0.1177 -0.0174
vn 0.6880 -0.7257 -0.0006
vn 0.6862 -0.7274 0.0003
vn 0.6858 -0.7278 -0.0000
vn 0.9887 0.1486 -0.0200
vn 0.9064 0.4167 -0.0688
vn 0.3357 0.7053 -0.6244
vn -0.0000 -0.0000 -1.0000
vn -0.3345 0.7056 -0.6247
vn -0.0178 -0.7228 -0.6908
vn 0.0168 -0.7228 -0.6908
vn 0.4208 0.7108 -0.5637
vn 0.4496 0.7942 -0.4088
vn -0.4512 0.7910 -0.4133
vn -0.4205 0.7117 -0.5627
vn 0.4502 0.8491 -0.2762
vn -0.4585 0.8475 -0.2675
vn -0.6994 -0.6477 0.3022
vn -0.9316 -0.0003 0.3635
vn -0.9980 0.0299 -0.0561
vn -0.6891 -0.7247 -0.0003
vn -0.7657 -0.1241 0.6311
vn -0.8369 0.0519 -0.5449
vn -0.6894 -0.7243 -0.0008
vn -0.9981 0.0571 -0.0244
vn -0.9380 0.2455 -0.2449
vn -0.7095 0.2725 -0.6499
vn -0.7331 0.1038 -0.6722
vn -0.9822 0.1874 -0.0123
vn -0.8810 0.4726 -0.0239
vn -0.5578 -0.6155 -0.5568
vn -0.6933 -0.7203 0.0228
vn 0.7882 0.1410 0.5990
vn 0.9336 -0.0016 0.3582
vn 0.9980 0.0265 -0.0581
vn 0.8253 0.0420 -0.5631
vn 0.6984 -0.6503 0.2990
vn 0.6903 -0.7235 -0.0020
vn 0.9383 0.2427 -0.2465
vn 0.9975 0.0630 -0.0321
vn 0.6905 -0.7234 0.0013
vn 0.5577 -0.6155 -0.5569
vn 0.7388 0.0990 -0.6666
vn 0.9829 0.1843 -0.0009
vn 0.6933 -0.7203 0.0229
vn 0.7093 0.3306 -0.6226
vn 0.8825 0.4701 -0.0161
vn 0.6310 0.7350 -0.2482
vn 0.1540 0.0487 -0.9869
vn 0.2022 0.2923 -0.9347
vn -0.1968 0.2888 -0.9369
vn -0.1527 0.0510 -0.9870
vn 0.3694 0.6100 -0.7011
vn -0.3694 0.6100 -0.7011
vn -0.4399 0.8924 -0.1008
vn 0.4405 0.8920 -0.1018
vn -0.8314 0.1192 0.5427
vn -0.8080 -0.0089 -0.5891
vn 0.7979 0.0057 -0.6028
vn 0.8331 0.1171 0.5406
vn -0.1741 0.0012 -0.9847
vn 0.1371 -0.0626 -0.9886
vn 0.5734 0.4304 -0.6971
vn -0.0384 -0.7269 -0.6857
vn 0.0375 -0.7267 -0.6859
vn -0.5750 0.4285 -0.6970
vn 0.8211 0.5191 -0.2374
vn 0.8191 0.4631 -0.3386
vn 0.8191 0.5580 -0.1333
vn -0.8283 0.5101 -0.2318
vn -0.8237 0.5530 -0.1256
vn -0.8220 0.4565 -0.3405
vn -0.1520 0.9363 -0.3167
vn 0.1303 0.9393 -0.3174
vn -0.8524 0.4955 -0.1669
vn -0.8525 0.4952 -0.1673
vn -0.3285 0.8948 -0.3024
vn 0.9226 0.1694 -0.3467
vn 0.5434 0.2601 -0.7982
vn 0.4604 0.0415 -0.8868
vn 0.7583 0.4069 -0.5094
vn -0.7583 0.4069 -0.5094
vn -0.8041 0.5930 -0.0419
vn 0.7995 0.5988 -0.0476
vn -0.4387 -0.0334 -0.8980
vn -0.4614 0.0475 -0.8859
vn 0.4694 0.0125 -0.8829
vn -0.6893 -0.7245 -0.0023
vn -0.9984 0.0418 -0.0387
vn -0.9231 0.1665 -0.3467
vn 0.9984 0.0418 -0.0387
vn 0.6905 -0.7233 -0.0023
vn -0.5120 0.2453 -0.8232
vn 0.8453 -0.4837 -0.2268
vn 0.8513 -0.4424 -0.2821
vn 0.8409 -0.4964 -0.2156
vn 0.8342 -0.4654 -0.2959
vn 0.4023 -0.8057 -0.4348
vn 0.4221 -0.8245 -0.3769
vn 0.3390 -0.8738 -0.3488
vn 0.1895 -0.4882 -0.8519
vn 0.2647 -0.4778 -0.8376
vn 0.1891 -0.5231 -0.8310
vn 0.1597 -0.5201 -0.8391
vn -0.0405 -0.2916 -0.9557
vn 0.0061 -0.3475 -0.9377
vn 0.0142 -0.4033 -0.9150
vn -0.0115 -0.3553 -0.9347
vn -0.2006 -0.5034 -0.8404
vn -0.1769 -0.4498 -0.8754
vn -0.1535 -0.5461 -0.8235
vn -0.2380 -0.5183 -0.8214
vn -0.2671 -0.5814 -0.7685
vn -0.0732 -0.6634 -0.7447
vn -0.2379 -0.6566 -0.7158
vn -0.8502 -0.4354 -0.2961
vn -0.8435 -0.4866 -0.2276
vn -0.8389 -0.4403 -0.3198
vn -0.8422 -0.5128 -0.1665
vn -0.0001 0.3253 0.9456
vn 0.0166 0.3299 0.9439
vn 0.0140 0.3277 0.9447
vn 0.0144 0.3288 0.9443
vn 0.0143 0.3285 0.9444
vn 0.9429 0.3284 -0.0547
vn 0.9435 0.3277 -0.0494
vn 0.9441 0.3259 -0.0502
vn 0.9449 0.3232 -0.0517
vn 0.0114 -0.3189 -0.9477
vn 0.0116 -0.3191 -0.9477
vn 0.0135 -0.3217 -0.9467
vn 0.0082 -0.3226 -0.9465
vn -0.0030 -0.3228 -0.9465
vn -0.0147 -0.3150 -0.9490
vn -0.0207 -0.3182 -0.9478
vn -0.0174 -0.3191 -0.9475
vn -0.0173 -0.3190 -0.9476
vn -0.9468 0.3188 -0.0436
vn -0.9472 0.3170 -0.0473
vn -0.9473 0.3166 -0.0486
vn -0.9467 0.3192 -0.0425
vn -0.0143 0.3284 0.9444
vn -0.0145 0.3286 0.9443
vn -0.0140 0.3270 0.9449
vn -0.0172 0.3164 0.9485
vn 0.0001 0.3245 0.9459
vn 0.0175 0.3264 0.9451
vn 0.0177 0.3263 0.9451
vn 0.0151 0.3170 0.9483
vn 0.0128 0.3260 0.9453
vn 0.9990 0.0439 -0.0117
vn 0.9989 0.0456 -0.0135
vn 0.9989 0.0455 -0.0133
vn 0.7671 -0.6377 0.0692
vn 0.7679 -0.6372 0.0655
vn 0.7825 -0.6171 0.0832
vn 0.7707 -0.6335 0.0688
vn 0.0146 -0.3216 -0.9468
vn -0.0001 -0.3104 -0.9506
vn 0.0109 -0.3173 -0.9482
vn 0.0146 -0.3215 -0.9468
vn 0.0134 -0.3368 -0.9415
vn -0.0003 -0.3063 -0.9519
vn 0.0329 -0.3247 -0.9452
vn 0.0121 -0.3322 -0.9431
vn -0.0086 -0.3024 -0.9531
vn -0.0040 -0.3213 -0.9470
vn -0.0054 -0.3195 -0.9476
vn -0.0019 -0.3212 -0.9470
vn -0.0023 -0.3224 -0.9466
vn 0.0024 -0.3027 -0.9531
vn -0.0222 -0.3211 -0.9468
vn -0.0228 -0.3204 -0.9470
vn -0.0232 -0.3247 -0.9455
vn -0.0214 -0.3232 -0.9461
vn -0.0182 -0.3321 -0.9431
vn -0.0387 -0.3247 -0.9450
vn -0.0057 -0.3064 -0.9519
vn -0.0132 -0.3328 -0.9429
vn -0.9998 -0.0201 0.0056
vn -0.9998 -0.0192 0.0059
vn -0.7652 -0.6404 0.0665
vn -0.7824 -0.6175 0.0813
vn -0.7681 -0.6369 0.0655
vn -0.7704 -0.6345 0.0629
vn -0.0185 0.3247 0.9456
vn -0.0203 0.3234 0.9460
vn -0.0197 0.3274 0.9447
vn -0.0154 0.3145 0.9491
vn -0.0156 0.3159 0.9487
vn -0.0001 0.3254 0.9456
vn 0.0014 0.3250 0.9457
vn 0.9954 0.0939 -0.0206
vn 0.9954 0.0933 -0.0193
vn 0.9954 0.0934 -0.0197
vn -0.9966 0.0808 -0.0158
vn -0.9967 0.0796 -0.0154
vn 0.0073 0.3372 0.9414
vn 0.0024 0.3380 0.9412
vn 0.0083 0.3370 0.9415
vn 0.0017 0.3380 0.9412
vn 0.0098 0.3345 0.9423
vn -0.0001 0.3252 0.9456
vn 0.0102 0.3344 0.9424
vn 0.0118 0.3268 0.9450
vn 0.0201 0.3326 0.9428
vn 0.9988 0.0473 -0.0151
vn 0.9614 -0.2746 -0.0169
vn 0.9622 -0.2691 -0.0410
vn 0.9776 -0.2068 0.0394
vn 0.9573 -0.2890 0.0100
vn 0.0070 -0.3131 -0.9497
vn 0.0072 -0.3132 -0.9497
vn 0.1023 -0.4509 -0.8867
vn 0.0854 -0.3661 -0.9267
vn 0.1561 -0.4320 -0.8883
vn 0.1357 -0.4495 -0.8829
vn 0.0047 -0.3102 -0.9507
vn -0.0006 -0.3093 -0.9510
vn -0.0031 -0.3471 -0.9378
vn 0.0187 -0.3125 -0.9497
vn 0.0271 -0.3369 -0.9412
vn 0.0177 -0.3392 -0.9405
vn 0.0039 -0.3110 -0.9504
vn -0.0034 -0.3150 -0.9491
vn 0.0506 -0.3104 -0.9493
vn -0.0052 -0.3142 -0.9493
vn -0.0235 -0.3389 -0.9405
vn -0.0404 -0.2865 -0.9572
vn 0.0093 -0.3022 -0.9532
vn -0.0029 -0.3467 -0.9380
vn -0.0227 -0.3199 -0.9472
vn -0.1398 -0.4474 -0.8833
vn -0.1738 -0.3997 -0.9000
vn -0.0542 -0.3376 -0.9397
vn -0.1068 -0.4490 -0.8871
vn -0.9998 -0.0183 0.0061
vn -0.9573 -0.2891 0.0093
vn -0.9858 -0.1600 0.0503
vn -0.9644 -0.2645 -0.0039
vn -0.9618 -0.2731 -0.0175
vn -0.0197 0.3279 0.9445
vn -0.0136 0.3266 0.9451
vn -0.0127 0.3182 0.9479
vn -0.0112 0.3267 0.9451
vn -0.0022 0.3335 0.9427
vn -0.2728 -0.6352 0.7226
vn -0.3364 0.0501 0.9404
vn 0.1120 0.0009 0.9937
vn 0.3338 -0.0453 0.9415
vn -0.2319 -0.1181 0.9656
vn 0.2720 -0.6352 0.7229
vn 0.1464 0.2762 0.9499
vn 0.1390 0.3052 0.9421
vn 0.1380 0.2822 0.9494
vn -0.1303 0.2682 0.9545
vn -0.1289 0.2825 0.9506
vn -0.1393 0.2828 0.9490
vn 0.2336 -0.6190 -0.7498
vn 0.2053 -0.6576 -0.7248
vn 0.1150 -0.6558 -0.7461
vn -0.4641 -0.8106 -0.3571
vn -0.3981 -0.8090 -0.4325
vn -0.3176 -0.8934 -0.3177
vn 0.0394 -0.3575 0.9331
vn -0.0394 -0.3575 0.9331
vn -0.0000 0.3827 0.9239
vn -0.1154 -0.3390 0.9337
vn 0.1633 -0.3022 0.9392
vn 0.2677 0.3105 0.9121
vn -0.2677 0.3106 0.9121
vn -0.1545 -0.3131 0.9371
vn 0.1117 -0.3434 0.9325
vn 0.1150 -0.9934 -0.0000
vn -0.1150 -0.9934 -0.0000
vn -0.1085 -0.9140 0.3910
vn 0.1085 -0.9140 0.3910
vn -0.3506 -0.9365 -0.0000
vn -0.3412 -0.8577 0.3846
vn 0.5196 -0.8544 -0.0000
vn 0.4494 -0.7805 0.4345
vn 0.7044 0.7098 -0.0000
vn 0.6563 0.6405 0.3988
vn -0.0000 0.9239 0.3827
vn -0.7044 0.7098 -0.0000
vn -0.6563 0.6405 0.3988
vn -0.5196 -0.8544 -0.0000
vn -0.4626 -0.7724 0.4352
vn 0.3506 -0.9365 -0.0000
vn 0.3213 -0.8653 0.3848
vn 0.5057 -0.6025 -0.6175
vn -0.6163 -0.4868 -0.6190
vn -0.4686 0.7189 -0.5135
vn 0.5482 0.6107 -0.5714
vn 0.6164 -0.5089 0.6008
vn 0.5085 0.4856 0.7111
vn -0.6291 0.3509 0.6936
vn -0.5061 -0.5712 0.6462
vn 0.5809 -0.5791 0.5720
vn 0.4409 -0.4114 0.7977
vn -0.4760 -0.4026 0.7819
vn -0.5576 -0.6170 0.5553
vn 0.4409 0.4113 0.7977
vn -0.4528 0.3797 0.8067
vn 0.5575 0.6169 0.5555
vn -0.5809 0.5790 0.5721
vn 0.5812 -0.5768 0.5741
vn 0.4384 -0.4119 0.7989
vn -0.4746 -0.4028 0.7826
vn -0.5572 -0.6159 0.5569
vn 0.4358 0.4025 0.8050
vn -0.4506 0.3793 0.8081
vn 0.5572 0.6159 0.5569
vn -0.5812 0.5768 0.5741
vn 0.5813 -0.5746 0.5760
vn 0.4360 -0.4122 0.8000
vn -0.4661 -0.4124 0.7827
vn -0.5568 -0.6148 0.5586
vn 0.4334 0.4027 0.8062
vn -0.4485 0.3791 0.8094
vn 0.5568 0.6148 0.5586
vn -0.5813 0.5746 0.5761
vn 0.5814 -0.5725 0.5782
vn 0.4335 -0.4126 0.8011
vn -0.4714 -0.4032 0.7844
vn -0.5565 -0.6134 0.5604
vn 0.4335 0.4126 0.8011
vn -0.4463 0.3788 0.8108
vn 0.5565 0.6134 0.5604
vn -0.5814 0.5725 0.5781
vn 0.5818 -0.5706 0.5796
vn 0.4315 -0.4130 0.8020
vn -0.4633 -0.4133 0.7839
vn -0.5562 -0.6129 0.5613
vn 0.4288 0.4031 0.8085
vn -0.4447 0.3783 0.8119
vn 0.5561 0.6129 0.5613
vn -0.5818 0.5706 0.5796
vn 0.5818 -0.5688 0.5814
vn 0.4294 -0.4134 0.8030
vn -0.4690 -0.4036 0.7856
vn -0.5558 -0.6117 0.5629
vn 0.4294 0.4134 0.8030
vn -0.4427 0.3781 0.8130
vn 0.5558 0.6117 0.5629
vn -0.5818 0.5688 0.5814
vn 0.5820 -0.5672 0.5827
vn 0.4277 -0.4137 0.8037
vn -0.4681 -0.4038 0.7861
vn -0.5555 -0.6111 0.5639
vn 0.4249 0.4034 0.8104
vn -0.4413 0.3778 0.8139
vn 0.5556 0.6111 0.5639
vn -0.5820 0.5672 0.5827
vn 0.5821 -0.5653 0.5845
vn 0.4256 -0.4140 0.8047
vn -0.4666 -0.4039 0.7868
vn -0.5552 -0.6100 0.5654
vn 0.4255 0.4140 0.8047
vn -0.4395 0.3776 0.8150
vn 0.5552 0.6100 0.5654
vn -0.5821 0.5653 0.5845
vn 0.5822 -0.5639 0.5857
vn 0.4239 -0.4143 0.8054
vn -0.4658 -0.4041 0.7872
vn -0.5549 -0.6093 0.5664
vn 0.4239 0.4143 0.8054
vn -0.4381 0.3773 0.8159
vn 0.5549 0.6093 0.5664
vn -0.5822 0.5638 0.5858
vn 0.5821 -0.5623 0.5873
vn 0.4222 -0.4145 0.8062
vn -0.4569 -0.4149 0.7869
vn -0.5546 -0.6082 0.5679
vn 0.4222 0.4145 0.8062
vn -0.4365 0.3772 0.8168
vn 0.5546 0.6082 0.5679
vn -0.5821 0.5624 0.5873
vn 0.5825 -0.5607 0.5885
vn 0.4204 -0.4149 0.8069
vn -0.4638 -0.4045 0.7882
vn -0.5543 -0.6078 0.5686
vn 0.4175 0.4040 0.8139
vn -0.4351 0.3767 0.8178
vn 0.5543 0.6078 0.5686
vn -0.5825 0.5607 0.5885
vn 0.5822 -0.5591 0.5903
vn 0.4186 -0.4151 0.8078
vn -0.4544 -0.4154 0.7880
vn -0.5540 -0.6065 0.5704
vn 0.4156 0.4041 0.8148
vn -0.4333 0.3768 0.8187
vn 0.5540 0.6065 0.5704
vn -0.5822 0.5591 0.5903
vn 0.5822 -0.5598 0.5897
vn 0.4193 -0.4150 0.8075
vn -0.4550 -0.4153 0.7877
vn -0.5541 -0.6068 0.5699
vn 0.4193 0.4150 0.8075
vn -0.4340 0.3769 0.8183
vn 0.5541 0.6068 0.5699
vn -0.5822 0.5598 0.5897
vn 0.5821 -0.5576 0.5919
vn 0.4169 -0.4152 0.8086
vn -0.4530 -0.4156 0.7887
vn -0.5537 -0.6053 0.5719
vn 0.4169 0.4153 0.8086
vn -0.4317 0.3768 0.8196
vn 0.5537 0.6053 0.5719
vn -0.5821 0.5576 0.5919
vn 0.5823 -0.5567 0.5924
vn 0.4159 -0.4155 0.8089
vn -0.4606 -0.4048 0.7899
vn -0.5535 -0.6053 0.5721
vn 0.4129 0.4044 0.8161
vn -0.4311 0.3764 0.8200
vn 0.5535 0.6053 0.5721
vn -0.5824 0.5567 0.5924
vn 0.5824 -0.5556 0.5934
vn 0.4147 -0.4157 0.8094
vn -0.4599 -0.4050 0.7903
vn -0.5533 -0.6048 0.5728
vn 0.4117 0.4044 0.8167
vn -0.4300 0.3762 0.8207
vn 0.5533 0.6047 0.5729
vn -0.5825 0.5555 0.5934
vn 0.5824 -0.5544 0.5945
vn 0.4133 -0.4160 0.8100
vn -0.4590 -0.4051 0.7907
vn -0.5530 -0.6040 0.5738
vn 0.4133 0.4160 0.8100
vn -0.4288 0.3761 0.8214
vn 0.5530 0.6040 0.5739
vn -0.5824 0.5544 0.5945
vn 0.5824 -0.5535 0.5954
vn 0.4123 -0.4161 0.8105
vn -0.4582 -0.4052 0.7911
vn -0.5528 -0.6034 0.5747
vn 0.4124 0.4161 0.8104
vn -0.4279 0.3760 0.8219
vn 0.5528 0.6034 0.5747
vn -0.5824 0.5535 0.5954
vn 0.5823 -0.5527 0.5962
vn 0.4115 -0.4162 0.8109
vn -0.4576 -0.4052 0.7915
vn -0.5527 -0.6029 0.5754
vn 0.4115 0.4162 0.8109
vn -0.4271 0.3760 0.8223
vn 0.5526 0.6029 0.5754
vn -0.5823 0.5527 0.5962
vn 0.5822 -0.5517 0.5972
vn 0.4103 -0.4163 0.8114
vn -0.4566 -0.4053 0.7920
vn -0.5525 -0.6021 0.5764
vn 0.4104 0.4163 0.8114
vn -0.4260 0.3760 0.8229
vn 0.5525 0.6021 0.5764
vn -0.5822 0.5517 0.5972
vn 0.5823 -0.5513 0.5975
vn 0.4099 -0.4164 0.8115
vn -0.4565 -0.4053 0.7921
vn -0.5524 -0.6020 0.5766
vn 0.4069 0.4048 0.8189
vn -0.4257 0.3759 0.8231
vn 0.5524 0.6020 0.5766
vn -0.5823 0.5513 0.5975
vn 0.5822 -0.5506 0.5982
vn 0.4091 -0.4165 0.8119
vn -0.4559 -0.4054 0.7923
vn -0.5522 -0.6016 0.5772
vn 0.4059 0.4049 0.8193
vn -0.4250 0.3758 0.8235
vn 0.5522 0.6016 0.5772
vn -0.5822 0.5506 0.5982
vn -0.7071 0.7071 -0.0000
vn -1.0000 -0.0000 -0.0000
vn -0.6968 -0.0333 0.7165
vn -0.5773 0.5774 0.5774
vn 0.0366 -0.0759 0.9964
vn -0.0385 -0.0734 0.9966
vn -0.0174 -0.0873 0.9960
vn 0.0169 -0.0871 0.9961
vn 0.7071 -0.7071 -0.0000
vn 1.0000 -0.0000 -0.0000
vn 0.7177 -0.0323 0.6956
vn 0.5774 -0.5774 0.5774
vn -0.0299 0.7081 0.7055
vn 0.0142 0.7018 0.7122
vn 0.0940 -0.7403 0.6657
vn -0.1260 -0.7566 0.6416
vn -0.1591 -0.9873 -0.0000
vn 0.1591 -0.9873 -0.0000
vn -0.7177 -0.0323 0.6956
vn 0.7071 0.7071 -0.0000
vn 0.5774 0.5774 0.5774
vn 0.6968 -0.0333 0.7165
vn -0.0498 -0.0260 0.9984
vn -0.0505 -0.0279 0.9983
vn 0.1149 -0.6622 0.7405
vn 0.0486 -0.0268 0.9985
vn -0.0301 0.7191 0.6943
vn 0.0319 0.7171 0.6962
vn -0.1149 -0.6622 0.7405
vn -0.5774 -0.5773 0.5774
vn -0.7071 -0.7071 -0.0000
vn 0.0516 -0.0271 0.9983
vn 0.0328 -0.6923 0.7209
vn -0.2566 -0.3006 0.9186
vn -0.0129 -0.6924 0.7214
vn 0.2311 -0.3088 0.9226
vn 0.2282 0.3108 0.9227
vn -0.0239 0.6970 0.7167
vn 0.0329 0.6945 0.7187
vn -0.2341 0.3181 0.9187
vn 0.0354 -0.0420 0.9985
vn -0.2775 -0.3528 0.8936
vn -0.0354 -0.0420 0.9985
vn 0.2775 -0.3528 0.8936
vn 0.4110 0.2658 0.8720
vn -0.0348 0.1345 0.9903
vn 0.0348 0.1345 0.9903
vn -0.4110 0.2658 0.8720
vn 0.0258 0.6684 0.7434
vn -0.0258 0.6684 0.7434
vn -0.0285 -0.6048 0.7959
vn 0.0285 -0.6048 0.7959
vn -0.5647 0.5577 0.6084
vn -0.5753 -0.4956 0.6507
vn 0.5753 -0.4956 0.6507
vn 0.5647 0.5577 0.6084
vn 0.7137 -0.5406 -0.4454
vn 0.6881 -0.1533 0.7092
vn 0.0400 -0.9469 -0.3189
vn 0.0105 -0.5604 0.8282
vn -0.6931 -0.1886 0.6957
vn -0.6685 -0.5830 -0.4618
vn -0.6875 0.1437 -0.7118
vn -0.7137 0.5406 0.4453
vn -0.0371 0.9490 0.3132
vn -0.0135 0.5566 -0.8307
vn 0.6922 0.1899 -0.6962
vn 0.6694 0.5824 0.4613
vn -0.0318 0.3111 0.9498
vn 0.0318 -0.3111 -0.9498
vn 0.7530 -0.4594 -0.4711
vn 0.7243 -0.0769 0.6852
vn 0.1324 -0.9370 -0.3234
vn 0.0998 -0.5557 0.8254
vn -0.6442 -0.2635 0.7180
vn -0.6161 -0.6525 -0.4411
vn -0.7228 0.0675 -0.6877
vn -0.7530 0.4594 0.4711
vn -0.1300 0.9393 0.3176
vn -0.1024 0.5516 -0.8278
vn 0.6432 0.2644 -0.7186
vn 0.6171 0.6522 0.4402
vn -0.0335 0.3060 0.9514
vn 0.0335 -0.3060 -0.9514
vn 0.7541 -0.4629 -0.4659
vn 0.7234 -0.0703 0.6869
vn 0.1338 -0.9396 -0.3150
vn 0.0990 -0.5484 0.8304
vn -0.6452 -0.2576 0.7193
vn -0.6154 -0.6565 -0.4362
vn -0.7218 0.0609 -0.6894
vn -0.7541 0.4629 0.4659
vn -0.1313 0.9419 0.3092
vn -0.1016 0.5443 -0.8327
vn 0.6442 0.2586 -0.7198
vn 0.6159 0.6566 0.4354
vn -0.0352 0.3143 0.9487
vn 0.0352 -0.3143 -0.9487
vn -0.7593 -0.4674 -0.4528
vn -0.1388 -0.9433 -0.3015
vn -0.7122 -0.0623 0.6992
vn -0.0889 -0.5392 0.8375
vn 0.6565 -0.2564 0.7094
vn 0.6063 -0.6603 -0.4431
vn 0.7126 0.0606 -0.6989
vn 0.7620 0.4610 0.4548
vn 0.1413 0.9411 0.3073
vn 0.0864 0.5432 -0.8351
vn -0.6567 0.2570 -0.7090
vn -0.6058 0.6606 0.4435
vn 0.0403 0.3213 0.9461
vn -0.0403 -0.3213 -0.9461
vn -0.7549 -0.4660 -0.4614
vn -0.1352 -0.9421 -0.3069
vn -0.7182 -0.0660 0.6927
vn -0.0957 -0.5429 0.8343
vn 0.6508 -0.2581 0.7141
vn 0.6110 -0.6579 -0.4403
vn 0.7187 0.0643 -0.6923
vn 0.7575 0.4597 0.4635
vn 0.1378 0.9398 0.3126
vn 0.0932 0.5469 -0.8320
vn -0.6506 0.2589 -0.7139
vn -0.6099 0.6584 0.4411
vn 0.0317 0.3172 0.9478
vn -0.0318 -0.3172 -0.9478
vn -0.7597 -0.4642 -0.4554
vn -0.1390 -0.9412 -0.3080
vn -0.7117 -0.0672 0.6993
vn -0.0882 -0.5450 0.8338
vn 0.6572 -0.2606 0.7072
vn 0.6058 -0.6572 -0.4485
vn 0.7121 0.0654 -0.6990
vn 0.7623 0.4580 0.4573
vn 0.1416 0.9389 0.3137
vn 0.0858 0.5490 -0.8314
vn -0.6573 0.2619 -0.7066
vn -0.6053 0.6576 0.4485
vn 0.0410 0.3147 0.9483
vn -0.0410 -0.3148 -0.9483
vn 0.6441 -0.7610 0.0774
vn 0.5574 -0.3382 0.7582
vn -0.0000 -1.0000 -0.0005
vn 0.9747 -0.0759 -0.2101
vn 0.9245 0.3592 -0.1276
vn 0.9597 0.2793 0.0297
vn -0.4234 -0.6140 0.6662
vn 0.3569 0.4966 0.7912
vn -0.9257 -0.3631 0.1058
vn 0.0011 0.9922 -0.1248
vn -0.3654 -0.8445 -0.3916
vn -0.0426 -0.0195 -0.9989
vn 0.3418 -0.7528 -0.5626
vn 0.7246 0.0319 -0.6884
vn 0.6780 -0.7330 0.0556
vn 0.5777 -0.3512 0.7368
vn 0.9851 0.0453 -0.1661
vn 0.9523 0.3021 0.0440
vn -0.3825 -0.6574 0.6493
vn 0.2263 0.4829 0.8459
vn -0.8980 -0.4295 0.0953
vn -0.0402 0.9953 -0.0878
vn -0.3244 -0.8478 -0.4195
vn -0.0740 0.0039 -0.9973
vn 0.3855 -0.6953 -0.6066
vn 0.7222 0.0630 -0.6888
vn 0.6932 -0.7190 0.0502
vn 0.5868 -0.3486 0.7309
vn 0.9840 0.0903 -0.1535
vn 0.9494 0.3121 0.0363
vn -0.3645 -0.6708 0.6459
vn 0.1751 0.4761 0.8618
vn -0.8851 -0.4561 0.0924
vn -0.0591 0.9953 -0.0765
vn -0.3062 -0.8513 -0.4261
vn -0.0907 0.0075 -0.9958
vn 0.4022 -0.6751 -0.6185
vn 0.7127 0.0696 -0.6980
vn 0.6748 -0.7366 0.0461
vn 0.5749 -0.3615 0.7341
vn 0.1855 0.9809 -0.0589
vn -0.9024 0.4116 -0.1276
vn -0.3279 0.8663 0.3767
vn -0.3811 -0.6629 0.6445
vn -0.7692 0.4965 0.4023
vn -0.8972 -0.4320 0.0916
vn -0.9410 0.1857 -0.2828
vn -0.3265 -0.8436 -0.4262
vn 0.0839 0.2749 -0.9578
vn 0.3897 -0.6868 -0.6136
vn -0.2719 0.7090 -0.6507
vn 0.6911 -0.7210 0.0506
vn 0.5830 -0.3429 0.7366
vn -0.0000 -1.0000 -0.0004
vn 0.1857 0.9808 -0.0603
vn -0.8927 0.4322 -0.1276
vn -0.3540 0.8655 0.3544
vn -0.3653 -0.6624 0.6541
vn -0.7518 0.4993 0.4306
vn -0.8870 -0.4517 0.0957
vn -0.9420 0.1546 -0.2980
vn -0.3078 -0.8557 -0.4160
vn 0.0662 0.2684 -0.9610
vn 0.4036 -0.6824 -0.6095
vn -0.2777 0.7162 -0.6403
vn 0.7290 -0.6818 0.0607
vn 0.6006 -0.2969 0.7424
vn 0.0988 0.9925 -0.0726
vn -0.9222 0.3651 -0.1276
vn -0.4560 0.8274 0.3280
vn -0.3282 -0.6574 0.6783
vn -0.7894 0.4373 0.4308
vn -0.8601 -0.4991 0.1055
vn -0.9451 0.0342 -0.3249
vn -0.2629 -0.8825 -0.3898
vn 0.0464 0.2631 -0.9637
vn 0.4386 -0.6683 -0.6008
vn -0.3413 0.6887 -0.6397
vn 0.6740 -0.7167 -0.1789
vn 0.8758 0.4826 0.0054
vn 0.4436 -0.7166 0.5382
vn -0.0000 -0.9513 -0.3083
vn 0.4854 -0.2585 -0.8352
vn -0.3730 -0.5750 -0.7282
vn -0.4388 0.6246 -0.6460
vn 0.3230 0.8269 -0.4603
vn -0.0000 1.0000 0.0020
vn 0.3741 0.6949 0.6142
vn -0.4833 0.3873 0.7851
vn -0.6778 0.7342 0.0391
vn -0.8762 -0.4591 -0.1467
vn -0.3240 -0.8934 0.3113
vn 0.6741 -0.7171 -0.1772
vn 0.8756 0.4829 0.0041
vn 0.4435 -0.7165 0.5385
vn -0.0000 -0.9520 -0.3060
vn 0.4854 -0.2581 -0.8354
vn -0.3639 -0.5751 -0.7327
vn -0.4389 0.6249 -0.6457
vn 0.3227 0.8265 -0.4612
vn -0.0000 1.0000 -0.0003
vn 0.3745 0.6961 0.6126
vn -0.4834 0.3877 0.7849
vn -0.6779 0.7342 0.0375
vn -0.8763 -0.4591 -0.1458
vn -0.3236 -0.8928 0.3132
vn 0.8756 0.4829 0.0042
vn 0.4854 -0.2580 -0.8354
vn -0.8763 -0.4588 -0.1470
vn -0.3408 -0.8907 0.3009
vn 0.4759 -0.2554 -0.8416
vn 0.8761 0.4822 0.0072
vn 0.6712 -0.7133 -0.2019
vn -0.0000 -0.9513 -0.3082
vn 0.3741 0.6948 0.6142
vn -0.4833 0.3872 0.7852
vn -0.6778 0.7342 0.0392
vn -0.8753 -0.4676 -0.1233
vn -0.4482 0.6228 -0.6413
vn -0.3730 -0.5750 -0.7281
vn 0.4436 -0.7167 0.5382
vn 0.3435 0.8266 -0.4457
vn 0.3742 0.6948 0.6142
vn -0.4833 0.3873 0.7852
vn -0.8761 -0.4592 -0.1468
vn -0.3733 -0.5757 -0.7275
vn 0.3431 0.8264 -0.4465
vn -0.3408 -0.8907 0.3010
vn -0.0000 -0.0000 1.0000
vn -0.0000 0.4422 0.8969
vn -0.3830 0.2211 0.8969
vn -0.3830 -0.2211 0.8969
vn -0.0000 -0.4422 0.8969
vn 0.3830 -0.2211 0.8969
vn 0.3830 0.2211 0.8969
vn 0.4899 0.2828 0.8246
vn -0.0000 0.5657 0.8246
vn -0.4899 0.2828 0.8246
vn 0.4899 -0.2828 0.8246
vn -0.0000 -0.5657 0.8246
vn -0.4899 -0.2828 0.8246
vn -0.5773 -0.5774 0.5774
vn -0.5774 -0.5774 -0.5773
vn 0.5774 -0.5774 -0.5774
vn 0.5773 0.5773 0.5774
vn -0.5773 0.5773 0.5774
vn 0.5774 0.5774 -0.5773
vn -0.5774 0.5774 -0.5773
vn -0.5774 -0.5774 0.5774
vn -0.5774 -0.5774 -0.5774
vn -0.5774 0.5774 0.5774
vn 0.5774 0.5774 -0.5774
vn -0.5774 0.5774 -0.5774
vn -0.5774 -0.5774 0.5773
vn -0.5773 -0.5773 -0.5774
vn 0.5773 -0.5773 -0.5774
vn 0.5774 -0.5774 0.5773
vn 0.5774 0.5774 0.5773
vn 0.5773 0.5774 -0.5774
vt 0.021193 1.019894
vt 0.003790 1.020041
vt 0.038596 1.020041
vt 0.139970 0.021551
vt 0.162006 0.025226
vt 0.100413 0.025226
vt 0.122449 0.021551
vt 0.187699 0.035398
vt 0.209768 0.050650
vt 0.052651 0.050650
vt 0.074720 0.035398
vt 0.226158 0.069314
vt 0.235948 0.088925
vt 0.026471 0.088925
vt 0.036261 0.069314
vt 0.240123 0.107762
vt 0.239905 0.125667
vt 0.022514 0.125667
vt 0.022296 0.107762
vt 0.234871 0.143408
vt 0.225950 0.161388
vt 0.036469 0.161388
vt 0.027548 0.143408
vt 0.214361 0.177064
vt 0.202465 0.188574
vt 0.059954 0.188574
vt 0.048058 0.177064
vt 0.195664 0.196945
vt 0.193106 0.202755
vt 0.069313 0.202755
vt 0.066755 0.196945
vt 0.190710 0.210041
vt 0.189951 0.218021
vt 0.072468 0.218021
vt 0.071709 0.210041
vt 0.191093 0.224681
vt 0.192934 0.231343
vt 0.069485 0.231343
vt 0.071326 0.224681
vt 0.196338 0.240778
vt 0.199747 0.250216
vt 0.062672 0.250216
vt 0.066081 0.240778
vt 0.200374 0.257047
vt 0.199772 0.263880
vt 0.062647 0.263880
vt 0.062045 0.257047
vt 0.195499 0.272874
vt 0.189727 0.280198
vt 0.072692 0.280198
vt 0.066919 0.272874
vt 0.179386 0.287702
vt 0.167756 0.293501
vt 0.094663 0.293501
vt 0.083033 0.287702
vt 0.148621 0.296606
vt 0.113798 0.296606
vt 0.668889 0.033967
vt 0.704278 0.040072
vt 0.663798 0.277196
vt 0.658447 0.276579
vt 0.647854 0.276579
vt 0.637412 0.033967
vt 0.744976 0.056297
vt 0.780003 0.080619
vt 0.673675 0.280727
vt 0.668740 0.278953
vt 0.806001 0.110380
vt 0.821488 0.141650
vt 0.682362 0.286266
vt 0.678028 0.283495
vt 0.828028 0.171686
vt 0.827557 0.200233
vt 0.689576 0.293496
vt 0.685974 0.289882
vt 0.819392 0.228515
vt 0.805010 0.257140
vt 0.695072 0.302155
vt 0.692324 0.297819
vt 0.786375 0.282051
vt 0.767298 0.300297
vt 0.698574 0.311971
vt 0.696828 0.307066
vt 0.756404 0.313516
vt 0.752308 0.322702
vt 0.699799 0.322620
vt 0.699190 0.317306
vt 0.747312 0.346684
vt 0.698560 0.333331
vt 0.699186 0.327969
vt 0.748485 0.334154
vt 0.752153 0.367776
vt 0.695067 0.343095
vt 0.696813 0.338220
vt 0.749175 0.357211
vt 0.763185 0.397760
vt 0.689589 0.351722
vt 0.692326 0.347416
vt 0.757663 0.382739
vt 0.763342 0.419542
vt 0.682434 0.358892
vt 0.686013 0.355306
vt 0.764244 0.408655
vt 0.747527 0.445437
vt 0.673811 0.364416
vt 0.678122 0.361659
vt 0.756631 0.433817
vt 0.731203 0.457305
vt 0.712960 0.466468
vt 0.663984 0.367983
vt 0.668901 0.366205
vt 0.683447 0.471306
vt 0.653151 0.472718
vt 0.653151 0.369268
vt 0.658576 0.368641
vt 0.642503 0.277196
vt 0.602023 0.040072
vt 0.561325 0.056297
vt 0.637561 0.278953
vt 0.632626 0.280727
vt 0.526298 0.080619
vt 0.500300 0.110380
vt 0.628273 0.283495
vt 0.623939 0.286266
vt 0.484813 0.141650
vt 0.478274 0.171686
vt 0.620327 0.289882
vt 0.616725 0.293496
vt 0.478744 0.200233
vt 0.486909 0.228515
vt 0.613977 0.297819
vt 0.611229 0.302155
vt 0.501291 0.257140
vt 0.519926 0.282052
vt 0.609473 0.307066
vt 0.607727 0.311971
vt 0.539003 0.300297
vt 0.549897 0.313516
vt 0.607111 0.317307
vt 0.606502 0.322620
vt 0.553993 0.322702
vt 0.558989 0.346684
vt 0.557816 0.334154
vt 0.607115 0.327969
vt 0.607741 0.333331
vt 0.554148 0.367776
vt 0.557126 0.357211
vt 0.609488 0.338220
vt 0.611234 0.343095
vt 0.543116 0.397760
vt 0.548638 0.382739
vt 0.613975 0.347417
vt 0.616712 0.351722
vt 0.542959 0.419542
vt 0.542057 0.408655
vt 0.620288 0.355306
vt 0.623867 0.358892
vt 0.558775 0.445437
vt 0.549670 0.433817
vt 0.628179 0.361659
vt 0.632490 0.364416
vt 0.575098 0.457305
vt 0.637400 0.366205
vt 0.642318 0.367983
vt 0.593342 0.466468
vt 0.622854 0.471306
vt 0.647726 0.368641
vt 0.131314 0.589519
vt 0.113033 0.588382
vt 0.149603 0.588382
vt 0.131318 0.316064
vt 0.140383 0.316913
vt 0.122242 0.316915
vt 0.074660 0.330733
vt 0.187971 0.330734
vt 0.209668 0.345733
vt 0.052963 0.345733
vt 0.036889 0.364042
vt 0.225742 0.364042
vt 0.235322 0.383229
vt 0.027309 0.383229
vt 0.023228 0.401630
vt 0.239403 0.401631
vt 0.239186 0.419072
vt 0.023445 0.419072
vt 0.028353 0.436413
vt 0.234278 0.436413
vt 0.225509 0.454090
vt 0.037122 0.454090
vt 0.048519 0.469509
vt 0.214112 0.469509
vt 0.202309 0.481038
vt 0.060322 0.481038
vt 0.067277 0.489695
vt 0.195353 0.489694
vt 0.192612 0.495754
vt 0.070018 0.495754
vt 0.072452 0.503309
vt 0.190178 0.503309
vt 0.189400 0.511691
vt 0.073231 0.511691
vt 0.072103 0.518661
vt 0.190528 0.518661
vt 0.192401 0.525468
vt 0.070230 0.525468
vt 0.066828 0.534968
vt 0.195803 0.534968
vt 0.199081 0.544200
vt 0.063550 0.544200
vt 0.062948 0.550633
vt 0.199683 0.550633
vt 0.199104 0.556971
vt 0.063527 0.556971
vt 0.067557 0.565485
vt 0.195075 0.565486
vt 0.189584 0.572443
vt 0.073047 0.572442
vt 0.083047 0.579720
vt 0.179583 0.579722
vt 0.168343 0.585310
vt 0.094288 0.585308
vt 0.162670 0.320712
vt 0.099962 0.320711
vt 0.907444 0.961146
vt 0.907444 0.939605
vt 0.906270 0.939605
vt 0.906270 0.961146
vt 0.907444 0.063086
vt 0.907444 0.041503
vt 0.906270 0.041503
vt 0.906270 0.063086
vt 0.907444 0.501317
vt 0.907444 0.490456
vt 0.906270 0.490456
vt 0.906270 0.501317
vt 0.907444 0.512236
vt 0.906270 0.512236
vt 0.907444 0.433948
vt 0.907444 0.403864
vt 0.906270 0.403864
vt 0.906270 0.433948
vt 0.907444 0.598828
vt 0.907444 0.568744
vt 0.906270 0.568744
vt 0.906270 0.598828
vt 0.907444 0.376080
vt 0.907444 0.351637
vt 0.906270 0.351637
vt 0.906270 0.376080
vt 0.907444 0.651055
vt 0.907444 0.626612
vt 0.906270 0.626612
vt 0.906270 0.651055
vt 0.907444 0.330162
vt 0.907444 0.310305
vt 0.906270 0.310305
vt 0.906270 0.330162
vt 0.907444 0.692387
vt 0.907444 0.672530
vt 0.906270 0.672530
vt 0.906270 0.692387
vt 0.907444 0.289772
vt 0.907444 0.267251
vt 0.906270 0.267251
vt 0.906270 0.289772
vt 0.907444 0.735441
vt 0.907444 0.712920
vt 0.906270 0.712920
vt 0.906270 0.735441
vt 0.907444 0.245370
vt 0.907444 0.226459
vt 0.906270 0.226459
vt 0.906270 0.245370
vt 0.907444 0.776233
vt 0.907444 0.757323
vt 0.906270 0.757322
vt 0.906270 0.776233
vt 0.907444 0.213569
vt 0.907444 0.205797
vt 0.906270 0.205797
vt 0.906270 0.213569
vt 0.907444 0.796895
vt 0.907444 0.789123
vt 0.906270 0.789123
vt 0.906270 0.796895
vt 0.907444 0.196572
vt 0.907444 0.186727
vt 0.906270 0.186727
vt 0.906270 0.196572
vt 0.907444 0.815965
vt 0.907444 0.806120
vt 0.906270 0.806120
vt 0.906270 0.815965
vt 0.907444 0.178490
vt 0.907444 0.170327
vt 0.906270 0.170327
vt 0.906270 0.178490
vt 0.907444 0.832365
vt 0.907444 0.824202
vt 0.906270 0.824202
vt 0.906270 0.832365
vt 0.907444 0.158723
vt 0.907444 0.147567
vt 0.906270 0.147567
vt 0.906270 0.158723
vt 0.907444 0.855125
vt 0.907444 0.843968
vt 0.906270 0.843968
vt 0.906270 0.855125
vt 0.907444 0.140291
vt 0.907444 0.133153
vt 0.906270 0.133153
vt 0.906270 0.140291
vt 0.907444 0.869539
vt 0.907444 0.862401
vt 0.906270 0.862401
vt 0.906270 0.869539
vt 0.907444 0.122526
vt 0.907444 0.112522
vt 0.906270 0.112522
vt 0.906270 0.122526
vt 0.907444 0.890170
vt 0.907444 0.880166
vt 0.906270 0.880166
vt 0.906270 0.890170
vt 0.907444 0.098492
vt 0.907444 0.084312
vt 0.906270 0.084312
vt 0.906270 0.098492
vt 0.907444 0.918379
vt 0.907444 0.904199
vt 0.906270 0.904199
vt 0.906270 0.918379
vt 0.907444 0.464940
vt 0.906270 0.464940
vt 0.906270 0.537752
vt 0.907444 0.537752
vt 0.910269 0.501317
vt 0.967655 0.501317
vt 0.967655 0.490456
vt 0.910269 0.490456
vt 0.967655 0.464940
vt 0.910269 0.464940
vt 0.967655 0.433948
vt 0.910269 0.433948
vt 0.967655 0.403864
vt 0.910269 0.403864
vt 0.967655 0.376080
vt 0.910269 0.376080
vt 0.967655 0.351637
vt 0.910269 0.351637
vt 0.967655 0.330162
vt 0.910269 0.330162
vt 0.967655 0.310305
vt 0.910269 0.310305
vt 0.967655 0.289772
vt 0.910269 0.289772
vt 0.967655 0.267251
vt 0.910269 0.267251
vt 0.967655 0.245370
vt 0.910269 0.245370
vt 0.967655 0.226459
vt 0.910269 0.226459
vt 0.967655 0.213569
vt 0.910269 0.213569
vt 0.967655 0.205797
vt 0.910269 0.205797
vt 0.967655 0.196572
vt 0.910269 0.196572
vt 0.967655 0.186727
vt 0.910269 0.186727
vt 0.967655 0.178490
vt 0.910269 0.178490
vt 0.967655 0.170327
vt 0.910269 0.170327
vt 0.967655 0.158723
vt 0.910269 0.158723
vt 0.967655 0.147567
vt 0.910269 0.147567
vt 0.967655 0.140291
vt 0.910269 0.140291
vt 0.967655 0.133153
vt 0.910269 0.133153
vt 0.967655 0.122526
vt 0.910269 0.122526
vt 0.967655 0.112522
vt 0.910269 0.112522
vt 0.967655 0.098492
vt 0.910269 0.098492
vt 0.967655 0.084312
vt 0.910269 0.084312
vt 0.967655 0.063086
vt 0.910269 0.063086
vt 0.967655 0.041503
vt 0.910269 0.041503
vt 0.910269 0.961146
vt 0.967655 0.961146
vt 0.967655 0.939605
vt 0.910269 0.939605
vt 0.967655 0.918379
vt 0.910269 0.918379
vt 0.967655 0.904199
vt 0.910269 0.904199
vt 0.967655 0.890170
vt 0.910269 0.890170
vt 0.967655 0.880166
vt 0.910269 0.880166
vt 0.967655 0.869539
vt 0.910269 0.869539
vt 0.967655 0.862401
vt 0.910269 0.862401
vt 0.967655 0.855125
vt 0.910269 0.855125
vt 0.967655 0.843968
vt 0.910269 0.843968
vt 0.967655 0.832365
vt 0.910269 0.832365
vt 0.967655 0.824202
vt 0.910269 0.824202
vt 0.967655 0.815965
vt 0.910269 0.815965
vt 0.967655 0.806120
vt 0.910269 0.806120
vt 0.967655 0.796895
vt 0.910269 0.796894
vt 0.967655 0.789123
vt 0.910269 0.789123
vt 0.967655 0.776233
vt 0.910269 0.776233
vt 0.967655 0.757323
vt 0.910269 0.757322
vt 0.967655 0.735441
vt 0.910269 0.735441
vt 0.967655 0.712920
vt 0.910269 0.712920
vt 0.967655 0.692387
vt 0.910269 0.692387
vt 0.967655 0.672530
vt 0.910269 0.672530
vt 0.967655 0.651055
vt 0.910269 0.651055
vt 0.967655 0.626612
vt 0.910269 0.626612
vt 0.967655 0.598828
vt 0.910269 0.598828
vt 0.967655 0.568744
vt 0.910269 0.568744
vt 0.967655 0.537752
vt 0.910269 0.537752
vt 0.967655 0.512236
vt 0.910269 0.512236
vt 0.251300 0.258698
vt 0.254410 0.258698
vt 0.254410 0.261808
vt 0.251300 0.261808
vt 0.254410 0.264918
vt 0.251300 0.264918
vt 0.251300 0.252478
vt 0.254410 0.252478
vt 0.254410 0.255588
vt 0.251300 0.255588
vt 0.251300 0.246258
vt 0.254410 0.246258
vt 0.254410 0.249368
vt 0.251300 0.249368
vt 0.251300 0.240038
vt 0.254410 0.240038
vt 0.254410 0.243148
vt 0.251300 0.243148
vt 0.251300 0.233818
vt 0.254410 0.233818
vt 0.254410 0.236928
vt 0.251300 0.236928
vt 0.251300 0.227597
vt 0.254410 0.227597
vt 0.254410 0.230707
vt 0.251300 0.230707
vt 0.251300 0.221377
vt 0.254410 0.221377
vt 0.254410 0.224487
vt 0.251300 0.224487
vt 0.251300 0.215157
vt 0.254410 0.215157
vt 0.254410 0.218267
vt 0.251300 0.218267
vt 0.251300 0.208937
vt 0.254410 0.208937
vt 0.254410 0.212047
vt 0.251300 0.212047
vt 0.251300 0.202717
vt 0.254410 0.202717
vt 0.254410 0.205827
vt 0.251300 0.205827
vt 0.251300 0.196497
vt 0.254410 0.196497
vt 0.254410 0.199607
vt 0.251300 0.199607
vt 0.251300 0.190277
vt 0.254410 0.190277
vt 0.254410 0.193387
vt 0.251300 0.193387
vt 0.251300 0.184057
vt 0.254410 0.184057
vt 0.254410 0.187167
vt 0.251300 0.187167
vt 0.251300 0.177837
vt 0.254410 0.177837
vt 0.254410 0.180947
vt 0.251300 0.180947
vt 0.254410 0.268028
vt 0.251300 0.268028
vt 0.251300 0.271138
vt 0.254410 0.271138
vt 0.254410 0.274248
vt 0.251300 0.274248
vt 0.251300 0.277358
vt 0.254410 0.277358
vt 0.254410 0.280468
vt 0.251300 0.280468
vt 0.251300 0.283578
vt 0.254410 0.283578
vt 0.254410 0.286689
vt 0.251300 0.286689
vt 0.251300 0.289799
vt 0.254410 0.289799
vt 0.254410 0.292909
vt 0.251300 0.292909
vt 0.251300 0.296019
vt 0.254410 0.296019
vt 0.254410 0.299129
vt 0.251300 0.299129
vt 0.251300 0.302239
vt 0.254410 0.302239
vt 0.254410 0.305349
vt 0.251300 0.305349
vt 0.251300 0.308459
vt 0.254410 0.308459
vt 0.254410 0.311569
vt 0.251300 0.311569
vt 0.251300 0.314679
vt 0.254410 0.314679
vt 0.254410 0.317789
vt 0.251300 0.317789
vt 0.251300 0.320899
vt 0.254410 0.320899
vt 0.254410 0.324009
vt 0.251300 0.324009
vt 0.251300 0.327119
vt 0.254410 0.327119
vt 0.254410 0.330229
vt 0.251300 0.330229
vt 0.251300 0.333339
vt 0.254410 0.333339
vt 0.254410 0.336449
vt 0.251300 0.336449
vt 0.251300 0.339559
vt 0.254410 0.339559
vt 0.254410 0.342670
vt 0.251300 0.342670
vt 0.251300 0.345780
vt 0.254410 0.345780
vt 0.254410 0.348890
vt 0.251300 0.348890
vt 0.838699 0.056862
vt 0.894839 0.056862
vt 0.894838 0.075054
vt 0.838699 0.075054
vt 0.838791 0.956212
vt 0.894930 0.956212
vt 0.894931 0.974404
vt 0.838791 0.974404
vt 0.838699 0.508953
vt 0.894838 0.508953
vt 0.894838 0.521484
vt 0.838699 0.521484
vt 0.838699 0.377327
vt 0.894838 0.377327
vt 0.894838 0.402946
vt 0.838699 0.402946
vt 0.838791 0.628318
vt 0.894930 0.628318
vt 0.894930 0.653938
vt 0.838791 0.653938
vt 0.838699 0.332402
vt 0.894838 0.332402
vt 0.894838 0.353531
vt 0.838699 0.353531
vt 0.838791 0.677733
vt 0.894930 0.677733
vt 0.894930 0.698863
vt 0.838791 0.698863
vt 0.838699 0.296213
vt 0.894838 0.296213
vt 0.894838 0.313674
vt 0.838699 0.313674
vt 0.838791 0.717591
vt 0.894930 0.717591
vt 0.894930 0.735052
vt 0.838791 0.735052
vt 0.838699 0.258804
vt 0.894838 0.258804
vt 0.894838 0.278253
vt 0.838699 0.278253
vt 0.838791 0.753012
vt 0.894930 0.753012
vt 0.894930 0.772462
vt 0.838791 0.772462
vt 0.838699 0.223625
vt 0.894838 0.223625
vt 0.894838 0.239866
vt 0.838699 0.239866
vt 0.838791 0.791400
vt 0.894930 0.791400
vt 0.894930 0.807640
vt 0.838791 0.807640
vt 0.838699 0.205693
vt 0.894839 0.205693
vt 0.894838 0.212631
vt 0.838699 0.212631
vt 0.838791 0.818634
vt 0.894930 0.818634
vt 0.894931 0.825572
vt 0.838791 0.825572
vt 0.838699 0.189099
vt 0.894838 0.189099
vt 0.894838 0.197552
vt 0.838699 0.197552
vt 0.838791 0.833713
vt 0.894930 0.833713
vt 0.894930 0.842166
vt 0.838791 0.842166
vt 0.838699 0.174405
vt 0.894838 0.174405
vt 0.894838 0.181824
vt 0.838699 0.181824
vt 0.838791 0.849442
vt 0.894930 0.849442
vt 0.894930 0.856860
vt 0.838791 0.856860
vt 0.838699 0.153886
vt 0.894838 0.153886
vt 0.894838 0.164151
vt 0.838699 0.164151
vt 0.838791 0.867115
vt 0.894930 0.867115
vt 0.894930 0.877380
vt 0.838791 0.877380
vt 0.838699 0.139173
vt 0.894838 0.139173
vt 0.894838 0.146527
vt 0.838699 0.146527
vt 0.838791 0.884738
vt 0.894930 0.884738
vt 0.894930 0.892092
vt 0.838791 0.892092
vt 0.838699 0.119387
vt 0.894838 0.119387
vt 0.894838 0.128990
vt 0.838699 0.128990
vt 0.838791 0.902276
vt 0.894930 0.902276
vt 0.894930 0.911879
vt 0.838791 0.911879
vt 0.838699 0.093689
vt 0.894838 0.093689
vt 0.894838 0.106622
vt 0.838699 0.106622
vt 0.838791 0.924644
vt 0.894930 0.924644
vt 0.894930 0.937577
vt 0.838791 0.937577
vt 0.838699 0.429270
vt 0.894838 0.429270
vt 0.894838 0.451131
vt 0.838699 0.451131
vt 0.838791 0.580134
vt 0.894930 0.580134
vt 0.894930 0.601994
vt 0.838791 0.601994
vt 0.131209 0.296458
vt 0.131209 0.297240
vt 0.113014 0.296606
vt 0.149405 0.296606
vt 0.122209 0.021401
vt 0.140209 0.021401
vt 0.051870 0.050650
vt 0.073938 0.035398
vt 0.188481 0.035398
vt 0.210549 0.050650
vt 0.025690 0.088925
vt 0.035480 0.069315
vt 0.226939 0.069315
vt 0.236729 0.088925
vt 0.021733 0.125667
vt 0.021515 0.107762
vt 0.240904 0.107762
vt 0.240686 0.125667
vt 0.035688 0.161388
vt 0.026767 0.143408
vt 0.235652 0.143408
vt 0.226731 0.161388
vt 0.059173 0.188574
vt 0.047277 0.177064
vt 0.215142 0.177064
vt 0.203246 0.188574
vt 0.068531 0.202755
vt 0.065974 0.196945
vt 0.196445 0.196945
vt 0.193888 0.202755
vt 0.071686 0.218021
vt 0.070928 0.210041
vt 0.191491 0.210041
vt 0.190733 0.218021
vt 0.068704 0.231343
vt 0.070545 0.224681
vt 0.191874 0.224681
vt 0.193715 0.231343
vt 0.061891 0.250216
vt 0.065300 0.240778
vt 0.197119 0.240778
vt 0.200528 0.250216
vt 0.061866 0.263879
vt 0.061264 0.257047
vt 0.201155 0.257047
vt 0.200553 0.263879
vt 0.071911 0.280198
vt 0.066138 0.272874
vt 0.196281 0.272874
vt 0.190508 0.280198
vt 0.093881 0.293501
vt 0.082251 0.287702
vt 0.180168 0.287702
vt 0.168538 0.293501
vt 0.099630 0.025226
vt 0.162789 0.025226
vt 0.668939 0.032716
vt 0.704487 0.038839
vt 0.745380 0.055112
vt 0.780589 0.079513
vt 0.806744 0.109373
vt 0.822355 0.140748
vt 0.828990 0.170885
vt 0.828593 0.199532
vt 0.820490 0.227914
vt 0.806167 0.256665
vt 0.787581 0.281714
vt 0.768533 0.300086
vt 0.757653 0.313432
vt 0.753560 0.322702
vt 0.749727 0.334308
vt 0.748520 0.347014
vt 0.750352 0.357637
vt 0.753302 0.368272
vt 0.758765 0.383333
vt 0.764247 0.398424
vt 0.765279 0.409360
vt 0.764344 0.420292
vt 0.757553 0.434663
vt 0.748369 0.446363
vt 0.731910 0.458338
vt 0.713516 0.467589
vt 0.683737 0.472523
vt 0.653151 0.473969
vt 0.601814 0.038839
vt 0.637362 0.032716
vt 0.525712 0.079513
vt 0.560921 0.055112
vt 0.483946 0.140748
vt 0.499557 0.109373
vt 0.477707 0.199532
vt 0.477311 0.170885
vt 0.500134 0.256665
vt 0.485811 0.227914
vt 0.537769 0.300086
vt 0.518721 0.281714
vt 0.552742 0.322702
vt 0.548649 0.313432
vt 0.557782 0.347014
vt 0.556574 0.334308
vt 0.552999 0.368272
vt 0.555949 0.357637
vt 0.542054 0.398424
vt 0.547537 0.383333
vt 0.541958 0.420292
vt 0.541022 0.409360
vt 0.557932 0.446363
vt 0.548748 0.434664
vt 0.592785 0.467589
vt 0.574391 0.458338
vt 0.622564 0.472523
vt 0.835069 0.056862
vt 0.835934 0.056862
vt 0.835933 0.075054
vt 0.835069 0.075054
vt 0.835161 0.956212
vt 0.836025 0.956212
vt 0.836026 0.974404
vt 0.835161 0.974404
vt 0.835069 0.508953
vt 0.835933 0.508953
vt 0.835933 0.521484
vt 0.835069 0.521484
vt 0.835069 0.377327
vt 0.835933 0.377327
vt 0.835933 0.402946
vt 0.835069 0.402946
vt 0.835161 0.628318
vt 0.836025 0.628318
vt 0.836025 0.653938
vt 0.835161 0.653938
vt 0.835069 0.332402
vt 0.835933 0.332402
vt 0.835933 0.353531
vt 0.835069 0.353531
vt 0.835161 0.677733
vt 0.836025 0.677733
vt 0.836025 0.698863
vt 0.835161 0.698863
vt 0.835069 0.296213
vt 0.835933 0.296213
vt 0.835934 0.313674
vt 0.835069 0.313674
vt 0.835161 0.717591
vt 0.836026 0.717591
vt 0.836025 0.735052
vt 0.835161 0.735052
vt 0.835069 0.258804
vt 0.835933 0.258804
vt 0.835933 0.278253
vt 0.835069 0.278253
vt 0.835161 0.753012
vt 0.836025 0.753012
vt 0.836025 0.772462
vt 0.835161 0.772461
vt 0.835069 0.223625
vt 0.835933 0.223625
vt 0.835933 0.239866
vt 0.835069 0.239866
vt 0.835161 0.791399
vt 0.836025 0.791400
vt 0.836025 0.807640
vt 0.835161 0.807640
vt 0.835069 0.205693
vt 0.835933 0.205693
vt 0.835933 0.212631
vt 0.835069 0.212631
vt 0.835161 0.818634
vt 0.836025 0.818634
vt 0.836025 0.825572
vt 0.835161 0.825572
vt 0.835069 0.189099
vt 0.835933 0.189099
vt 0.835933 0.197552
vt 0.835069 0.197552
vt 0.835161 0.833713
vt 0.836025 0.833713
vt 0.836025 0.842166
vt 0.835161 0.842166
vt 0.835069 0.174405
vt 0.835933 0.174405
vt 0.835933 0.181824
vt 0.835069 0.181824
vt 0.835161 0.849442
vt 0.836025 0.849442
vt 0.836025 0.856860
vt 0.835161 0.856860
vt 0.835069 0.153886
vt 0.835933 0.153886
vt 0.835933 0.164151
vt 0.835069 0.164151
vt 0.835161 0.867114
vt 0.836025 0.867115
vt 0.836025 0.877380
vt 0.835161 0.877380
vt 0.835069 0.139173
vt 0.835933 0.139173
vt 0.835934 0.146527
vt 0.835069 0.146527
vt 0.835161 0.884738
vt 0.836026 0.884738
vt 0.836025 0.892092
vt 0.835161 0.892092
vt 0.835069 0.119387
vt 0.835933 0.119387
vt 0.835933 0.128990
vt 0.835069 0.128990
vt 0.835161 0.902276
vt 0.836025 0.902276
vt 0.836025 0.911879
vt 0.835161 0.911879
vt 0.835069 0.093689
vt 0.835933 0.093689
vt 0.835933 0.106622
vt 0.835069 0.106622
vt 0.835161 0.924644
vt 0.836025 0.924644
vt 0.836025 0.937577
vt 0.835161 0.937577
vt 0.835069 0.429270
vt 0.835933 0.429270
vt 0.835933 0.451131
vt 0.835069 0.451131
vt 0.835161 0.580134
vt 0.836025 0.580134
vt 0.836025 0.601994
vt 0.835161 0.601994
vt 0.898468 0.451131
vt 0.897604 0.451131
vt 0.897604 0.429270
vt 0.898468 0.429270
vt 0.898468 0.402946
vt 0.897604 0.402946
vt 0.897604 0.377327
vt 0.898468 0.377327
vt 0.898468 0.353531
vt 0.897604 0.353531
vt 0.897604 0.332402
vt 0.898468 0.332402
vt 0.898468 0.313674
vt 0.897604 0.313674
vt 0.897604 0.296213
vt 0.898468 0.296213
vt 0.898468 0.278253
vt 0.897604 0.278253
vt 0.897604 0.258804
vt 0.898468 0.258804
vt 0.898468 0.239866
vt 0.897604 0.239866
vt 0.897604 0.223625
vt 0.898468 0.223625
vt 0.898468 0.212631
vt 0.897604 0.212631
vt 0.897604 0.205693
vt 0.898468 0.205693
vt 0.898468 0.197552
vt 0.897604 0.197552
vt 0.897604 0.189099
vt 0.898468 0.189099
vt 0.898468 0.181824
vt 0.897604 0.181824
vt 0.897604 0.174405
vt 0.898468 0.174405
vt 0.898468 0.164151
vt 0.897604 0.164151
vt 0.897604 0.153886
vt 0.898468 0.153886
vt 0.898468 0.146527
vt 0.897604 0.146527
vt 0.897604 0.139173
vt 0.898468 0.139173
vt 0.898468 0.128990
vt 0.897604 0.128990
vt 0.897604 0.119387
vt 0.898468 0.119387
vt 0.898468 0.106622
vt 0.897604 0.106622
vt 0.897604 0.093689
vt 0.898468 0.093689
vt 0.898468 0.075054
vt 0.897604 0.075054
vt 0.897604 0.056862
vt 0.898468 0.056862
vt 0.898560 0.601994
vt 0.897696 0.601994
vt 0.897696 0.580134
vt 0.898560 0.580134
vt 0.898468 0.521484
vt 0.897604 0.521484
vt 0.897604 0.508953
vt 0.898468 0.508953
vt 0.898560 0.653938
vt 0.897696 0.653938
vt 0.897696 0.628318
vt 0.898560 0.628318
vt 0.898560 0.698863
vt 0.897696 0.698863
vt 0.897696 0.677733
vt 0.898560 0.677733
vt 0.898560 0.735052
vt 0.897696 0.735052
vt 0.897696 0.717591
vt 0.898560 0.717591
vt 0.898560 0.772461
vt 0.897696 0.772462
vt 0.897696 0.753012
vt 0.898560 0.753012
vt 0.898560 0.807640
vt 0.897696 0.807640
vt 0.897696 0.791400
vt 0.898560 0.791399
vt 0.898560 0.825572
vt 0.897696 0.825572
vt 0.897696 0.818634
vt 0.898560 0.818634
vt 0.898560 0.842166
vt 0.897696 0.842166
vt 0.897696 0.833713
vt 0.898560 0.833713
vt 0.898560 0.856860
vt 0.897696 0.856860
vt 0.897696 0.849442
vt 0.898560 0.849442
vt 0.898560 0.877380
vt 0.897696 0.877380
vt 0.897696 0.867115
vt 0.898560 0.867114
vt 0.898560 0.892092
vt 0.897696 0.892092
vt 0.897696 0.884738
vt 0.898560 0.884738
vt 0.898560 0.911879
vt 0.897696 0.911879
vt 0.897696 0.902276
vt 0.898560 0.902276
vt 0.898560 0.937577
vt 0.897696 0.937577
vt 0.897696 0.924644
vt 0.898560 0.924644
vt 0.898560 0.974404
vt 0.897696 0.974404
vt 0.897696 0.956212
vt 0.898560 0.956212
vt 0.970481 0.501317
vt 0.970481 0.490456
vt 0.970481 0.464940
vt 0.970481 0.433948
vt 0.970481 0.403864
vt 0.970481 0.376080
vt 0.970481 0.351637
vt 0.970481 0.330162
vt 0.970481 0.310305
vt 0.970481 0.289772
vt 0.970481 0.267251
vt 0.970481 0.245370
vt 0.970481 0.226459
vt 0.970481 0.213569
vt 0.970481 0.205797
vt 0.970481 0.196572
vt 0.970481 0.186727
vt 0.970481 0.178490
vt 0.970481 0.170327
vt 0.970481 0.158723
vt 0.970481 0.147567
vt 0.970481 0.140291
vt 0.970481 0.133153
vt 0.970481 0.122526
vt 0.970481 0.112522
vt 0.970481 0.098492
vt 0.970481 0.084312
vt 0.970481 0.063086
vt 0.970481 0.041503
vt 0.970481 0.961146
vt 0.970481 0.939605
vt 0.970481 0.918379
vt 0.970481 0.904199
vt 0.970481 0.890170
vt 0.970481 0.880166
vt 0.970481 0.869539
vt 0.970481 0.862401
vt 0.970481 0.855125
vt 0.970481 0.843968
vt 0.970481 0.832365
vt 0.970481 0.824202
vt 0.970481 0.815965
vt 0.970481 0.806120
vt 0.970481 0.796895
vt 0.970481 0.789123
vt 0.970481 0.776233
vt 0.970481 0.757322
vt 0.970481 0.735441
vt 0.970481 0.712920
vt 0.970481 0.692387
vt 0.970481 0.672530
vt 0.970481 0.651055
vt 0.970481 0.626612
vt 0.970481 0.598828
vt 0.970481 0.568744
vt 0.970481 0.537752
vt 0.970481 0.512236
vt 0.658419 0.277246
vt 0.663686 0.277854
vt 0.647882 0.277246
vt 0.668524 0.279585
vt 0.673362 0.281316
vt 0.677631 0.284031
vt 0.681900 0.286747
vt 0.685462 0.290308
vt 0.689023 0.293870
vt 0.691739 0.298139
vt 0.694454 0.302408
vt 0.696186 0.307246
vt 0.697917 0.312083
vt 0.698525 0.317351
vt 0.699133 0.322619
vt 0.698525 0.327887
vt 0.697917 0.333155
vt 0.696186 0.337993
vt 0.694455 0.342831
vt 0.691739 0.347100
vt 0.689024 0.351369
vt 0.685462 0.354931
vt 0.681900 0.358492
vt 0.677631 0.361208
vt 0.673362 0.363923
vt 0.668524 0.365654
vt 0.663686 0.367385
vt 0.658419 0.367993
vt 0.653151 0.368601
vt 0.642615 0.277854
vt 0.632939 0.281316
vt 0.637777 0.279585
vt 0.624401 0.286747
vt 0.628670 0.284031
vt 0.617278 0.293870
vt 0.620840 0.290308
vt 0.611847 0.302408
vt 0.614562 0.298139
vt 0.608384 0.312083
vt 0.610115 0.307246
vt 0.607168 0.322619
vt 0.607776 0.317351
vt 0.608384 0.333155
vt 0.607776 0.327887
vt 0.611846 0.342831
vt 0.610115 0.337993
vt 0.617278 0.351369
vt 0.614562 0.347100
vt 0.624401 0.358492
vt 0.620840 0.354931
vt 0.632939 0.363923
vt 0.628670 0.361208
vt 0.642615 0.367385
vt 0.637777 0.365654
vt 0.647882 0.367993
vt 0.339449 0.045153
vt 0.342932 0.048768
vt 0.341070 0.051091
vt 0.338068 0.046453
vt 0.338452 0.054102
vt 0.336100 0.048271
vt 0.333523 0.042622
vt 0.335098 0.041412
vt 0.336365 0.041221
vt 0.292989 0.048300
vt 0.290650 0.054116
vt 0.288040 0.051113
vt 0.291026 0.046494
vt 0.286186 0.048800
vt 0.289650 0.045202
vt 0.292705 0.041285
vt 0.293966 0.041469
vt 0.295539 0.042667
vt 0.313264 0.033392
vt 0.312791 0.028683
vt 0.316275 0.028657
vt 0.315787 0.033182
vt 0.312222 0.022581
vt 0.316863 0.022708
vt 0.310363 0.070829
vt 0.310995 0.060646
vt 0.318139 0.060745
vt 0.318685 0.070767
vt 0.311519 0.051657
vt 0.317571 0.051723
vt 0.361886 0.059146
vt 0.354109 0.080488
vt 0.347295 0.076495
vt 0.355630 0.056701
vt 0.349704 0.106421
vt 0.337465 0.130677
vt 0.347295 0.052218
vt 0.344401 0.056487
vt 0.340626 0.061980
vt 0.324155 0.027143
vt 0.324934 0.026147
vt 0.330198 0.033403
vt 0.328973 0.034355
vt 0.325393 0.025551
vt 0.330737 0.032973
vt 0.279384 0.106377
vt 0.274987 0.080455
vt 0.281795 0.076472
vt 0.291625 0.130641
vt 0.267252 0.059118
vt 0.273508 0.056687
vt 0.288478 0.061975
vt 0.284715 0.056492
vt 0.281834 0.052231
vt 0.303548 0.025563
vt 0.304015 0.026159
vt 0.298802 0.033467
vt 0.298261 0.033041
vt 0.304802 0.027158
vt 0.300031 0.034409
vt 0.989566 0.478254
vt 0.980249 0.478264
vt 0.980251 0.446700
vt 0.989495 0.446692
vt 0.310412 0.145084
vt 0.309411 0.094266
vt 0.319618 0.094442
vt 0.318710 0.145094
vt 0.309792 0.084597
vt 0.319157 0.084548
vt 0.316724 0.040576
vt 0.312306 0.040548
vt 0.341735 0.440190
vt 0.334391 0.440066
vt 0.294688 0.440067
vt 0.287342 0.440190
vt 0.317866 0.439896
vt 0.311211 0.439897
vt 0.308556 0.026742
vt 0.309065 0.030222
vt 0.307489 0.023599
vt 0.320442 0.026746
vt 0.321475 0.023651
vt 0.319936 0.030168
vt 0.300656 0.054424
vt 0.299351 0.062584
vt 0.302535 0.047403
vt 0.328434 0.054435
vt 0.326535 0.047403
vt 0.329742 0.062600
vt 0.989523 0.515899
vt 0.980248 0.515898
vt 0.980223 0.498688
vt 0.989580 0.498681
vt 0.980297 0.423996
vt 0.989530 0.424001
vt 0.989505 0.434642
vt 0.980275 0.434647
vt 0.288913 0.074412
vt 0.298506 0.086355
vt 0.301758 0.144054
vt 0.298756 0.074420
vt 0.330313 0.074417
vt 0.323317 0.038020
vt 0.305717 0.038055
vt 0.325092 0.439937
vt 0.327345 0.144071
vt 0.303985 0.439937
vt 0.351219 0.054582
vt 0.346519 0.063728
vt 0.340169 0.074423
vt 0.282590 0.063716
vt 0.277916 0.054582
vt 0.330560 0.086372
vt 0.993244 0.705473
vt 0.987014 0.705234
vt 0.981610 0.693012
vt 0.989088 0.698839
vt 0.384840 0.385049
vt 0.393299 0.389536
vt 0.384382 0.395706
vt 0.400575 0.390945
vt 0.400356 0.397389
vt 0.393068 0.397070
vt 0.407394 0.390925
vt 0.407649 0.397363
vt 0.414664 0.389487
vt 0.414941 0.396999
vt 0.423632 0.395587
vt 0.987014 0.227960
vt 0.993244 0.227720
vt 0.989087 0.234356
vt 0.981675 0.240183
vt 0.504712 0.428288
vt 0.503294 0.447935
vt 0.493811 0.447935
vt 0.492401 0.428288
vt 0.517023 0.428288
vt 0.512778 0.447935
vt 0.529177 0.428269
vt 0.522105 0.447908
vt 0.980116 0.634729
vt 0.980273 0.595497
vt 0.989795 0.598039
vt 0.989726 0.638074
vt 0.380836 0.430779
vt 0.386279 0.456226
vt 0.374539 0.455953
vt 0.365531 0.430433
vt 0.396343 0.430881
vt 0.398219 0.456310
vt 0.411868 0.430832
vt 0.410163 0.456274
vt 0.427380 0.430634
vt 0.422107 0.456115
vt 0.442695 0.430191
vt 0.434144 0.455768
vt 0.989727 0.295120
vt 0.989788 0.335017
vt 0.980420 0.337554
vt 0.980316 0.298462
vt 0.480091 0.428287
vt 0.484327 0.447934
vt 0.474772 0.447907
vt 0.467936 0.428268
vt 0.502908 0.467582
vt 0.500743 0.479081
vt 0.489677 0.484240
vt 0.494206 0.467582
vt 0.494714 0.414593
vt 0.502400 0.414593
vt 0.511610 0.467582
vt 0.510651 0.478393
vt 0.510085 0.414594
vt 0.520155 0.467547
vt 0.519614 0.479058
vt 0.517614 0.414581
vt 0.980242 0.558278
vt 0.980217 0.536893
vt 0.989637 0.537742
vt 0.989698 0.559976
vt 0.989011 0.671855
vt 0.979368 0.667843
vt 0.387834 0.481680
vt 0.389085 0.495368
vt 0.377809 0.496237
vt 0.377080 0.481502
vt 0.379992 0.412719
vt 0.389491 0.413153
vt 0.398787 0.481729
vt 0.401558 0.496289
vt 0.399202 0.413341
vt 0.409742 0.481696
vt 0.415509 0.503115
vt 0.408900 0.413311
vt 0.420699 0.481579
vt 0.424904 0.501679
vt 0.418614 0.413063
vt 0.432100 0.481333
vt 0.432514 0.498424
vt 0.428122 0.412567
vt 0.989682 0.373038
vt 0.989606 0.398668
vt 0.980333 0.399511
vt 0.980368 0.374730
vt 0.979489 0.265354
vt 0.989008 0.261339
vt 0.485504 0.467581
vt 0.482211 0.483215
vt 0.476165 0.480826
vt 0.476453 0.467546
vt 0.479499 0.414581
vt 0.487028 0.414593
vt 0.498605 0.490384
vt 0.485186 0.500705
vt 0.495781 0.400899
vt 0.501332 0.400899
vt 0.509705 0.489006
vt 0.506883 0.400899
vt 0.519031 0.490348
vt 0.512120 0.400899
vt 0.390316 0.508860
vt 0.378587 0.510700
vt 0.404291 0.510655
vt 0.421225 0.524343
vt 0.429071 0.521586
vt 0.432894 0.515311
vt 0.478949 0.498654
vt 0.475901 0.493952
vt 0.484993 0.400898
vt 0.490231 0.400899
vt 0.362236 0.059304
vt 0.354482 0.080671
vt 0.278891 0.106065
vt 0.274614 0.080636
vt 0.350198 0.106109
vt 0.266902 0.059275
vt 0.514177 0.400939
vt 0.482936 0.400939
vt 0.423112 0.384980
vt 0.401306 0.045963
vt 0.408206 0.045963
vt 0.407685 0.381550
vt 0.401832 0.381550
vt 0.415107 0.044342
vt 0.421212 0.041225
vt 0.418397 0.381550
vt 0.413538 0.381550
vt 0.395979 0.381550
vt 0.391119 0.381550
vt 0.388300 0.041225
vt 0.394405 0.044342
vt 0.401303 0.045176
vt 0.408209 0.045176
vt 0.415115 0.043555
vt 0.422021 0.039909
vt 0.419374 0.382337
vt 0.419375 0.382337
vt 0.413528 0.382337
vt 0.407682 0.382337
vt 0.401835 0.382337
vt 0.395989 0.382337
vt 0.390142 0.382337
vt 0.387492 0.039909
vt 0.394398 0.043555
vt 0.497709 0.590541
vt 0.497709 0.565306
vt 0.500597 0.565306
vt 0.500597 0.590541
vt 0.490913 0.590535
vt 0.492166 0.590535
vt 0.492166 0.565312
vt 0.490913 0.565312
vt 0.496785 0.575332
vt 0.499672 0.575211
vt 0.497710 0.580232
vt 0.496457 0.580232
vt 0.492543 0.590991
vt 0.492543 0.564856
vt 0.497745 0.564856
vt 0.497745 0.590991
vt 0.493096 0.565298
vt 0.493096 0.590550
vt 0.498001 0.590550
vt 0.498001 0.565298
vt 0.743862 0.595503
vt 0.744221 0.596379
vt 0.744257 0.630032
vt 0.743862 0.630919
vt 0.744617 0.596298
vt 0.744654 0.630139
vt 0.745022 0.595515
vt 0.745022 0.630913
vt 0.742218 0.595567
vt 0.742577 0.596445
vt 0.742622 0.630676
vt 0.742218 0.631459
vt 0.742973 0.596363
vt 0.743018 0.630594
vt 0.743377 0.595579
vt 0.743377 0.631472
vt 0.741733 0.632019
vt 0.741374 0.631139
vt 0.741329 0.596422
vt 0.741733 0.595636
vt 0.740978 0.631221
vt 0.740933 0.596504
vt 0.740574 0.632007
vt 0.740574 0.595624
vt 0.740089 0.632586
vt 0.739730 0.631705
vt 0.739685 0.596489
vt 0.740089 0.595701
vt 0.739334 0.631787
vt 0.739289 0.596571
vt 0.738930 0.632574
vt 0.738930 0.595689
vt 0.737286 0.595735
vt 0.737645 0.596617
vt 0.737689 0.632192
vt 0.737286 0.632981
vt 0.738041 0.596536
vt 0.738086 0.632110
vt 0.738445 0.595746
vt 0.738445 0.632993
vt 0.735642 0.595790
vt 0.736001 0.596674
vt 0.736046 0.632690
vt 0.735643 0.633482
vt 0.736398 0.596592
vt 0.736442 0.632609
vt 0.736801 0.595801
vt 0.736801 0.633493
vt 0.733999 0.595832
vt 0.734367 0.596617
vt 0.734402 0.633034
vt 0.733999 0.633828
vt 0.734764 0.596724
vt 0.734798 0.632953
vt 0.735157 0.595828
vt 0.735157 0.633838
vt 0.745507 0.595335
vt 0.745866 0.596207
vt 0.745912 0.628611
vt 0.745507 0.629387
vt 0.746262 0.596125
vt 0.746308 0.628529
vt 0.746667 0.595349
vt 0.746667 0.629401
vt 0.733514 0.634702
vt 0.733155 0.633814
vt 0.733111 0.596732
vt 0.733514 0.595936
vt 0.732758 0.633896
vt 0.732714 0.596813
vt 0.732355 0.634691
vt 0.732355 0.595925
vt 0.731871 0.635131
vt 0.731511 0.634242
vt 0.731468 0.596782
vt 0.731871 0.595984
vt 0.731115 0.634324
vt 0.731071 0.596863
vt 0.730712 0.635121
vt 0.730712 0.595974
vt 0.729069 0.596011
vt 0.729428 0.596901
vt 0.729472 0.634663
vt 0.729069 0.635462
vt 0.729825 0.596820
vt 0.729868 0.634581
vt 0.730227 0.596021
vt 0.730227 0.635471
vt 0.726941 0.635954
vt 0.726582 0.635063
vt 0.726548 0.596966
vt 0.726941 0.596064
vt 0.726186 0.635144
vt 0.726151 0.596860
vt 0.725783 0.635946
vt 0.725783 0.596067
vt 0.728585 0.635776
vt 0.728225 0.634885
vt 0.728191 0.596946
vt 0.728584 0.596044
vt 0.727829 0.634966
vt 0.727794 0.596840
vt 0.727427 0.635767
vt 0.727426 0.596047
vt 0.725298 0.636409
vt 0.724939 0.635516
vt 0.724896 0.596926
vt 0.725298 0.596124
vt 0.724543 0.635597
vt 0.724500 0.597008
vt 0.724141 0.636399
vt 0.724141 0.596115
vt 0.722498 0.596132
vt 0.722866 0.596928
vt 0.722900 0.635731
vt 0.722498 0.636535
vt 0.723263 0.597034
vt 0.723297 0.635650
vt 0.723656 0.596130
vt 0.723656 0.636544
vt 0.720855 0.596163
vt 0.721223 0.596960
vt 0.721257 0.636016
vt 0.720855 0.636821
vt 0.721620 0.597065
vt 0.721654 0.635934
vt 0.722013 0.596160
vt 0.722013 0.636829
vt 0.719213 0.596199
vt 0.719572 0.597094
vt 0.719615 0.636342
vt 0.719213 0.637147
vt 0.719968 0.597013
vt 0.720011 0.636261
vt 0.720370 0.596207
vt 0.720370 0.637156
vt 0.717570 0.596225
vt 0.717930 0.597121
vt 0.717972 0.636585
vt 0.717570 0.637392
vt 0.718326 0.597040
vt 0.718369 0.636504
vt 0.718728 0.596233
vt 0.718728 0.637400
vt 0.717086 0.637611
vt 0.716727 0.636714
vt 0.716693 0.597156
vt 0.717086 0.596249
vt 0.716330 0.636795
vt 0.716296 0.597051
vt 0.715928 0.637603
vt 0.715928 0.596251
vt 0.715443 0.637918
vt 0.715084 0.637020
vt 0.715042 0.597100
vt 0.715443 0.596292
vt 0.714688 0.637102
vt 0.714645 0.597182
vt 0.714286 0.637910
vt 0.714286 0.596284
vt 0.712644 0.596293
vt 0.713012 0.597095
vt 0.713046 0.637175
vt 0.712644 0.637984
vt 0.713409 0.597200
vt 0.713442 0.637094
vt 0.713802 0.596291
vt 0.713802 0.637992
vt 0.711002 0.596316
vt 0.711361 0.597215
vt 0.711404 0.637387
vt 0.711002 0.638196
vt 0.711758 0.597133
vt 0.711800 0.637305
vt 0.712159 0.596324
vt 0.712159 0.638204
vt 0.566954 0.524685
vt 0.566954 0.511945
vt 0.689157 0.510746
vt 0.618763 0.510746
vt 0.618763 0.506270
vt 0.689157 0.506270
vt 0.740967 0.500124
vt 0.740967 0.508989
vt 0.689396 0.524685
vt 0.618525 0.524685
vt 0.689157 0.497250
vt 0.618763 0.497250
vt 0.566954 0.508989
vt 0.740967 0.511944
vt 0.740967 0.524685
vt 0.610078 0.511944
vt 0.610079 0.508989
vt 0.697842 0.500124
vt 0.697842 0.508989
vt 0.610078 0.524685
vt 0.697842 0.524685
vt 0.610078 0.500124
vt 0.566954 0.500124
vt 0.697842 0.511944
vt 0.689405 0.522102
vt 0.693510 0.522102
vt 0.618514 0.522102
vt 0.614410 0.522102
vt 0.614410 0.518635
vt 0.618524 0.518620
vt 0.689397 0.518620
vt 0.693510 0.518635
vt 0.689405 0.522098
vt 0.693511 0.522098
vt 0.618514 0.522098
vt 0.614410 0.522098
vt 0.614410 0.518631
vt 0.618524 0.518615
vt 0.689397 0.518615
vt 0.693511 0.518631
vt 0.601179 0.546806
vt 0.699377 0.546806
vt 0.699365 0.544780
vt 0.601190 0.544780
vt 0.704815 0.546806
vt 0.704815 0.544790
vt 0.595740 0.544790
vt 0.595740 0.546806
vt 0.595649 0.541708
vt 0.601320 0.542701
vt 0.601320 0.548255
vt 0.595896 0.547306
vt 0.699237 0.542701
vt 0.699236 0.548255
vt 0.704906 0.541708
vt 0.704659 0.547306
vt 0.658343 0.546903
vt 0.658343 0.544508
vt 0.647148 0.544796
vt 0.647148 0.546807
vt 0.704940 0.541706
vt 0.699254 0.542702
vt 0.699255 0.548259
vt 0.704692 0.547307
vt 0.601300 0.542702
vt 0.601300 0.548259
vt 0.595615 0.541706
vt 0.595862 0.547307
vt 0.790868 0.593902
vt 0.789375 0.603266
vt 0.785708 0.590282
vt 0.784216 0.599648
vt 0.778687 0.602394
vt 0.780180 0.593029
vt 0.779812 0.599394
vt 0.778319 0.608759
vt 0.783480 0.612378
vt 0.784972 0.603013
vt 0.790500 0.600267
vt 0.789008 0.609632
vt 0.783847 0.606013
vt 0.785340 0.596648
vt 0.785708 0.590283
vt 0.778688 0.602394
vt 0.789007 0.609632
vt 0.171749 0.978896
vt 0.171786 0.978718
vt 0.171897 0.978862
vt 0.165219 0.974579
vt 0.165319 0.974323
vt 0.165409 0.974520
vt 0.165378 0.980414
vt 0.165509 0.980477
vt 0.171934 0.978684
vt 0.165509 0.974268
vt 0.175197 0.983997
vt 0.175339 0.979080
vt 0.175339 0.984024
vt 0.172045 0.978829
vt 0.165417 0.974071
vt 0.166783 0.980589
vt 0.166766 0.974514
vt 0.166926 0.980523
vt 0.166867 0.974336
vt 0.172008 0.979007
vt 0.165227 0.974126
vt 0.167037 0.974389
vt 0.167037 0.980454
vt 0.171860 0.979041
vt 0.165127 0.974382
vt 0.172045 0.983392
vt 0.175991 0.982899
vt 0.175811 0.982648
vt 0.175991 0.978125
vt 0.165238 0.980335
vt 0.166015 0.987200
vt 0.166015 0.987350
vt 0.165902 0.987252
vt 0.162747 0.977238
vt 0.162816 0.976996
vt 0.162920 0.977170
vt 0.162862 0.986156
vt 0.162989 0.986201
vt 0.165902 0.987402
vt 0.162989 0.976924
vt 0.172286 0.987686
vt 0.172313 0.980244
vt 0.172444 0.979989
vt 0.172444 0.987694
vt 0.165789 0.987304
vt 0.162886 0.976750
vt 0.163449 0.986374
vt 0.163433 0.976973
vt 0.163594 0.986322
vt 0.163545 0.976804
vt 0.165789 0.987155
vt 0.162713 0.976821
vt 0.163709 0.976866
vt 0.163709 0.986261
vt 0.165902 0.987103
vt 0.162643 0.977063
vt 0.172761 0.979973
vt 0.172761 0.987678
vt 0.172602 0.979981
vt 0.172631 0.987423
vt 0.162724 0.986094
vt 0.166978 0.987345
vt 0.166978 0.987495
vt 0.166865 0.987397
vt 0.159315 0.979743
vt 0.159381 0.979491
vt 0.159491 0.979670
vt 0.159424 0.992692
vt 0.159557 0.992735
vt 0.166865 0.987546
vt 0.159557 0.979415
vt 0.167456 0.975867
vt 0.167456 0.986203
vt 0.167308 0.975875
vt 0.166751 0.987449
vt 0.159448 0.979240
vt 0.161938 0.992618
vt 0.161922 0.979593
vt 0.162082 0.992566
vt 0.162035 0.979428
vt 0.166751 0.987299
vt 0.159272 0.979316
vt 0.162198 0.979492
vt 0.162198 0.992508
vt 0.166865 0.987247
vt 0.159206 0.979568
vt 0.167620 0.986494
vt 0.167669 0.975545
vt 0.167778 0.986501
vt 0.167778 0.975811
vt 0.159282 0.992632
vt 0.165286 0.987049
vt 0.165286 0.987199
vt 0.165173 0.987101
vt 0.157667 0.992805
vt 0.157534 0.992582
vt 0.157734 0.992644
vt 0.158559 0.992487
vt 0.158612 0.979225
vt 0.158691 0.992530
vt 0.158691 0.979373
vt 0.165173 0.987251
vt 0.157600 0.992421
vt 0.157734 0.979365
vt 0.167941 0.985861
vt 0.168090 0.975718
vt 0.168090 0.985865
vt 0.165059 0.987153
vt 0.157401 0.992359
vt 0.157703 0.979358
vt 0.157555 0.979411
vt 0.165059 0.987003
vt 0.157334 0.992523
vt 0.157437 0.979467
vt 0.165173 0.986952
vt 0.157467 0.992743
vt 0.168407 0.975711
vt 0.168407 0.985848
vt 0.168259 0.975718
vt 0.158291 0.979488
vt 0.158413 0.979284
vt 0.158418 0.992428
vt 0.171509 0.987535
vt 0.171509 0.987386
vt 0.171622 0.987483
vt 0.160422 0.986405
vt 0.160281 0.986186
vt 0.160485 0.986242
vt 0.161316 0.986262
vt 0.161370 0.976610
vt 0.161447 0.986309
vt 0.161447 0.976760
vt 0.171622 0.987334
vt 0.160344 0.986023
vt 0.160485 0.976659
vt 0.173074 0.980054
vt 0.173074 0.987180
vt 0.172924 0.980062
vt 0.171736 0.987431
vt 0.160140 0.985970
vt 0.160456 0.976656
vt 0.160306 0.976712
vt 0.171736 0.987581
vt 0.160077 0.986133
vt 0.160188 0.976772
vt 0.171622 0.987633
vt 0.160218 0.986352
vt 0.173241 0.987152
vt 0.173391 0.980044
vt 0.173391 0.987160
vt 0.161042 0.976863
vt 0.161168 0.976664
vt 0.161174 0.986199
vt 0.165060 0.987914
vt 0.165060 0.987765
vt 0.165173 0.987862
vt 0.164542 0.980213
vt 0.164394 0.980007
vt 0.164592 0.980048
vt 0.166208 0.980317
vt 0.166333 0.974297
vt 0.166333 0.980369
vt 0.176542 0.983919
vt 0.176431 0.983731
vt 0.176542 0.978654
vt 0.165173 0.987713
vt 0.164443 0.979842
vt 0.164592 0.974338
vt 0.175651 0.978766
vt 0.175651 0.983355
vt 0.175507 0.978796
vt 0.165286 0.987811
vt 0.164246 0.979801
vt 0.164561 0.974335
vt 0.164424 0.974398
vt 0.165286 0.987960
vt 0.164197 0.979966
vt 0.176765 0.982617
vt 0.176647 0.978257
vt 0.176765 0.978078
vt 0.175043 0.979877
vt 0.175043 0.986171
vt 0.174923 0.979956
vt 0.165173 0.988012
vt 0.164346 0.980168
vt 0.176146 0.982681
vt 0.176297 0.978364
vt 0.176297 0.982716
vt 0.165993 0.974537
vt 0.166131 0.974339
vt 0.166073 0.980246
vt 0.173313 0.974269
vt 0.173313 0.971792
vt 0.173446 0.974253
vt 0.167022 0.985981
vt 0.166960 0.986117
vt 0.166897 0.985981
vt 0.166960 0.985846
vt 0.173163 0.974282
vt 0.174915 0.974167
vt 0.174915 0.971820
vt 0.175040 0.974167
vt 0.166833 0.985846
vt 0.173163 0.971805
vt 0.175040 0.971820
vt 0.165290 0.985045
vt 0.165176 0.984949
vt 0.165290 0.984896
vt 0.165176 0.985097
vt 0.165176 0.984798
vt 0.165062 0.984850
vt 0.165062 0.985001
vt 0.173962 0.980336
vt 0.173810 0.980313
vt 0.173810 0.977859
vt 0.173676 0.980316
vt 0.173962 0.977882
vt 0.173676 0.977862
vt 0.166770 0.985981
vt 0.166833 0.986117
vt 0.171189 0.983949
vt 0.171064 0.986296
vt 0.171064 0.983949
vt 0.171189 0.986296
vt 0.173446 0.971776
vt 0.168992 0.977937
vt 0.168992 0.980417
vt 0.168795 0.977963
vt 0.166221 0.986382
vt 0.166050 0.986526
vt 0.166050 0.986302
vt 0.166221 0.986158
vt 0.169219 0.977918
vt 0.166050 0.986078
vt 0.170150 0.986297
vt 0.170150 0.983948
vt 0.170338 0.986297
vt 0.169219 0.980397
vt 0.170338 0.983948
vt 0.164482 0.985287
vt 0.164388 0.985083
vt 0.164576 0.985083
vt 0.164294 0.985287
vt 0.164482 0.984879
vt 0.164294 0.984879
vt 0.164200 0.985083
vt 0.171282 0.974226
vt 0.171054 0.974190
vt 0.171054 0.971738
vt 0.170854 0.974193
vt 0.171282 0.971774
vt 0.170854 0.971741
vt 0.165879 0.986223
vt 0.165879 0.986446
vt 0.174290 0.983917
vt 0.174102 0.986265
vt 0.174102 0.983917
vt 0.174290 0.986265
vt 0.168795 0.980443
vt 0.170051 0.974292
vt 0.170051 0.971812
vt 0.170248 0.974266
vt 0.164576 0.987172
vt 0.164482 0.987375
vt 0.164387 0.987172
vt 0.164482 0.986969
vt 0.169824 0.974311
vt 0.164293 0.986969
vt 0.169857 0.983948
vt 0.169857 0.986297
vt 0.169669 0.983948
vt 0.169824 0.971832
vt 0.169669 0.986297
vt 0.164481 0.986333
vt 0.164387 0.986129
vt 0.164575 0.986129
vt 0.164294 0.986333
vt 0.164481 0.985925
vt 0.164294 0.985925
vt 0.164200 0.986129
vt 0.170024 0.977869
vt 0.170024 0.980321
vt 0.169824 0.980325
vt 0.170253 0.980357
vt 0.164199 0.987172
vt 0.164293 0.987375
vt 0.170253 0.977905
vt 0.169824 0.977873
vt 0.174670 0.971819
vt 0.174482 0.974168
vt 0.174482 0.971819
vt 0.174670 0.974168
vt 0.170248 0.971786
vt 0.172070 0.971776
vt 0.171918 0.974266
vt 0.171918 0.971789
vt 0.166960 0.986536
vt 0.167023 0.986671
vt 0.166897 0.986671
vt 0.171787 0.971805
vt 0.166960 0.986806
vt 0.172070 0.974253
vt 0.166959 0.985428
vt 0.166897 0.985292
vt 0.167022 0.985292
vt 0.166959 0.985155
vt 0.171787 0.974282
vt 0.166834 0.985155
vt 0.168714 0.984082
vt 0.168714 0.986431
vt 0.168589 0.986431
vt 0.166772 0.985292
vt 0.174650 0.977882
vt 0.174650 0.980336
vt 0.174498 0.977859
vt 0.168589 0.984082
vt 0.174498 0.980313
vt 0.166834 0.985428
vt 0.174364 0.980317
vt 0.169231 0.984082
vt 0.169356 0.984082
vt 0.169356 0.986431
vt 0.169231 0.986431
vt 0.174364 0.977862
vt 0.166771 0.986671
vt 0.166834 0.986536
vt 0.166834 0.986806
vt 0.172625 0.974269
vt 0.172625 0.971792
vt 0.172758 0.974253
vt 0.165331 0.986374
vt 0.165268 0.986510
vt 0.165205 0.986374
vt 0.165268 0.986239
vt 0.172475 0.974282
vt 0.169035 0.984082
vt 0.169035 0.986431
vt 0.168910 0.984082
vt 0.165142 0.986239
vt 0.168910 0.986431
vt 0.172475 0.971805
vt 0.165143 0.985821
vt 0.165205 0.985685
vt 0.165268 0.985821
vt 0.165330 0.985685
vt 0.165268 0.985548
vt 0.165143 0.985548
vt 0.165080 0.985685
vt 0.174135 0.974205
vt 0.173983 0.974182
vt 0.173983 0.971728
vt 0.173849 0.974185
vt 0.174135 0.971751
vt 0.165142 0.986510
vt 0.165079 0.986374
vt 0.173849 0.971731
vt 0.174535 0.986266
vt 0.174660 0.983917
vt 0.174660 0.986266
vt 0.174535 0.983917
vt 0.172758 0.971776
vt 0.168992 0.971806
vt 0.168992 0.974285
vt 0.168795 0.971832
vt 0.171942 0.986452
vt 0.171942 0.986676
vt 0.171770 0.986532
vt 0.171770 0.986308
vt 0.169219 0.971786
vt 0.170631 0.986297
vt 0.170631 0.983948
vt 0.170819 0.986297
vt 0.171599 0.986387
vt 0.170819 0.983948
vt 0.169219 0.974266
vt 0.166001 0.985409
vt 0.166095 0.985205
vt 0.166189 0.985409
vt 0.166283 0.985205
vt 0.166189 0.985001
vt 0.166001 0.985001
vt 0.165907 0.985205
vt 0.171084 0.980357
vt 0.171084 0.977905
vt 0.171286 0.977902
vt 0.170858 0.977869
vt 0.171599 0.986611
vt 0.171770 0.986755
vt 0.170858 0.980321
vt 0.171286 0.980354
vt 0.173809 0.983917
vt 0.173621 0.986265
vt 0.173621 0.983917
vt 0.173809 0.986265
vt 0.168795 0.974311
vt 0.802747 0.894160
vt 0.803363 0.893139
vt 0.803937 0.894187
vt 0.803317 0.895207
vt 0.802128 0.895176
vt 0.801583 0.894144
vt 0.802154 0.893105
vt 0.801619 0.892175
vt 0.803881 0.892185
vt 0.805025 0.894153
vt 0.800486 0.894138
vt 0.801607 0.896133
vt 0.803891 0.896133
vt 0.754268 0.615409
vt 0.754268 0.613273
vt 0.756404 0.613273
vt 0.756404 0.615409
vt 0.758541 0.615409
vt 0.758541 0.617546
vt 0.756404 0.617546
vt 0.758541 0.613273
vt 0.760677 0.613273
vt 0.760677 0.615409
vt 0.756404 0.611136
vt 0.758541 0.611136
vt 0.758541 0.608999
vt 0.756404 0.608999
vt 0.802739 0.952122
vt 0.803354 0.951100
vt 0.803929 0.952146
vt 0.803309 0.953139
vt 0.802125 0.953165
vt 0.801572 0.952114
vt 0.802144 0.951069
vt 0.801606 0.950139
vt 0.803872 0.950143
vt 0.805019 0.952117
vt 0.800477 0.952106
vt 0.801579 0.954093
vt 0.803856 0.954093
vt 0.802739 0.913487
vt 0.803354 0.912464
vt 0.803929 0.913511
vt 0.803309 0.914504
vt 0.802125 0.914530
vt 0.801572 0.913479
vt 0.802144 0.912434
vt 0.801606 0.911504
vt 0.803872 0.911508
vt 0.805019 0.913482
vt 0.800477 0.913471
vt 0.801579 0.915458
vt 0.803856 0.915458
vt 0.802739 0.971440
vt 0.803354 0.970417
vt 0.803928 0.971464
vt 0.803309 0.972456
vt 0.802125 0.972483
vt 0.801572 0.971431
vt 0.802144 0.970386
vt 0.801606 0.969456
vt 0.803872 0.969460
vt 0.805019 0.971434
vt 0.800477 0.971423
vt 0.801579 0.973410
vt 0.803856 0.973410
vt 0.802739 0.932805
vt 0.803354 0.931782
vt 0.803929 0.932829
vt 0.803309 0.933821
vt 0.802125 0.933848
vt 0.801572 0.932796
vt 0.802144 0.931752
vt 0.801606 0.930821
vt 0.803872 0.930825
vt 0.805019 0.932800
vt 0.800477 0.932788
vt 0.801579 0.934775
vt 0.803856 0.934775
vt 0.802933 0.874821
vt 0.801766 0.874813
vt 0.802337 0.873768
vt 0.803548 0.873798
vt 0.804122 0.874845
vt 0.803503 0.875837
vt 0.802319 0.875864
vt 0.801773 0.876792
vt 0.800671 0.874804
vt 0.801800 0.872837
vt 0.804049 0.876792
vt 0.805213 0.874816
vt 0.804066 0.872842
s 1
f 1/1/1 2/2/2 3/3/3
f 4/4/4 5/5/5 6/6/6 7/7/7
f 8/8/8 9/9/9 10/10/10 11/11/11
f 12/12/12 13/13/13 14/14/14 15/15/15
f 9/9/9 12/12/12 15/15/15 10/10/10
f 16/16/16 17/17/17 18/18/18 19/19/19
f 13/13/13 16/16/16 19/19/19 14/14/14
f 20/20/20 21/21/21 22/22/22 23/23/23
f 17/17/17 20/20/20 23/23/23 18/18/18
f 24/24/24 25/25/25 26/26/26 27/27/27
f 21/21/21 24/24/24 27/27/27 22/22/22
f 28/28/28 29/29/29 30/30/30 31/31/31
f 25/25/25 28/28/28 31/31/31 26/26/26
f 32/32/32 33/33/33 34/34/34 35/35/35
f 29/29/29 32/32/32 35/35/35 30/30/30
f 36/36/36 37/37/37 38/38/38 39/39/39
f 33/33/33 36/36/36 39/39/39 34/34/34
f 40/40/40 41/41/41 42/42/42 43/43/43
f 37/37/37 40/40/40 43/43/43 38/38/38
f 44/44/44 45/45/45 46/46/46 47/47/47
f 41/41/41 44/44/44 47/47/47 42/42/42
f 48/48/48 49/49/49 50/50/50 51/51/51
f 45/45/45 48/48/48 51/51/51 46/46/46
f 52/52/52 53/53/53 54/54/54 55/55/55
f 49/49/49 52/52/52 55/55/55 50/50/50
f 53/53/53 3/56/3 2/57/2 54/54/54
f 5/5/5 8/8/8 11/11/11 6/6/6
f 56/58/56 57/59/57 58/60/58 59/61/59
f 59/61/59 60/62/60 61/63/61 56/58/56
f 62/64/62 63/65/63 64/66/64 65/67/65
f 57/59/57 62/64/62 65/67/65 58/60/58
f 66/68/66 67/69/67 68/70/68 69/71/69
f 63/65/63 66/68/66 69/71/69 64/66/64
f 70/72/70 71/73/71 72/74/72 73/75/73
f 67/69/67 70/72/70 73/75/73 68/70/68
f 74/76/74 75/77/75 76/78/76 77/79/77
f 71/73/71 74/76/74 77/79/77 72/74/72
f 78/80/78 79/81/79 80/82/80 81/83/81
f 75/77/75 78/80/78 81/83/81 76/78/76
f 82/84/82 83/85/83 84/86/84 85/87/85
f 79/81/79 82/84/82 85/87/85 80/82/80
f 86/88/86 87/89/87 88/90/88 89/91/89
f 83/85/83 89/91/89 88/90/88 84/86/84
f 90/92/90 91/93/91 92/94/92 93/95/93
f 93/95/93 92/94/92 87/89/87 86/88/86
f 94/96/94 95/97/95 96/98/96 97/99/97
f 97/99/97 96/98/96 91/93/91 90/92/90
f 98/100/98 99/101/99 100/102/100 101/103/101
f 101/103/101 100/102/100 95/97/95 94/96/94
f 102/104/102 103/105/103 104/106/104 105/107/105
f 105/107/105 104/106/104 99/101/99 98/100/98
f 106/108/106 107/109/107 108/110/108 109/111/109
f 102/104/102 106/108/106 109/111/109 103/105/103
f 110/112/110 111/113/111 112/114/112 113/115/113
f 107/109/107 110/112/110 113/115/113 108/110/108
f 61/63/61 60/62/60 114/116/114 115/117/115
f 116/118/116 117/119/117 118/120/118 119/121/119
f 115/117/115 114/116/114 117/119/117 116/118/116
f 120/122/120 121/123/121 122/124/122 123/125/123
f 119/121/119 118/120/118 121/123/121 120/122/120
f 124/126/124 125/127/125 126/128/126 127/129/127
f 123/125/123 122/124/122 125/127/125 124/126/124
f 128/130/128 129/131/129 130/132/130 131/133/131
f 127/129/127 126/128/126 129/131/129 128/130/128
f 132/134/132 133/135/133 134/136/134 135/137/135
f 131/133/131 130/132/130 133/135/133 132/134/132
f 136/138/136 137/139/137 138/140/138 139/141/139
f 135/137/135 134/136/134 137/139/137 136/138/136
f 140/142/140 141/143/141 142/144/142 143/145/143
f 139/141/139 138/140/138 142/144/142 141/143/141
f 144/146/144 145/147/145 146/148/146 147/149/147
f 145/147/145 140/142/140 143/145/143 146/148/146
f 148/150/148 149/151/149 150/152/150 151/153/151
f 149/151/149 144/146/144 147/149/147 150/152/150
f 152/154/152 153/155/153 154/156/154 155/157/155
f 153/155/153 148/150/148 151/153/151 154/156/154
f 156/158/156 157/159/157 158/160/158 159/161/159
f 157/159/157 152/154/152 155/157/155 158/160/158
f 160/162/160 161/163/161 162/164/162 163/165/163
f 156/158/156 159/161/159 161/163/161 160/162/160
f 164/166/164 165/167/165 112/114/112 111/113/111
f 163/165/163 162/164/162 165/167/165 164/166/164
f 166/168/166 167/169/167 168/170/168
f 169/171/169 170/172/170 171/173/171
f 172/174/172 173/175/173 174/176/174 175/177/175
f 176/178/176 177/179/177 178/180/178 179/181/179
f 175/177/175 174/176/174 177/179/177 176/178/176
f 180/182/180 181/183/181 182/184/182 183/185/183
f 179/181/179 178/180/178 181/183/181 180/182/180
f 184/186/184 185/187/185 186/188/186 187/189/187
f 183/185/183 182/184/182 185/187/185 184/186/184
f 188/190/188 189/191/189 190/192/190 191/193/191
f 187/189/187 186/188/186 189/191/189 188/190/188
f 192/194/192 193/195/193 194/196/194 195/197/195
f 191/193/191 190/192/190 193/195/193 192/194/192
f 196/198/196 197/199/197 198/200/198 199/201/199
f 195/197/195 194/196/194 197/199/197 196/198/196
f 200/202/200 201/203/201 202/204/202 203/205/203
f 199/201/199 198/200/198 201/203/201 200/202/200
f 204/206/204 205/207/205 206/208/206 207/209/207
f 203/205/203 202/204/202 205/207/205 204/206/204
f 208/210/208 209/211/209 210/212/210 211/213/211
f 207/209/207 206/208/206 209/211/209 208/210/208
f 212/214/212 213/215/213 214/216/214 215/217/215
f 211/213/211 210/212/210 213/215/213 212/214/212
f 216/218/216 217/219/217 218/220/218 219/221/219
f 215/217/215 214/216/214 217/219/217 216/218/216
f 219/221/219 218/220/218 168/170/168 167/169/167
f 171/173/171 170/172/170 220/222/220 221/223/221
f 221/223/221 220/222/220 173/175/173 172/174/172
f 222/224/222 223/225/223 167/226/167 166/227/166
f 224/228/224 222/229/222 166/230/166 168/231/168
f 225/232/225 226/233/226 170/234/170 169/235/169
f 227/236/227 225/232/225 169/235/169 171/237/171
f 228/238/228 229/239/229 174/240/174 173/241/173
f 230/242/230 231/243/231 172/244/172 175/245/175
f 232/246/232 233/247/233 178/248/178 177/249/177
f 234/250/234 235/251/235 176/252/176 179/253/179
f 229/239/229 232/246/232 177/249/177 174/240/174
f 235/251/235 230/242/230 175/245/175 176/252/176
f 236/254/236 237/255/237 182/256/182 181/257/181
f 238/258/238 239/259/239 180/260/180 183/261/183
f 233/247/233 236/254/236 181/257/181 178/248/178
f 239/259/239 234/250/234 179/253/179 180/260/180
f 240/262/240 241/263/241 186/264/186 185/265/185
f 242/266/242 243/267/243 184/268/184 187/269/187
f 237/255/237 240/262/240 185/265/185 182/256/182
f 243/267/243 238/258/238 183/261/183 184/268/184
f 244/270/244 245/271/245 190/272/190 189/273/189
f 246/274/246 247/275/247 188/276/188 191/277/191
f 241/263/241 244/270/244 189/273/189 186/264/186
f 247/275/247 242/266/242 187/269/187 188/276/188
f 248/278/248 249/279/249 194/280/194 193/281/193
f 250/282/250 251/283/251 192/284/192 195/285/195
f 245/271/245 248/278/248 193/281/193 190/272/190
f 251/283/251 246/274/246 191/277/191 192/284/192
f 252/286/252 253/287/253 198/288/198 197/289/197
f 254/290/254 255/291/255 196/292/196 199/293/199
f 249/279/249 252/286/252 197/289/197 194/280/194
f 255/291/255 250/282/250 195/285/195 196/292/196
f 256/294/256 257/295/257 202/296/202 201/297/201
f 258/298/258 259/299/259 200/300/200 203/301/203
f 253/287/253 256/294/256 201/297/201 198/288/198
f 259/299/259 254/290/254 199/293/199 200/300/200
f 260/302/260 261/303/261 206/304/206 205/305/205
f 262/306/262 263/307/263 204/308/204 207/309/207
f 257/295/257 260/302/260 205/305/205 202/296/202
f 263/307/263 258/298/258 203/301/203 204/308/204
f 264/310/264 265/311/265 210/312/210 209/313/209
f 266/314/266 267/315/267 208/316/208 211/317/211
f 261/303/261 264/310/264 209/313/209 206/304/206
f 267/315/267 262/306/262 207/309/207 208/316/208
f 268/318/268 269/319/269 214/320/214 213/321/213
f 270/322/270 271/323/271 212/324/212 215/325/215
f 265/311/265 268/318/268 213/321/213 210/312/210
f 271/323/271 266/314/266 211/317/211 212/324/212
f 272/326/272 273/327/273 218/328/218 217/329/217
f 274/330/274 275/331/275 216/332/216 219/333/219
f 269/319/269 272/326/272 217/329/217 214/320/214
f 275/331/275 270/322/270 215/325/215 216/332/216
f 273/327/273 224/228/224 168/231/168 218/328/218
f 223/225/223 274/330/274 219/333/219 167/226/167
f 226/233/226 276/334/276 220/335/220 170/234/170
f 171/237/171 221/336/221 277/337/277 227/236/227
f 276/334/276 228/238/228 173/241/173 220/335/220
f 221/336/221 172/244/172 231/243/231 277/337/277
f 278/338/278 279/339/279 280/340/280 281/341/281
f 281/341/281 280/340/280 282/342/282 283/343/282
f 283/343/282 282/342/282 284/344/283 285/345/283
f 285/345/283 284/344/283 286/346/284 287/347/285
f 287/347/285 286/346/284 288/348/286 289/349/286
f 289/349/286 288/348/286 290/350/287 291/351/287
f 291/351/287 290/350/287 292/352/288 293/353/288
f 293/353/288 292/352/288 294/354/289 295/355/289
f 295/355/289 294/354/289 296/356/290 297/357/290
f 297/357/290 296/356/290 298/358/291 299/359/291
f 299/359/291 298/358/291 300/360/292 301/361/292
f 301/361/292 300/360/292 302/362/293 303/363/293
f 303/363/293 302/362/293 304/364/294 305/365/294
f 305/365/294 304/364/294 306/366/295 307/367/295
f 307/367/295 306/366/295 308/368/296 309/369/296
f 309/369/296 308/368/296 310/370/297 311/371/297
f 311/371/297 310/370/297 312/372/298 313/373/298
f 313/373/298 312/372/298 314/374/299 315/375/299
f 315/375/299 314/374/299 316/376/300 317/377/301
f 317/377/301 316/376/300 318/378/302 319/379/302
f 319/379/302 318/378/302 320/380/303 321/381/304
f 321/381/304 320/380/303 322/382/305 323/383/305
f 323/383/305 322/382/305 324/384/306 325/385/306
f 325/385/306 324/384/306 326/386/307 327/387/308
f 327/387/308 326/386/307 328/388/309 329/389/309
f 329/389/309 328/388/309 330/390/310 331/391/310
f 331/391/310 330/390/310 332/392/311 333/393/311
f 333/393/311 332/392/311 334/394/312 335/395/313
f 335/396/313 334/397/312 336/398/314 337/399/314
f 337/399/314 336/398/314 338/400/315 339/401/315
f 339/401/315 338/400/315 340/402/316 341/403/316
f 341/403/316 340/402/316 342/404/317 343/405/318
f 343/405/318 342/404/317 344/406/319 345/407/319
f 345/407/319 344/406/319 346/408/320 347/409/320
f 347/409/320 346/408/320 348/410/321 349/411/322
f 349/411/322 348/410/321 350/412/323 351/413/323
f 351/413/323 350/412/323 352/414/324 353/415/325
f 353/415/325 352/414/324 354/416/326 355/417/326
f 355/417/326 354/416/326 356/418/327 357/419/327
f 357/419/327 356/418/327 358/420/328 359/421/328
f 359/421/328 358/420/328 360/422/329 361/423/329
f 361/423/329 360/422/329 362/424/330 363/425/330
f 363/425/330 362/424/330 364/426/331 365/427/331
f 365/427/331 364/426/331 366/428/332 367/429/332
f 367/429/332 366/428/332 368/430/333 369/431/333
f 369/431/333 368/430/333 370/432/334 371/433/334
f 371/433/334 370/432/334 372/434/335 373/435/335
f 373/435/335 372/434/335 374/436/336 375/437/336
f 375/437/336 374/436/336 376/438/337 377/439/337
f 377/439/337 376/438/337 378/440/338 379/441/338
f 379/441/338 378/440/338 380/442/339 381/443/339
f 381/443/339 380/442/339 382/444/340 383/445/341
f 383/445/341 382/444/340 384/446/342 385/447/342
f 385/447/342 384/446/342 386/448/343 387/449/344
f 387/449/344 386/448/343 388/450/345 389/451/346
f 389/451/346 388/450/345 279/339/279 278/338/278
f 390/452/347 391/453/348 392/454/349 393/455/350
f 393/455/350 392/454/349 394/456/351 395/457/352
f 396/458/353 397/459/354 398/460/355 399/461/356
f 399/461/356 398/460/355 391/453/348 390/452/347
f 400/462/357 401/463/358 402/464/359 403/465/360
f 403/465/360 402/464/359 397/459/354 396/458/353
f 404/466/361 405/467/362 406/468/363 407/469/364
f 407/469/364 406/468/363 401/463/358 400/462/357
f 408/470/365 409/471/366 410/472/367 411/473/368
f 411/473/368 410/472/367 405/467/362 404/466/361
f 412/474/369 413/475/370 414/476/371 415/477/372
f 415/477/372 414/476/371 409/471/366 408/470/365
f 416/478/373 417/479/374 418/480/375 419/481/376
f 419/481/376 418/480/375 413/475/370 412/474/369
f 420/482/377 421/483/378 422/484/379 423/485/380
f 423/485/380 422/484/379 417/479/374 416/478/373
f 424/486/381 425/487/382 426/488/383 427/489/384
f 427/489/384 426/488/383 421/483/378 420/482/377
f 428/490/385 429/491/386 430/492/387 431/493/388
f 431/493/388 430/492/387 425/487/382 424/486/381
f 432/494/389 433/495/390 434/496/391 435/497/392
f 435/497/392 434/496/391 429/491/386 428/490/385
f 436/498/393 437/499/394 438/500/395 439/501/396
f 439/501/396 438/500/395 433/495/390 432/494/389
f 440/502/397 441/503/398 442/504/399 443/505/400
f 443/505/400 442/504/399 437/499/394 436/498/393
f 444/506/401 445/507/402 446/508/403 447/509/404
f 447/509/404 446/508/403 441/503/398 440/502/397
f 395/457/352 394/456/351 448/510/405 449/511/406
f 450/512/407 451/513/408 452/514/409 453/515/410
f 449/511/406 448/510/405 451/513/408 450/512/407
f 454/516/411 455/517/412 456/518/413 457/519/414
f 453/515/410 452/514/409 455/517/412 454/516/411
f 458/520/415 459/521/416 460/522/417 461/523/418
f 457/519/414 456/518/413 459/521/416 458/520/415
f 462/524/419 463/525/420 464/526/421 465/527/422
f 461/523/418 460/522/417 463/525/420 462/524/419
f 466/528/423 467/529/424 468/530/425 469/531/426
f 465/527/422 464/526/421 467/529/424 466/528/423
f 470/532/427 471/533/428 472/534/429 473/535/430
f 469/531/426 468/530/425 471/533/428 470/532/427
f 474/536/431 475/537/432 476/538/433 477/539/434
f 473/535/430 472/534/429 475/537/432 474/536/431
f 478/540/435 479/541/436 480/542/437 481/543/438
f 477/539/434 476/538/433 479/541/436 478/540/435
f 482/544/439 483/545/440 484/546/441 485/547/442
f 481/543/438 480/542/437 483/545/440 482/544/439
f 486/548/443 487/549/444 488/550/445 489/551/446
f 485/547/442 484/546/441 487/549/444 486/548/443
f 490/552/447 491/553/448 492/554/449 493/555/450
f 489/551/446 488/550/445 491/553/448 490/552/447
f 494/556/451 495/557/452 496/558/453 497/559/454
f 493/555/450 492/554/449 495/557/452 494/556/451
f 498/560/455 499/561/456 445/562/402 444/563/401
f 497/559/454 496/558/453 499/561/456 498/560/455
f 500/564/457 501/565/457 502/566/458 503/567/459
f 504/568/460 505/569/461 501/570/457 500/571/457
f 506/572/462 507/573/463 508/574/464 509/575/465
f 510/576/466 511/577/467 512/578/468 513/579/469
f 514/580/470 515/581/471 516/582/472 517/583/473
f 518/584/474 519/585/475 520/586/476 521/587/477
f 522/588/478 523/589/479 524/590/480 525/591/481
f 521/587/477 520/586/476 511/577/467 510/576/466
f 517/583/473 516/582/472 523/589/479 522/588/478
f 526/592/482 527/593/483 528/594/484 529/595/485
f 530/596/486 531/597/487 532/598/488 533/599/489
f 529/595/485 528/594/484 519/585/475 518/584/474
f 525/591/481 524/590/480 531/597/487 530/596/486
f 534/600/490 535/601/491 536/602/492 537/603/493
f 538/604/494 539/605/495 540/606/496 541/607/497
f 537/603/493 536/602/492 527/593/483 526/592/482
f 533/599/489 532/598/488 539/605/495 538/604/494
f 542/608/498 543/609/499 544/610/500 545/611/501
f 546/612/502 547/613/503 548/614/504 549/615/505
f 545/611/501 544/610/500 535/601/491 534/600/490
f 541/607/497 540/606/496 547/613/503 546/612/502
f 550/616/506 551/617/506 552/618/507 553/619/508
f 554/620/509 555/621/510 556/622/511 557/623/511
f 553/619/508 552/618/507 543/609/499 542/608/498
f 549/615/505 548/614/504 555/621/510 554/620/509
f 558/624/512 559/625/513 560/626/514 561/627/515
f 562/628/516 563/629/517 564/630/518 565/631/519
f 561/627/515 560/626/514 551/617/506 550/616/506
f 557/623/511 556/622/511 563/629/517 562/628/516
f 566/632/520 567/633/520 568/634/521 569/635/522
f 570/636/523 571/637/524 572/638/525 573/639/525
f 569/635/522 568/634/521 559/625/513 558/624/512
f 565/631/519 564/630/518 571/637/524 570/636/523
f 574/640/526 575/641/527 576/642/528 577/643/529
f 578/644/530 579/645/531 580/646/532 581/647/533
f 577/643/529 576/642/528 567/633/520 566/632/520
f 573/639/525 572/638/525 579/645/531 578/644/530
f 582/648/534 583/649/535 584/650/536 585/651/537
f 586/652/538 587/653/539 588/654/540 589/655/541
f 585/651/537 584/650/536 575/641/527 574/640/526
f 581/647/533 580/646/532 587/653/539 586/652/538
f 590/656/542 591/657/543 592/658/544 593/659/545
f 594/660/546 595/661/547 596/662/548 597/663/549
f 593/659/545 592/658/544 583/649/535 582/648/534
f 589/655/541 588/654/540 595/661/547 594/660/546
f 598/664/550 599/665/551 600/666/552 601/667/553
f 602/668/554 603/669/555 604/670/556 605/671/557
f 601/667/553 600/666/552 591/657/543 590/656/542
f 597/663/549 596/662/548 603/669/555 602/668/554
f 503/567/459 502/566/458 599/665/551 598/664/550
f 605/671/557 604/670/556 505/569/461 504/568/460
f 606/672/558 607/673/559 507/674/463 506/675/462
f 509/676/465 508/677/464 608/678/560 609/679/561
f 513/579/469 512/578/468 607/673/559 606/672/558
f 609/679/561 608/678/560 515/581/471 514/580/470
f 1/680/1 610/681/562 611/682/563 2/57/2
f 3/56/3 612/683/564 610/681/562 1/680/1
f 7/7/7 613/684/565 614/685/566 4/4/4
f 10/10/10 615/686/567 616/687/568 11/11/11
f 8/8/8 617/688/569 618/689/570 9/9/9
f 14/14/14 619/690/571 620/691/572 15/15/15
f 12/12/12 621/692/573 622/693/574 13/13/13
f 15/15/15 620/691/572 615/686/567 10/10/10
f 9/9/9 618/689/570 621/692/573 12/12/12
f 18/18/18 623/694/575 624/695/576 19/19/19
f 16/16/16 625/696/577 626/697/578 17/17/17
f 19/19/19 624/695/576 619/690/571 14/14/14
f 13/13/13 622/693/574 625/696/577 16/16/16
f 22/22/22 627/698/579 628/699/580 23/23/23
f 20/20/20 629/700/581 630/701/582 21/21/21
f 23/23/23 628/699/580 623/694/575 18/18/18
f 17/17/17 626/697/578 629/700/581 20/20/20
f 26/26/26 631/702/583 632/703/584 27/27/27
f 24/24/24 633/704/585 634/705/586 25/25/25
f 27/27/27 632/703/584 627/698/579 22/22/22
f 21/21/21 630/701/582 633/704/585 24/24/24
f 30/30/30 635/706/587 636/707/588 31/31/31
f 28/28/28 637/708/589 638/709/590 29/29/29
f 31/31/31 636/707/588 631/702/583 26/26/26
f 25/25/25 634/705/586 637/708/589 28/28/28
f 34/34/34 639/710/591 640/711/592 35/35/35
f 32/32/32 641/712/593 642/713/594 33/33/33
f 35/35/35 640/711/592 635/706/587 30/30/30
f 29/29/29 638/709/590 641/712/593 32/32/32
f 38/38/38 643/714/595 644/715/596 39/39/39
f 36/36/36 645/716/597 646/717/598 37/37/37
f 39/39/39 644/715/596 639/710/591 34/34/34
f 33/33/33 642/713/594 645/716/597 36/36/36
f 42/42/42 647/718/599 648/719/600 43/43/43
f 40/40/40 649/720/601 650/721/602 41/41/41
f 43/43/43 648/719/600 643/714/595 38/38/38
f 37/37/37 646/717/598 649/720/601 40/40/40
f 46/46/46 651/722/603 652/723/604 47/47/47
f 44/44/44 653/724/605 654/725/606 45/45/45
f 47/47/47 652/723/604 647/718/599 42/42/42
f 41/41/41 650/721/602 653/724/605 44/44/44
f 50/50/50 655/726/607 656/727/608 51/51/51
f 48/48/48 657/728/609 658/729/610 49/49/49
f 51/51/51 656/727/608 651/722/603 46/46/46
f 45/45/45 654/725/606 657/728/609 48/48/48
f 54/54/54 659/730/611 660/731/612 55/55/55
f 52/52/52 661/732/613 662/733/614 53/53/53
f 55/55/55 660/731/612 655/726/607 50/50/50
f 49/49/49 658/729/610 661/732/613 52/52/52
f 2/57/2 611/682/563 659/730/611 54/54/54
f 53/53/53 662/733/614 612/683/564 3/56/3
f 6/6/6 663/734/615 613/684/565 7/7/7
f 4/4/4 614/685/566 664/735/616 5/5/5
f 11/11/11 616/687/568 663/734/615 6/6/6
f 5/5/5 664/735/616 617/688/569 8/8/8
f 56/58/56 665/736/617 666/737/618 57/59/57
f 62/64/62 667/738/619 668/739/620 63/65/63
f 57/59/57 666/737/618 667/738/619 62/64/62
f 66/68/66 669/740/621 670/741/622 67/69/67
f 63/65/63 668/739/620 669/740/621 66/68/66
f 70/72/70 671/742/623 672/743/624 71/73/71
f 67/69/67 670/741/622 671/742/623 70/72/70
f 74/76/74 673/744/625 674/745/626 75/77/75
f 71/73/71 672/743/624 673/744/625 74/76/74
f 78/80/78 675/746/627 676/747/628 79/81/79
f 75/77/75 674/745/626 675/746/627 78/80/78
f 82/84/82 677/748/629 678/749/630 83/85/83
f 79/81/79 676/747/628 677/748/629 82/84/82
f 89/91/89 679/750/631 680/751/632 86/88/86
f 83/85/83 678/749/630 679/750/631 89/91/89
f 93/95/93 681/752/633 682/753/634 90/92/90
f 86/88/86 680/751/632 681/752/633 93/95/93
f 97/99/97 683/754/635 684/755/636 94/96/94
f 90/92/90 682/753/634 683/754/635 97/99/97
f 101/103/101 685/756/637 686/757/638 98/100/98
f 94/96/94 684/755/636 685/756/637 101/103/101
f 105/107/105 687/758/639 688/759/640 102/104/102
f 98/100/98 686/757/638 687/758/639 105/107/105
f 106/108/106 689/760/641 690/761/642 107/109/107
f 102/104/102 688/759/640 689/760/641 106/108/106
f 110/112/110 691/762/643 692/763/644 111/113/111
f 107/109/107 690/761/642 691/762/643 110/112/110
f 115/117/115 693/764/645 694/765/646 61/63/61
f 61/63/61 694/765/646 665/736/617 56/58/56
f 119/121/119 695/766/647 696/767/648 116/118/116
f 116/118/116 696/767/648 693/764/645 115/117/115
f 123/125/123 697/768/649 698/769/650 120/122/120
f 120/122/120 698/769/650 695/766/647 119/121/119
f 127/129/127 699/770/651 700/771/652 124/126/124
f 124/126/124 700/771/652 697/768/649 123/125/123
f 131/133/131 701/772/653 702/773/654 128/130/128
f 128/130/128 702/773/654 699/770/651 127/129/127
f 135/137/135 703/774/655 704/775/656 132/134/132
f 132/134/132 704/775/656 701/772/653 131/133/131
f 139/141/139 705/776/657 706/777/658 136/138/136
f 136/138/136 706/777/658 703/774/655 135/137/135
f 140/142/140 707/778/659 708/779/660 141/143/141
f 141/143/141 708/779/660 705/776/657 139/141/139
f 144/146/144 709/780/661 710/781/662 145/147/145
f 145/147/145 710/781/662 707/778/659 140/142/140
f 148/150/148 711/782/663 712/783/664 149/151/149
f 149/151/149 712/783/664 709/780/661 144/146/144
f 152/154/152 713/784/665 714/785/666 153/155/153
f 153/155/153 714/785/666 711/782/663 148/150/148
f 156/158/156 715/786/667 716/787/668 157/159/157
f 157/159/157 716/787/668 713/784/665 152/154/152
f 163/165/163 717/788/669 718/789/670 160/162/160
f 160/162/160 718/789/670 715/786/667 156/158/156
f 111/113/111 692/763/644 719/790/671 164/166/164
f 164/166/164 719/790/671 717/788/669 163/165/163
f 610/791/562 720/792/672 721/793/673 611/794/563
f 612/795/564 722/796/674 720/797/672 610/798/562
f 613/799/565 723/800/675 724/801/676 614/802/566
f 615/803/567 725/804/677 726/805/678 616/806/568
f 617/807/569 727/808/679 728/809/680 618/810/570
f 619/811/571 729/812/681 730/813/682 620/814/572
f 621/815/573 731/816/683 732/817/684 622/818/574
f 620/814/572 730/813/682 725/804/677 615/803/567
f 618/810/570 728/809/680 731/816/683 621/815/573
f 623/819/575 733/820/685 734/821/686 624/822/576
f 625/823/577 735/824/687 736/825/688 626/826/578
f 624/822/576 734/821/686 729/812/681 619/811/571
f 622/818/574 732/817/684 735/824/687 625/823/577
f 627/827/579 737/828/689 738/829/690 628/830/580
f 629/831/581 739/832/691 740/833/692 630/834/582
f 628/830/580 738/829/690 733/820/685 623/819/575
f 626/826/578 736/825/688 739/832/691 629/831/581
f 631/835/583 741/836/693 742/837/694 632/838/584
f 633/839/585 743/840/695 744/841/696 634/842/586
f 632/838/584 742/837/694 737/828/689 627/827/579
f 630/834/582 740/833/692 743/840/695 633/839/585
f 635/843/587 745/844/697 746/845/698 636/846/588
f 637/847/589 747/848/699 748/849/700 638/850/590
f 636/846/588 746/845/698 741/836/693 631/835/583
f 634/842/586 744/841/696 747/848/699 637/847/589
f 639/851/591 749/852/701 750/853/702 640/854/592
f 641/855/593 751/856/703 752/857/704 642/858/594
f 640/854/592 750/853/702 745/844/697 635/843/587
f 638/850/590 748/849/700 751/856/703 641/855/593
f 643/859/595 753/860/705 754/861/706 644/862/596
f 645/863/597 755/864/707 756/865/708 646/866/598
f 644/862/596 754/861/706 749/852/701 639/851/591
f 642/858/594 752/857/704 755/864/707 645/863/597
f 647/867/599 757/868/709 758/869/710 648/870/600
f 649/871/601 759/872/711 760/873/712 650/874/602
f 648/870/600 758/869/710 753/860/705 643/859/595
f 646/866/598 756/865/708 759/872/711 649/871/601
f 651/875/603 761/876/713 762/877/714 652/878/604
f 653/879/605 763/880/715 764/881/716 654/882/606
f 652/878/604 762/877/714 757/868/709 647/867/599
f 650/874/602 760/873/712 763/880/715 653/879/605
f 655/883/607 765/884/717 766/885/718 656/886/608
f 657/887/609 767/888/719 768/889/720 658/890/610
f 656/886/608 766/885/718 761/876/713 651/875/603
f 654/882/606 764/881/716 767/888/719 657/887/609
f 659/891/611 769/892/721 770/893/722 660/894/612
f 661/895/613 771/896/723 772/897/724 662/898/614
f 660/894/612 770/893/722 765/884/717 655/883/607
f 658/890/610 768/889/720 771/896/723 661/895/613
f 611/794/563 721/793/673 769/892/721 659/891/611
f 662/898/614 772/897/724 722/796/674 612/795/564
f 663/899/615 773/900/725 723/901/675 613/902/565
f 614/903/566 724/904/676 774/905/726 664/906/616
f 616/806/568 726/805/678 773/900/725 663/899/615
f 664/906/616 774/905/726 727/808/679 617/807/569
f 665/907/617 775/908/727 776/909/728 666/910/618
f 667/911/619 777/912/729 778/913/730 668/914/620
f 666/910/618 776/909/728 777/912/729 667/911/619
f 669/915/621 779/916/731 780/917/732 670/918/622
f 668/914/620 778/913/730 779/916/731 669/915/621
f 671/919/623 781/920/733 782/921/734 672/922/624
f 670/918/622 780/917/732 781/920/733 671/919/623
f 673/923/625 783/924/735 784/925/736 674/926/626
f 672/922/624 782/921/734 783/924/735 673/923/625
f 675/927/627 785/928/737 786/929/738 676/930/628
f 674/926/626 784/925/736 785/928/737 675/927/627
f 677/931/629 787/932/739 788/933/740 678/934/630
f 676/930/628 786/929/738 787/932/739 677/931/629
f 679/935/631 789/936/741 790/937/742 680/938/632
f 678/934/630 788/933/740 789/936/741 679/935/631
f 681/939/633 791/940/743 792/941/744 682/942/634
f 680/938/632 790/937/742 791/940/743 681/939/633
f 683/943/635 793/944/745 794/945/746 684/946/636
f 682/942/634 792/941/744 793/944/745 683/943/635
f 685/947/637 795/948/747 796/949/748 686/950/638
f 684/946/636 794/945/746 795/948/747 685/947/637
f 687/951/639 797/952/749 798/953/750 688/954/640
f 686/950/638 796/949/748 797/952/749 687/951/639
f 689/955/641 799/956/751 800/957/752 690/958/642
f 688/954/640 798/953/750 799/956/751 689/955/641
f 691/959/643 801/960/753 802/961/754 692/962/644
f 690/958/642 800/957/752 801/960/753 691/959/643
f 693/963/645 803/964/755 804/965/756 694/966/646
f 694/967/646 804/968/756 775/969/727 665/970/617
f 695/971/647 805/972/757 806/973/758 696/974/648
f 696/974/648 806/973/758 803/964/755 693/963/645
f 697/975/649 807/976/759 808/977/760 698/978/650
f 698/978/650 808/977/760 805/972/757 695/971/647
f 699/979/651 809/980/761 810/981/762 700/982/652
f 700/982/652 810/981/762 807/976/759 697/975/649
f 701/983/653 811/984/763 812/985/764 702/986/654
f 702/986/654 812/985/764 809/980/761 699/979/651
f 703/987/655 813/988/765 814/989/766 704/990/656
f 704/990/656 814/989/766 811/984/763 701/983/653
f 705/991/657 815/992/767 816/993/768 706/994/658
f 706/994/658 816/993/768 813/988/765 703/987/655
f 707/995/659 817/996/769 818/997/770 708/998/660
f 708/998/660 818/997/770 815/992/767 705/991/657
f 709/999/661 819/1000/771 820/1001/772 710/1002/662
f 710/1002/662 820/1001/772 817/996/769 707/995/659
f 711/1003/663 821/1004/773 822/1005/774 712/1006/664
f 712/1006/664 822/1005/774 819/1000/771 709/999/661
f 713/1007/665 823/1008/775 824/1009/776 714/1010/666
f 714/1010/666 824/1009/776 821/1004/773 711/1003/663
f 715/1011/667 825/1012/777 826/1013/778 716/1014/668
f 716/1014/668 826/1013/778 823/1008/775 713/1007/665
f 717/1015/669 827/1016/779 828/1017/780 718/1018/670
f 718/1018/670 828/1017/780 825/1012/777 715/1011/667
f 692/1019/644 802/1020/754 829/1021/781 719/1022/671
f 719/1022/671 829/1021/781 827/1016/779 717/1015/669
f 279/339/279 830/1023/782 831/1024/280 280/340/280
f 281/341/281 226/233/226 225/232/225 278/338/278
f 280/340/280 831/1024/280 832/1025/783 282/342/282
f 283/343/282 276/334/276 226/233/226 281/341/281
f 282/342/282 832/1025/783 833/1026/283 284/344/283
f 285/345/283 228/238/228 276/334/276 283/343/282
f 284/344/283 833/1026/283 834/1027/784 286/346/284
f 287/347/285 229/239/229 228/238/228 285/345/283
f 286/346/284 834/1027/784 835/1028/286 288/348/286
f 289/349/286 232/246/232 229/239/229 287/347/285
f 288/348/286 835/1028/286 836/1029/287 290/350/287
f 291/351/287 233/247/233 232/246/232 289/349/286
f 290/350/287 836/1029/287 837/1030/288 292/352/288
f 293/353/288 236/254/236 233/247/233 291/351/287
f 292/352/288 837/1030/288 838/1031/289 294/354/289
f 295/355/289 237/255/237 236/254/236 293/353/288
f 294/354/289 838/1031/289 839/1032/290 296/356/290
f 297/357/290 240/262/240 237/255/237 295/355/289
f 296/356/290 839/1032/290 840/1033/291 298/358/291
f 299/359/291 241/263/241 240/262/240 297/357/290
f 298/358/291 840/1033/291 841/1034/292 300/360/292
f 301/361/292 244/270/244 241/263/241 299/359/291
f 300/360/292 841/1034/292 842/1035/293 302/362/293
f 303/363/293 245/271/245 244/270/244 301/361/292
f 302/362/293 842/1035/293 843/1036/294 304/364/294
f 305/365/294 248/278/248 245/271/245 303/363/293
f 304/364/294 843/1036/294 844/1037/295 306/366/295
f 307/367/295 249/279/249 248/278/248 305/365/294
f 306/366/295 844/1037/295 845/1038/296 308/368/296
f 309/369/296 252/286/252 249/279/249 307/367/295
f 308/368/296 845/1038/296 846/1039/297 310/370/297
f 311/371/297 253/287/253 252/286/252 309/369/296
f 310/370/297 846/1039/297 847/1040/298 312/372/298
f 313/373/298 256/294/256 253/287/253 311/371/297
f 312/372/298 847/1040/298 848/1041/299 314/374/299
f 315/375/299 257/295/257 256/294/256 313/373/298
f 314/374/299 848/1041/299 849/1042/300 316/376/300
f 317/377/301 260/302/260 257/295/257 315/375/299
f 316/376/300 849/1042/300 850/1043/302 318/378/302
f 319/379/302 261/303/261 260/302/260 317/377/301
f 318/378/302 850/1043/302 851/1044/303 320/380/303
f 321/381/304 264/310/264 261/303/261 319/379/302
f 320/380/303 851/1044/303 852/1045/785 322/382/305
f 323/383/305 265/311/265 264/310/264 321/381/304
f 322/382/305 852/1045/785 853/1046/306 324/384/306
f 325/385/306 268/318/268 265/311/265 323/383/305
f 324/384/306 853/1046/306 854/1047/307 326/386/307
f 327/387/308 269/319/269 268/318/268 325/385/306
f 326/386/307 854/1047/307 855/1048/309 328/388/309
f 329/389/309 272/326/272 269/319/269 327/387/308
f 328/388/309 855/1048/309 856/1049/786 330/390/310
f 331/391/310 273/327/273 272/326/272 329/389/309
f 330/390/310 856/1049/786 857/1050/311 332/392/311
f 333/393/311 224/228/224 273/327/273 331/391/310
f 332/392/311 857/1050/311 858/1051/312 334/394/312
f 335/395/313 222/229/222 224/228/224 333/393/311
f 334/397/312 858/1052/312 859/1053/314 336/398/314
f 337/399/314 223/225/223 222/224/222 335/396/313
f 336/398/314 859/1053/314 860/1054/787 338/400/315
f 339/401/315 274/330/274 223/225/223 337/399/314
f 338/400/315 860/1054/787 861/1055/316 340/402/316
f 341/403/316 275/331/275 274/330/274 339/401/315
f 340/402/316 861/1055/316 862/1056/317 342/404/317
f 343/405/318 270/322/270 275/331/275 341/403/316
f 342/404/317 862/1056/317 863/1057/319 344/406/319
f 345/407/319 271/323/271 270/322/270 343/405/318
f 344/406/319 863/1057/319 864/1058/320 346/408/320
f 347/409/320 266/314/266 271/323/271 345/407/319
f 346/408/320 864/1058/320 865/1059/321 348/410/321
f 349/411/322 267/315/267 266/314/266 347/409/320
f 348/410/321 865/1059/321 866/1060/323 350/412/323
f 351/413/323 262/306/262 267/315/267 349/411/322
f 350/412/323 866/1060/323 867/1061/324 352/414/324
f 353/415/325 263/307/263 262/306/262 351/413/323
f 352/414/324 867/1061/324 868/1062/326 354/416/326
f 355/417/326 258/298/258 263/307/263 353/415/325
f 354/416/326 868/1062/326 869/1063/327 356/418/327
f 357/419/327 259/299/259 258/298/258 355/417/326
f 356/418/327 869/1063/327 870/1064/328 358/420/328
f 359/421/328 254/290/254 259/299/259 357/419/327
f 358/420/328 870/1064/328 871/1065/329 360/422/329
f 361/423/329 255/291/255 254/290/254 359/421/328
f 360/422/329 871/1065/329 872/1066/330 362/424/330
f 363/425/330 250/282/250 255/291/255 361/423/329
f 362/424/330 872/1066/330 873/1067/331 364/426/331
f 365/427/331 251/283/251 250/282/250 363/425/330
f 364/426/331 873/1067/331 874/1068/332 366/428/332
f 367/429/332 246/274/246 251/283/251 365/427/331
f 366/428/332 874/1068/332 875/1069/333 368/430/333
f 369/431/333 247/275/247 246/274/246 367/429/332
f 368/430/333 875/1069/333 876/1070/334 370/432/334
f 371/433/334 242/266/242 247/275/247 369/431/333
f 370/432/334 876/1070/334 877/1071/335 372/434/335
f 373/435/335 243/267/243 242/266/242 371/433/334
f 372/434/335 877/1071/335 878/1072/336 374/436/336
f 375/437/336 238/258/238 243/267/243 373/435/335
f 374/436/336 878/1072/336 879/1073/337 376/438/337
f 377/439/337 239/259/239 238/258/238 375/437/336
f 376/438/337 879/1073/337 880/1074/338 378/440/338
f 379/441/338 234/250/234 239/259/239 377/439/337
f 378/440/338 880/1074/338 881/1075/339 380/442/339
f 381/443/339 235/251/235 234/250/234 379/441/338
f 380/442/339 881/1075/339 882/1076/788 382/444/340
f 383/445/341 230/242/230 235/251/235 381/443/339
f 382/444/340 882/1076/788 883/1077/342 384/446/342
f 385/447/342 231/243/231 230/242/230 383/445/341
f 384/446/342 883/1077/342 884/1078/789 386/448/343
f 387/449/344 277/337/277 231/243/231 385/447/342
f 386/448/343 884/1078/789 885/1079/790 388/450/345
f 389/451/346 227/236/227 277/337/277 387/449/344
f 388/450/345 885/1079/790 830/1023/782 279/339/279
f 278/338/278 225/232/225 227/236/227 389/451/346
f 501/565/457 802/961/754 801/960/753 502/566/458
f 503/567/459 721/793/673 720/792/672 500/564/457
f 505/569/461 829/1021/781 802/1020/754 501/570/457
f 500/571/457 720/797/672 722/796/674 504/568/460
f 507/573/463 775/969/727 804/968/756 508/574/464
f 509/575/465 724/801/676 723/800/675 506/572/462
f 511/577/467 778/913/730 777/912/729 512/578/468
f 513/579/469 726/805/678 725/804/677 510/576/466
f 515/581/471 806/973/758 805/972/757 516/582/472
f 517/583/473 728/809/680 727/808/679 514/580/470
f 519/585/475 780/917/732 779/916/731 520/586/476
f 521/587/477 730/813/682 729/812/681 518/584/474
f 523/589/479 808/977/760 807/976/759 524/590/480
f 525/591/481 732/817/684 731/816/683 522/588/478
f 520/586/476 779/916/731 778/913/730 511/577/467
f 510/576/466 725/804/677 730/813/682 521/587/477
f 516/582/472 805/972/757 808/977/760 523/589/479
f 522/588/478 731/816/683 728/809/680 517/583/473
f 527/593/483 782/921/734 781/920/733 528/594/484
f 529/595/485 734/821/686 733/820/685 526/592/482
f 531/597/487 810/981/762 809/980/761 532/598/488
f 533/599/489 736/825/688 735/824/687 530/596/486
f 528/594/484 781/920/733 780/917/732 519/585/475
f 518/584/474 729/812/681 734/821/686 529/595/485
f 524/590/480 807/976/759 810/981/762 531/597/487
f 530/596/486 735/824/687 732/817/684 525/591/481
f 535/601/491 784/925/736 783/924/735 536/602/492
f 537/603/493 738/829/690 737/828/689 534/600/490
f 539/605/495 812/985/764 811/984/763 540/606/496
f 541/607/497 740/833/692 739/832/691 538/604/494
f 536/602/492 783/924/735 782/921/734 527/593/483
f 526/592/482 733/820/685 738/829/690 537/603/493
f 532/598/488 809/980/761 812/985/764 539/605/495
f 538/604/494 739/832/691 736/825/688 533/599/489
f 543/609/499 786/929/738 785/928/737 544/610/500
f 545/611/501 742/837/694 741/836/693 542/608/498
f 547/613/503 814/989/766 813/988/765 548/614/504
f 549/615/505 744/841/696 743/840/695 546/612/502
f 544/610/500 785/928/737 784/925/736 535/601/491
f 534/600/490 737/828/689 742/837/694 545/611/501
f 540/606/496 811/984/763 814/989/766 547/613/503
f 546/612/502 743/840/695 740/833/692 541/607/497
f 551/617/506 788/933/740 787/932/739 552/618/507
f 553/619/508 746/845/698 745/844/697 550/616/506
f 555/621/510 816/993/768 815/992/767 556/622/511
f 557/623/511 748/849/700 747/848/699 554/620/509
f 552/618/507 787/932/739 786/929/738 543/609/499
f 542/608/498 741/836/693 746/845/698 553/619/508
f 548/614/504 813/988/765 816/993/768 555/621/510
f 554/620/509 747/848/699 744/841/696 549/615/505
f 559/625/513 790/937/742 789/936/741 560/626/514
f 561/627/515 750/853/702 749/852/701 558/624/512
f 563/629/517 818/997/770 817/996/769 564/630/518
f 565/631/519 752/857/704 751/856/703 562/628/516
f 560/626/514 789/936/741 788/933/740 551/617/506
f 550/616/506 745/844/697 750/853/702 561/627/515
f 556/622/511 815/992/767 818/997/770 563/629/517
f 562/628/516 751/856/703 748/849/700 557/623/511
f 567/633/520 792/941/744 791/940/743 568/634/521
f 569/635/522 754/861/706 753/860/705 566/632/520
f 571/637/524 820/1001/772 819/1000/771 572/638/525
f 573/639/525 756/865/708 755/864/707 570/636/523
f 568/634/521 791/940/743 790/937/742 559/625/513
f 558/624/512 749/852/701 754/861/706 569/635/522
f 564/630/518 817/996/769 820/1001/772 571/637/524
f 570/636/523 755/864/707 752/857/704 565/631/519
f 575/641/527 794/945/746 793/944/745 576/642/528
f 577/643/529 758/869/710 757/868/709 574/640/526
f 579/645/531 822/1005/774 821/1004/773 580/646/532
f 581/647/533 760/873/712 759/872/711 578/644/530
f 576/642/528 793/944/745 792/941/744 567/633/520
f 566/632/520 753/860/705 758/869/710 577/643/529
f 572/638/525 819/1000/771 822/1005/774 579/645/531
f 578/644/530 759/872/711 756/865/708 573/639/525
f 583/649/535 796/949/748 795/948/747 584/650/536
f 585/651/537 762/877/714 761/876/713 582/648/534
f 587/653/539 824/1009/776 823/1008/775 588/654/540
f 589/655/541 764/881/716 763/880/715 586/652/538
f 584/650/536 795/948/747 794/945/746 575/641/527
f 574/640/526 757/868/709 762/877/714 585/651/537
f 580/646/532 821/1004/773 824/1009/776 587/653/539
f 586/652/538 763/880/715 760/873/712 581/647/533
f 591/657/543 798/953/750 797/952/749 592/658/544
f 593/659/545 766/885/718 765/884/717 590/656/542
f 595/661/547 826/1013/778 825/1012/777 596/662/548
f 597/663/549 768/889/720 767/888/719 594/660/546
f 592/658/544 797/952/749 796/949/748 583/649/535
f 582/648/534 761/876/713 766/885/718 593/659/545
f 588/654/540 823/1008/775 826/1013/778 595/661/547
f 594/660/546 767/888/719 764/881/716 589/655/541
f 599/665/551 800/957/752 799/956/751 600/666/552
f 601/667/553 770/893/722 769/892/721 598/664/550
f 603/669/555 828/1017/780 827/1016/779 604/670/556
f 605/671/557 772/897/724 771/896/723 602/668/554
f 600/666/552 799/956/751 798/953/750 591/657/543
f 590/656/542 765/884/717 770/893/722 601/667/553
f 596/662/548 825/1012/777 828/1017/780 603/669/555
f 602/668/554 771/896/723 768/889/720 597/663/549
f 502/566/458 801/960/753 800/957/752 599/665/551
f 598/664/550 769/892/721 721/793/673 503/567/459
f 604/670/556 827/1016/779 829/1021/781 505/569/461
f 504/568/460 722/796/674 772/897/724 605/671/557
f 607/673/559 776/909/728 775/908/727 507/674/463
f 506/675/462 723/901/675 773/900/725 606/672/558
f 508/677/464 804/965/756 803/964/755 608/678/560
f 609/679/561 774/905/726 724/904/676 509/676/465
f 512/578/468 777/912/729 776/909/728 607/673/559
f 606/672/558 773/900/725 726/805/678 513/579/469
f 608/678/560 803/964/755 806/973/758 515/581/471
f 514/580/470 727/808/679 774/905/726 609/679/561
f 393/1080/350 59/61/59 58/60/58 390/1081/347
f 395/1082/352 60/62/60 59/61/59 393/1080/350
f 399/1083/356 65/67/65 64/66/64 396/1084/353
f 390/1081/347 58/60/58 65/67/65 399/1083/356
f 403/1085/360 69/71/69 68/70/68 400/1086/357
f 396/1084/353 64/66/64 69/71/69 403/1085/360
f 407/1087/364 73/75/73 72/74/72 404/1088/361
f 400/1086/357 68/70/68 73/75/73 407/1087/364
f 411/1089/368 77/79/77 76/78/76 408/1090/365
f 404/1088/361 72/74/72 77/79/77 411/1089/368
f 415/1091/372 81/83/81 80/82/80 412/1092/369
f 408/1090/365 76/78/76 81/83/81 415/1091/372
f 419/1093/376 85/87/85 84/86/84 416/1094/373
f 412/1092/369 80/82/80 85/87/85 419/1093/376
f 423/1095/380 88/90/88 87/89/87 420/1096/377
f 416/1094/373 84/86/84 88/90/88 423/1095/380
f 427/1097/384 92/94/92 91/93/91 424/1098/381
f 420/1096/377 87/89/87 92/94/92 427/1097/384
f 431/1099/388 96/98/96 95/97/95 428/1100/385
f 424/1098/381 91/93/91 96/98/96 431/1099/388
f 435/1101/392 100/102/100 99/101/99 432/1102/389
f 428/1100/385 95/97/95 100/102/100 435/1101/392
f 439/1103/396 104/106/104 103/105/103 436/1104/393
f 432/1102/389 99/101/99 104/106/104 439/1103/396
f 443/1105/400 109/111/109 108/110/108 440/1106/397
f 436/1104/393 103/105/103 109/111/109 443/1105/400
f 447/1107/404 113/115/113 112/114/112 444/1108/401
f 440/1106/397 108/110/108 113/115/113 447/1107/404
f 449/1109/406 114/116/114 60/62/60 395/1082/352
f 453/1110/410 118/120/118 117/119/117 450/1111/407
f 450/1111/407 117/119/117 114/116/114 449/1109/406
f 457/1112/414 122/124/122 121/123/121 454/1113/411
f 454/1113/411 121/123/121 118/120/118 453/1110/410
f 461/1114/418 126/128/126 125/127/125 458/1115/415
f 458/1115/415 125/127/125 122/124/122 457/1112/414
f 465/1116/422 130/132/130 129/131/129 462/1117/419
f 462/1117/419 129/131/129 126/128/126 461/1114/418
f 469/1118/426 134/136/134 133/135/133 466/1119/423
f 466/1119/423 133/135/133 130/132/130 465/1116/422
f 473/1120/430 138/140/138 137/139/137 470/1121/427
f 470/1121/427 137/139/137 134/136/134 469/1118/426
f 477/1122/434 143/145/143 142/144/142 474/1123/431
f 474/1123/431 142/144/142 138/140/138 473/1120/430
f 481/1124/438 147/149/147 146/148/146 478/1125/435
f 478/1125/435 146/148/146 143/145/143 477/1122/434
f 485/1126/442 151/153/151 150/152/150 482/1127/439
f 482/1127/439 150/152/150 147/149/147 481/1124/438
f 489/1128/446 155/157/155 154/156/154 486/1129/443
f 486/1129/443 154/156/154 151/153/151 485/1126/442
f 493/1130/450 159/161/159 158/160/158 490/1131/447
f 490/1131/447 158/160/158 155/157/155 489/1128/446
f 497/1132/454 162/164/162 161/163/161 494/1133/451
f 494/1133/451 161/163/161 159/161/159 493/1130/450
f 444/1108/401 112/114/112 165/167/165 498/1134/455
f 498/1134/455 165/167/165 162/164/162 497/1132/454
f 886/1135/791 887/1136/792 888/1137/793 889/1138/794
f 888/1137/793 890/1139/795 891/1140/796 889/1138/794
f 891/1140/796 892/1141/797 893/1142/798 889/1138/794
f 893/1142/798 894/1143/799 886/1135/791 889/1138/794
f 895/1144/800 896/1145/801 897/1146/802 898/1147/803
f 897/1146/802 899/1148/804 900/1149/805 898/1147/803
f 900/1149/805 901/1150/806 902/1151/807 898/1147/803
f 902/1151/807 903/1152/808 895/1144/800 898/1147/803
f 904/1153/809 905/1154/810 906/1155/810 907/1156/811
f 905/1154/810 908/1157/812 909/1158/813 906/1155/810
f 910/1159/814 911/1160/815 912/1161/816 913/1162/817
f 911/1160/815 914/1163/818 915/1164/819 912/1161/816
f 916/1165/820 917/1166/821 918/1167/822 919/1168/823
f 917/1166/821 920/1169/824 921/1170/825 918/1167/822
f 922/1171/826 923/1172/827 888/1137/793 887/1136/792
f 923/1172/827 924/1173/828 890/1139/795 888/1137/793
f 925/1174/829 926/1175/830 927/1176/831 928/1177/832
f 926/1175/830 929/1178/833 930/1179/834 927/1176/831
f 928/1177/832 927/1176/831 893/1142/798 892/1141/797
f 927/1176/831 930/1179/834 894/1143/799 893/1142/798
f 931/1180/835 932/1181/836 933/1182/837 934/1183/838
f 932/1181/836 935/1184/839 936/1185/840 933/1182/837
f 937/1186/841 938/1187/842 897/1146/802 896/1145/801
f 938/1187/842 939/1188/843 899/1148/804 897/1146/802
f 940/1189/844 941/1190/845 942/1191/846 943/1192/847
f 941/1190/845 944/1193/848 945/1194/849 942/1191/846
f 943/1192/847 942/1191/846 902/1151/807 901/1150/806
f 942/1191/846 945/1194/849 903/1152/808 902/1151/807
f 1077/1195/850 946/1196/850 947/1197/850 948/1198/850
f 949/1199/851 950/1200/852 951/1201/853 952/1202/854
f 950/1200/852 953/1203/855 954/1204/856 951/1201/853
f 907/1156/811 955/1205/857 956/1206/858 904/1153/809
f 955/1205/857 915/1164/819 914/1163/818 956/1206/858
f 920/1169/824 957/1207/859 958/1208/860 921/1170/825
f 934/1183/838 959/1209/861 960/1210/862 931/1180/835
f 952/1202/854 961/1211/863 962/1212/864 949/1199/851
f 944/1193/848 941/1190/845 963/1213/810 964/1214/865
f 941/1190/845 940/1189/844 965/1215/866 963/1213/810
f 964/1214/865 963/1213/810 905/1154/810 904/1153/809
f 963/1213/810 965/1215/866 908/1157/812 905/1154/810
f 929/1178/833 926/1175/830 966/1216/810 967/1217/867
f 926/1175/830 925/1174/829 968/1218/868 966/1216/810
f 967/1217/867 966/1216/810 906/1155/810 909/1158/813
f 966/1216/810 968/1218/868 907/1156/811 906/1155/810
f 896/1145/801 895/1144/800 969/1219/869 970/1220/870
f 895/1144/800 903/1152/808 971/1221/871 969/1219/869
f 970/1220/870 969/1219/869 911/1160/815 910/1159/814
f 969/1219/869 971/1221/871 914/1163/818 911/1160/815
f 892/1141/797 891/1140/796 972/1222/872 973/1223/873
f 891/1140/796 890/1139/795 974/1224/874 972/1222/872
f 973/1223/873 972/1222/872 912/1161/816 915/1164/819
f 972/1222/872 974/1224/874 913/1162/817 912/1161/816
f 981/1225/875 982/1226/875 983/1227/875 984/1228/875
f 984/1228/876 983/1227/876 946/1196/876 1077/1195/876
f 1078/1229/877 985/1230/878 1079/1231/878 986/1232/878
f 986/1232/879 1079/1231/879 948/1198/879 947/1197/879
f 934/1183/838 987/1233/880 988/1234/881 989/1235/882
f 987/1233/880 937/1186/841 990/1236/883 988/1234/881
f 989/1235/882 988/1234/881 950/1200/852 949/1199/851
f 988/1234/881 990/1236/883 953/1203/855 950/1200/852
f 890/1139/795 924/1173/828 991/1237/884 974/1224/874
f 974/1224/874 991/1237/884 954/1204/856 913/1162/817
f 925/1174/829 928/1177/832 992/1238/885 968/1218/868
f 968/1218/868 992/1238/885 955/1205/857 907/1156/811
f 945/1194/849 944/1193/848 964/1214/865 993/1239/886
f 993/1239/886 964/1214/865 904/1153/809 956/1206/858
f 928/1177/832 892/1141/797 973/1223/873 992/1238/885
f 992/1238/885 973/1223/873 915/1164/819 955/1205/857
f 903/1152/808 945/1194/849 993/1239/886 971/1221/871
f 971/1221/871 993/1239/886 956/1206/858 914/1163/818
f 921/1170/825 958/1208/860 995/1240/887 996/1241/888
f 996/1241/888 995/1240/887 961/1211/863 952/1202/854
f 959/1209/861 934/1183/838 989/1235/882 997/1242/889
f 997/1242/889 989/1235/882 949/1199/851 962/1212/864
f 994/1243/890 919/1168/823 918/1167/822 998/1244/891
f 918/1167/822 921/1170/825 999/1245/892 998/1244/891
f 999/1245/892 924/1173/828 923/1172/827 998/1244/891
f 923/1172/827 922/1171/826 994/1243/890 998/1244/891
f 987/1233/880 934/1183/838 933/1182/837 1000/1246/893
f 933/1182/837 936/1185/840 1001/1247/894 1000/1246/893
f 1001/1247/894 939/1188/843 938/1187/842 1000/1246/893
f 938/1187/842 937/1186/841 987/1233/880 1000/1246/893
f 910/1159/814 913/1162/817 954/1204/856 953/1203/855
f 896/1145/801 970/1220/870 990/1236/883 937/1186/841
f 970/1220/870 910/1159/814 953/1203/855 990/1236/883
f 999/1245/892 921/1170/825 996/1241/888 1002/1248/895
f 1002/1248/895 991/1237/884 924/1173/828 999/1245/892
f 1002/1248/895 996/1241/888 952/1202/854 951/1201/853
f 951/1201/853 954/1204/856 991/1237/884 1002/1248/895
f 960/1249/896 959/1250/897 1007/1251/898 1008/1252/899
f 959/1253/900 997/1254/901 1007/1255/902
f 997/1254/903 962/1256/904 1009/1257/905 1010/1258/906
f 962/1256/907 961/1259/908 1011/1260/909 1009/1257/910
f 961/1259/911 995/1261/912 1012/1262/913 1011/1260/914
f 995/1261/915 1013/1263/916 1012/1262/917
f 958/1264/918 957/1265/919 1014/1266/920 1013/1267/921
f 1017/1268/922 1018/1269/922 1019/1270/922 1020/1271/922
f 1021/1272/922 1022/1273/922 1018/1269/922 1017/1268/922
f 1023/1274/923 1024/1275/924 1022/1273/925 1021/1272/926
f 1025/1276/927 1026/1277/928 1024/1278/929 1023/1279/930
f 1027/1280/931 1028/1281/932 1026/1282/933 1025/1283/934
f 1029/1284/935 1030/1285/935 1028/1281/935 1027/1280/935
f 1031/1286/935 1032/1287/935 1030/1285/935 1029/1284/935
f 1033/1288/935 1034/1289/935 1032/1287/935 1031/1286/935
f 1037/1290/936 1035/1291/937 1034/1289/938 1033/1288/939
f 1040/1292/940 1036/1293/941 1035/1294/942 1037/1295/943
f 1038/1296/944 1039/1297/945 1036/1298/946 1040/1299/947
f 1020/1271/922 1019/1270/922 1039/1297/922 1038/1296/922
f 1041/1300/922 1042/1301/922 1043/1302/948 1044/1303/922
f 1020/1271/922 1045/1304/922 1046/1305/922 1017/1268/922
f 1047/1306/922 1048/1307/922 1042/1301/922 1041/1300/922
f 1017/1268/922 1046/1305/922 1049/1308/922 1021/1272/922
f 1053/1309/949 1052/1310/950 1048/1307/950 1047/1306/949
f 1021/1272/926 1049/1308/951 1050/1311/952 1023/1274/923
f 1057/1312/953 1051/1313/954 1052/1314/955 1053/1315/953
f 1023/1279/956 1050/1316/957 1054/1317/958 1025/1276/959
f 1055/1318/960 1056/1319/961 1051/1320/962 1057/1321/963
f 1025/1283/964 1054/1322/965 1058/1323/966 1027/1280/967
f 1059/1324/935 1060/1325/935 1056/1319/935 1055/1318/935
f 1027/1280/935 1058/1323/968 1061/1326/969 1029/1284/935
f 1062/1327/935 1063/1328/970 1060/1325/935 1059/1324/935
f 1029/1284/935 1061/1326/969 1064/1329/971 1031/1286/935
f 1065/1330/935 1066/1331/972 1063/1328/970 1062/1327/935
f 1031/1286/935 1064/1329/971 1067/1332/973 1033/1288/935
f 1070/1333/974 1069/1334/975 1066/1331/976 1065/1330/977
f 1033/1288/978 1067/1332/979 1071/1335/980 1037/1290/981
f 1075/1336/982 1068/1337/983 1069/1338/983 1070/1339/982
f 1037/1295/984 1071/1340/985 1072/1341/986 1040/1292/987
f 1073/1342/988 1074/1343/989 1068/1344/990 1075/1345/988
f 1040/1299/947 1072/1346/991 1076/1347/992 1038/1296/944
f 1044/1303/922 1043/1302/948 1074/1343/993 1073/1342/922
f 1038/1296/922 1076/1347/994 1045/1304/922 1020/1271/922
f 1018/1269/922 1041/1300/922 1044/1303/922 1019/1270/922
f 1022/1273/922 1047/1306/922 1041/1300/922 1018/1269/922
f 1024/1275/924 1053/1309/949 1047/1306/949 1022/1273/925
f 1026/1277/995 1057/1312/996 1053/1315/996 1024/1278/997
f 1028/1281/932 1055/1318/960 1057/1321/963 1026/1282/933
f 1030/1285/935 1059/1324/935 1055/1318/935 1028/1281/935
f 1032/1287/935 1062/1327/935 1059/1324/935 1030/1285/935
f 1034/1289/935 1065/1330/935 1062/1327/935 1032/1287/935
f 1035/1291/937 1070/1333/974 1065/1330/977 1034/1289/938
f 1036/1293/998 1075/1336/998 1070/1339/998 1035/1294/999
f 1039/1297/945 1073/1342/988 1075/1345/988 1036/1298/946
f 1019/1270/922 1044/1303/922 1073/1342/922 1039/1297/922
f 1042/1301/1000 1077/1348/1001 948/1349/1002 1043/1302/1002
f 1045/1304/922 1004/1350/922 1003/1351/922 1046/1305/922
f 1048/1307/1003 984/1352/1004 1077/1348/1001 1042/1301/1000
f 1046/1305/922 1003/1351/922 1005/1353/1005 1049/1308/922
f 1052/1310/1006 981/1354/1006 984/1352/1004 1048/1307/1003
f 1049/1308/951 1005/1353/1007 1006/1355/1008 1050/1311/952
f 1051/1313/954 982/1226/1009 981/1225/1009 1052/1314/955
f 1050/1316/1010 1008/1252/1011 1007/1251/1012 1054/1317/1013
f 1056/1319/961 983/1356/1014 982/1357/1015 1051/1320/962
f 1054/1322/1016 1007/1255/1017 1010/1258/1018 1058/1323/1019
f 1060/1325/1020 946/1358/1021 983/1356/1014 1056/1319/961
f 1058/1323/1022 1010/1258/1023 1009/1257/1024 1061/1326/1025
f 1063/1328/970 947/1359/1026 946/1358/1021 1060/1325/1020
f 1061/1326/969 1009/1257/1027 1011/1260/1028 1064/1329/971
f 1066/1331/972 986/1360/1029 947/1359/1026 1063/1328/970
f 1064/1329/1030 1011/1260/1031 1012/1262/1032 1067/1332/1033
f 1069/1334/975 1078/1361/1034 986/1360/1034 1066/1331/976
f 1067/1332/1035 1012/1262/1036 1013/1263/1037 1071/1335/1038
f 1068/1337/983 985/1230/1039 1078/1229/1039 1069/1338/983
f 1071/1340/1040 1013/1267/1041 1014/1266/1042 1072/1341/1043
f 1074/1343/989 1079/1362/1044 985/1363/1044 1068/1344/990
f 1072/1346/1045 1016/1364/1046 1015/1365/1047 1076/1347/994
f 1043/1302/948 948/1349/1048 1079/1362/1048 1074/1343/993
f 1076/1347/994 1015/1365/1047 1004/1350/922 1045/1304/922
f 916/1165/820 980/1366/1049 979/1367/1050 917/1166/821
f 931/1180/835 977/1368/1051 976/1369/1052 932/1181/836
f 917/1166/821 979/1367/1050 978/1370/1053 920/1169/824
f 932/1181/836 976/1369/1052 975/1371/1054 935/1184/839
f 1006/1355/1055 1008/1372/1056 1050/1311/1057
f 1014/1373/1058 1016/1364/1059 1072/1346/1060
f 997/1254/1061 1010/1258/1062 1007/1255/1063
f 995/1261/1064 958/1374/1065 1013/1263/1066
f 1080/1375/1067 1081/1376/1068 1082/1377/1069 1083/1378/1069
f 1084/1379/1070 1085/1380/1071 1086/1381/1072 1087/1382/1069
f 1081/1376/1068 1084/1379/1070 1087/1382/1069 1082/1377/1069
f 1088/1383/1069 1089/1384/1073 1090/1385/1074 1091/1386/1075
f 1083/1378/1069 1088/1383/1069 1091/1386/1075 1080/1375/1067
f 1092/1387/1076 1093/1388/1077 1094/1388/1078 1095/1387/1079
f 1093/1388/1077 1096/1389/1080 1097/1389/1081 1094/1388/1078
f 1096/1389/1080 1098/1390/1082 1099/1390/1083 1097/1389/1081
f 1098/1390/1082 1100/1391/1084 1101/1392/1085 1099/1390/1083
f 1100/1391/1084 1102/1393/782 1103/1393/1086 1101/1392/1085
f 1102/1393/782 1104/1394/782 1105/1394/1086 1103/1393/1086
f 1104/1394/782 1106/1395/782 1107/1395/1086 1105/1394/1086
f 1106/1395/782 1108/1396/782 1109/1396/1086 1107/1395/1086
f 1108/1396/782 1110/1397/1087 1111/1397/1088 1109/1396/1086
f 1110/1397/1087 1112/1398/1089 1113/1398/1090 1111/1397/1088
f 1112/1398/1089 1114/1399/1091 1115/1399/1092 1113/1398/1090
f 1114/1399/1091 1092/1387/1076 1095/1387/1079 1115/1399/1092
f 1080/1375/1067 1095/1387/1079 1094/1388/1078 1081/1376/1068
f 1081/1376/1068 1094/1388/1078 1097/1389/1081 1084/1379/1070
f 1084/1379/1070 1097/1389/1081 1099/1390/1083 1085/1380/1071
f 1085/1380/1071 1099/1390/1083 1101/1392/1085 1086/1381/1072
f 1086/1381/1072 1101/1392/1085 1103/1393/1086 1087/1382/1069
f 1087/1382/1069 1103/1393/1086 1105/1394/1086 1082/1377/1069
f 1082/1377/1069 1105/1394/1086 1107/1395/1086 1083/1378/1069
f 1083/1378/1069 1107/1395/1086 1109/1396/1086 1088/1383/1069
f 1088/1383/1069 1109/1396/1086 1111/1397/1088 1089/1384/1073
f 1089/1384/1073 1111/1397/1088 1113/1398/1090 1090/1385/1074
f 1090/1385/1074 1113/1398/1090 1115/1399/1092 1091/1386/1075
f 1091/1386/1075 1115/1399/1092 1095/1387/1079 1080/1375/1067
f 1122/1400/1093 1121/1401/1094 1119/1402/1095 1118/1403/1096
f 1116/1404/1097 1117/1405/1098 1120/1406/1099 1123/1407/1100
f 1122/1408/1093 1118/1409/1096 1117/1410/1098 1116/1411/1097
f 1118/1412/1096 1119/1413/1095 1120/1414/1099 1117/1415/1098
f 1119/1409/1095 1121/1408/1094 1123/1411/1100 1120/1410/1099
f 1121/1416/1094 1122/1417/1093 1116/1418/1097 1123/1419/1100
f 1124/1420/1101 1125/1421/1102 1126/1422/1103 1127/1423/1104
f 1125/1421/1102 1128/1424/1105 1129/1425/1106 1126/1422/1103
f 1128/1424/1105 1130/1426/1107 1131/1427/1108 1129/1425/1106
f 1130/1426/1107 1128/1424/1105 1125/1421/1102 1124/1420/1101
f 1129/1425/1106 1131/1427/1108 1127/1423/1104 1126/1422/1103
f 1132/1428/1109 1133/1429/1110 1134/1430/1111 1135/1431/1112
f 1133/1429/1110 1136/1432/1113 1137/1433/1114 1134/1430/1111
f 1136/1432/1113 1138/1434/1115 1139/1435/1116 1137/1433/1114
f 1138/1434/1115 1136/1432/1113 1133/1429/1110 1132/1428/1109
f 1137/1433/1114 1139/1435/1116 1135/1431/1112 1134/1430/1111
f 1140/1436/1117 1141/1437/1118 1142/1438/1119 1143/1439/1120
f 1141/1437/1118 1144/1440/1121 1145/1441/1122 1142/1438/1119
f 1144/1440/1121 1146/1442/1123 1147/1443/1124 1145/1441/1122
f 1146/1442/1123 1144/1440/1121 1141/1437/1118 1140/1436/1117
f 1145/1441/1122 1147/1443/1124 1143/1439/1120 1142/1438/1119
f 1148/1444/1125 1149/1445/1126 1150/1446/1127 1151/1447/1128
f 1149/1445/1126 1152/1448/1129 1153/1449/1130 1150/1446/1127
f 1152/1448/1129 1154/1450/1131 1155/1451/1132 1153/1449/1130
f 1154/1450/1131 1152/1448/1129 1149/1445/1126 1148/1444/1125
f 1153/1449/1130 1155/1451/1132 1151/1447/1128 1150/1446/1127
f 1156/1452/1133 1157/1453/1134 1158/1454/1135 1159/1455/1136
f 1157/1453/1134 1160/1456/1137 1161/1457/1138 1158/1454/1135
f 1160/1456/1137 1162/1458/1139 1163/1459/1140 1161/1457/1138
f 1162/1458/1139 1160/1456/1137 1157/1453/1134 1156/1452/1133
f 1161/1457/1138 1163/1459/1140 1159/1455/1136 1158/1454/1135
f 1164/1460/1141 1165/1461/1142 1166/1462/1143 1167/1463/1144
f 1165/1461/1142 1168/1464/1145 1169/1465/1146 1166/1462/1143
f 1168/1464/1145 1170/1466/1147 1171/1467/1148 1169/1465/1146
f 1170/1466/1147 1168/1464/1145 1165/1461/1142 1164/1460/1141
f 1169/1465/1146 1171/1467/1148 1167/1463/1144 1166/1462/1143
f 1172/1468/1149 1173/1469/1150 1174/1470/1151 1175/1471/1152
f 1173/1469/1150 1176/1472/1153 1177/1473/1154 1174/1470/1151
f 1176/1472/1153 1178/1474/1155 1179/1475/1156 1177/1473/1154
f 1178/1474/1155 1176/1472/1153 1173/1469/1150 1172/1468/1149
f 1177/1473/1154 1179/1475/1156 1175/1471/1152 1174/1470/1151
f 1180/1476/1157 1181/1477/1158 1182/1478/1159 1183/1479/1160
f 1181/1477/1158 1184/1480/1161 1185/1481/1162 1182/1478/1159
f 1184/1480/1161 1186/1482/1163 1187/1483/1164 1185/1481/1162
f 1186/1482/1163 1184/1480/1161 1181/1477/1158 1180/1476/1157
f 1185/1481/1162 1187/1483/1164 1183/1479/1160 1182/1478/1159
f 1188/1484/1165 1189/1485/1166 1190/1486/1167 1191/1487/1168
f 1189/1485/1166 1192/1488/1169 1193/1489/1170 1190/1486/1167
f 1192/1488/1169 1194/1490/1171 1195/1491/1172 1193/1489/1170
f 1194/1490/1171 1192/1488/1169 1189/1485/1166 1188/1484/1165
f 1193/1489/1170 1195/1491/1172 1191/1487/1168 1190/1486/1167
f 1196/1492/1173 1197/1493/1174 1198/1494/1175 1199/1495/1176
f 1197/1493/1174 1200/1496/1177 1201/1497/1178 1198/1494/1175
f 1200/1496/1177 1202/1498/1179 1203/1499/1180 1201/1497/1178
f 1202/1498/1179 1200/1496/1177 1197/1493/1174 1196/1492/1173
f 1201/1497/1178 1203/1499/1180 1199/1495/1176 1198/1494/1175
f 1204/1500/1181 1205/1501/1182 1206/1502/1183 1207/1503/1184
f 1205/1501/1182 1208/1504/1185 1209/1505/1186 1206/1502/1183
f 1208/1504/1185 1210/1506/1187 1211/1507/1188 1209/1505/1186
f 1210/1506/1187 1208/1504/1185 1205/1501/1182 1204/1500/1181
f 1209/1505/1186 1211/1507/1188 1207/1503/1184 1206/1502/1183
f 1212/1508/1189 1213/1509/1190 1214/1510/1191 1215/1511/1192
f 1213/1509/1190 1216/1512/1193 1217/1513/1194 1214/1510/1191
f 1216/1512/1193 1218/1514/1195 1219/1515/1196 1217/1513/1194
f 1218/1514/1195 1216/1512/1193 1213/1509/1190 1212/1508/1189
f 1217/1513/1194 1219/1515/1196 1215/1511/1192 1214/1510/1191
f 1220/1516/1197 1221/1517/1198 1222/1518/1199 1223/1519/1200
f 1221/1517/1198 1224/1520/1201 1225/1521/1202 1222/1518/1199
f 1224/1520/1201 1226/1522/1203 1227/1523/1204 1225/1521/1202
f 1226/1522/1203 1224/1520/1201 1221/1517/1198 1220/1516/1197
f 1225/1521/1202 1227/1523/1204 1223/1519/1200 1222/1518/1199
f 1228/1524/1205 1229/1525/1206 1230/1526/1207 1231/1527/1208
f 1229/1525/1206 1232/1528/1209 1233/1529/1210 1230/1526/1207
f 1232/1528/1209 1234/1530/1211 1235/1531/1212 1233/1529/1210
f 1234/1530/1211 1232/1528/1209 1229/1525/1206 1228/1524/1205
f 1233/1529/1210 1235/1531/1212 1231/1527/1208 1230/1526/1207
f 1236/1532/1213 1237/1533/1214 1238/1534/1215 1239/1535/1216
f 1237/1533/1214 1240/1536/1217 1241/1537/1218 1238/1534/1215
f 1240/1536/1217 1242/1538/1219 1243/1539/1220 1241/1537/1218
f 1242/1538/1219 1240/1536/1217 1237/1533/1214 1236/1532/1213
f 1241/1537/1218 1243/1539/1220 1239/1535/1216 1238/1534/1215
f 1244/1540/1221 1245/1541/1222 1246/1542/1223 1247/1543/1224
f 1245/1541/1222 1248/1544/1225 1249/1545/1226 1246/1542/1223
f 1248/1544/1225 1250/1546/1227 1251/1547/1228 1249/1545/1226
f 1250/1546/1227 1248/1544/1225 1245/1541/1222 1244/1540/1221
f 1249/1545/1226 1251/1547/1228 1247/1543/1224 1246/1542/1223
f 1252/1548/1229 1253/1549/1230 1254/1550/1231 1255/1551/1232
f 1253/1549/1230 1256/1552/1233 1257/1553/1234 1254/1550/1231
f 1256/1552/1233 1258/1554/1235 1259/1555/1236 1257/1553/1234
f 1258/1554/1235 1256/1552/1233 1253/1549/1230 1252/1548/1229
f 1257/1553/1234 1259/1555/1236 1255/1551/1232 1254/1550/1231
f 1260/1556/1237 1261/1557/1238 1262/1558/1239 1263/1559/1240
f 1261/1557/1238 1264/1560/1241 1265/1561/1242 1262/1558/1239
f 1264/1560/1241 1266/1562/1243 1267/1563/1244 1265/1561/1242
f 1266/1562/1243 1264/1560/1241 1261/1557/1238 1260/1556/1237
f 1265/1561/1242 1267/1563/1244 1263/1559/1240 1262/1558/1239
f 1268/1564/1245 1269/1565/1246 1270/1566/1247 1271/1567/1248
f 1269/1565/1246 1272/1568/1249 1273/1569/1250 1270/1566/1247
f 1272/1568/1249 1274/1570/1251 1275/1571/1252 1273/1569/1250
f 1274/1570/1251 1272/1568/1249 1269/1565/1246 1268/1564/1245
f 1273/1569/1250 1275/1571/1252 1271/1567/1248 1270/1566/1247
f 1276/1572/1253 1277/1573/1254 1278/1574/1255 1279/1575/1256
f 1277/1573/1254 1280/1576/1257 1281/1577/1258 1278/1574/1255
f 1280/1576/1257 1282/1578/1259 1283/1579/1260 1281/1577/1258
f 1282/1578/1259 1280/1576/1257 1277/1573/1254 1276/1572/1253
f 1281/1577/1258 1283/1579/1260 1279/1575/1256 1278/1574/1255
f 1284/1580/1261 1285/1581/1262 1286/1582/1263 1287/1583/1264
f 1285/1581/1262 1288/1584/1265 1289/1585/1266 1286/1582/1263
f 1288/1584/1265 1290/1586/1267 1291/1587/1268 1289/1585/1266
f 1290/1586/1267 1288/1584/1265 1285/1581/1262 1284/1580/1261
f 1289/1585/1266 1291/1587/1268 1287/1583/1264 1286/1582/1263
f 1292/1588/1269 1293/1589/1270 1294/1590/1271 1295/1591/1272
f 1293/1589/1270 1296/1592/1273 1297/1593/1274 1294/1590/1271
f 1296/1592/1273 1298/1594/1275 1299/1595/1276 1297/1593/1274
f 1298/1594/1275 1296/1592/1273 1293/1589/1270 1292/1588/1269
f 1297/1593/1274 1299/1595/1276 1295/1591/1272 1294/1590/1271
f 1300/1596/1277 1301/1597/1278 1302/1597/1279 1303/1596/1280
f 1304/1598/1281 1305/1599/1282 1306/1600/1283 1307/1601/1284
f 1308/1602/1285 1309/1603/1286 1310/1603/1287 1311/1602/1288
f 1312/1604/782 1313/1605/782 1314/1605/1289 1315/1604/1290
f 1316/1606/1291 1317/1607/1292 1318/1607/1293 1319/1606/1294
f 1301/1597/1278 1320/1608/1278 1321/1608/1295 1302/1597/1279
f 1322/1609/1286 1323/1610/1296 1324/1610/1297 1325/1609/1298
f 1326/1611/1299 1302/1597/1279 1321/1608/1295 1327/1612/1300
f 1328/1613/1301 1311/1602/1288 1310/1603/1287 1329/1614/1302
f 1330/1615/782 1300/1596/1277 1303/1596/1280 1331/1615/1303
f 1332/1616/1304 1324/1610/1297 1323/1610/1296 1333/1616/782
f 1334/1617/1305 1335/1618/1306 1336/1618/1307 1337/1617/1293
f 1338/1613/1294 1308/1602/1285 1311/1602/1288 1328/1613/1301
f 1331/1615/1303 1303/1596/1280 1302/1597/1279 1326/1611/1299
f 1339/1619/1308 1325/1609/1298 1324/1610/1297 1332/1616/1304
f 1305/1599/1282 1326/1611/1299 1327/1612/1300 1306/1600/1283
f 1316/1606/1291 1328/1613/1301 1329/1614/1302 1307/1601/1284
f 1313/1605/782 1330/1615/782 1331/1615/1303 1314/1605/1289
f 1315/1604/1290 1332/1616/1304 1333/1616/782 1312/1604/782
f 1317/1607/1292 1334/1617/1305 1337/1617/1293 1318/1607/1293
f 1319/1606/1294 1338/1613/1294 1328/1613/1301 1316/1606/1291
f 1306/1600/1283 1317/1607/1292 1316/1606/1291 1307/1601/1284
f 1309/1603/1286 1322/1609/1286 1325/1609/1298 1310/1603/1287
f 1320/1608/1278 1336/1618/1307 1335/1618/1306 1321/1608/1295
f 1321/1608/1295 1335/1618/1306 1334/1617/1305 1327/1612/1300
f 1310/1603/1287 1325/1609/1298 1339/1619/1308 1329/1614/1302
f 1327/1612/1300 1334/1617/1305 1317/1607/1292 1306/1600/1283
f 1329/1614/1302 1339/1619/1308 1304/1598/1281 1307/1601/1284
f 1332/1616/1304 1315/1604/1290 1340/1620/1309 1341/1621/1310
f 1315/1604/1290 1314/1605/1289 1342/1622/1311 1340/1620/1309
f 1314/1605/1289 1331/1615/1303 1343/1623/1312 1342/1622/1311
f 1331/1615/1303 1326/1611/1299 1344/1624/1313 1343/1623/1312
f 1326/1611/1299 1305/1599/1282 1345/1625/1314 1344/1624/1313
f 1305/1599/1282 1304/1598/1281 1346/1626/1315 1345/1625/1314
f 1304/1598/1281 1339/1619/1308 1347/1627/1316 1346/1626/1315
f 1339/1619/1308 1332/1616/1304 1341/1621/1310 1347/1627/1316
f 1341/1621/1310 1340/1620/1309 1348/1628/1317 1349/1629/1318
f 1340/1620/1309 1342/1622/1311 1358/1630/1319 1348/1628/1317
f 1342/1622/1311 1343/1623/1312 1350/1631/1320 1358/1630/1319
f 1343/1623/1312 1344/1624/1313 1360/1632/1321 1350/1631/1320
f 1344/1624/1313 1345/1625/1314 1351/1633/1322 1360/1632/1321
f 1345/1625/1314 1346/1626/1315 1352/1634/1323 1351/1633/1322
f 1346/1626/1315 1347/1627/1316 1353/1635/1324 1352/1634/1323
f 1347/1627/1316 1341/1621/1310 1349/1629/1318 1353/1635/1324
f 1354/1636/1325 1359/1637/1326 1361/1638/1327 1362/1639/1328
f 1359/1637/1326 1355/1640/1329 1356/1641/1330 1361/1638/1327
f 1362/1639/1328 1363/1642/1331 1357/1643/1332 1354/1636/1325
f 1349/1644/1318 1348/1645/1317 1354/1646/1325 1357/1647/1332
f 1348/1645/1317 1358/1648/1319 1359/1649/1326 1354/1646/1325
f 1358/1648/1319 1350/1650/1320 1355/1651/1329 1359/1649/1326
f 1350/1652/1320 1360/1653/1321 1356/1654/1330 1355/1655/1329
f 1360/1656/1321 1351/1657/1322 1361/1658/1327 1356/1659/1330
f 1351/1657/1322 1352/1660/1323 1362/1661/1328 1361/1658/1327
f 1352/1660/1323 1353/1662/1324 1363/1663/1331 1362/1661/1328
f 1353/1653/1324 1349/1652/1318 1357/1655/1332 1363/1654/1331
f 1365/1664/1333 1375/1665/1334 1374/1666/1335
f 1375/1665/1334 1366/1667/1336 1374/1666/1335
f 1374/1666/1335 1366/1667/1336 1373/1668/1337
f 1374/1666/1335 1373/1668/1337 1376/1669/1338
f 1376/1669/1338 1373/1668/1337 1372/1670/1339
f 1373/1668/1337 1371/1671/1340 1372/1670/1339
f 1372/1670/1339 1371/1671/1340 1370/1672/1341
f 1372/1670/1339 1370/1672/1341 1369/1673/1342
f 1369/1673/1342 1370/1672/1341 1377/1674/1343
f 1370/1672/1341 1368/1675/1344 1377/1674/1343
f 1377/1674/1343 1368/1675/1344 1375/1665/1334
f 1377/1674/1343 1375/1665/1334 1365/1664/1333
f 1375/1665/1334 1367/1676/1345 1366/1667/1336
f 1366/1667/1336 1367/1676/1345 1373/1668/1337
f 1373/1668/1337 1367/1676/1345 1371/1671/1340
f 1371/1671/1340 1367/1676/1345 1370/1672/1341
f 1370/1672/1341 1367/1676/1345 1368/1675/1344
f 1368/1675/1344 1367/1676/1345 1375/1665/1334
f 1365/1664/1333 1374/1666/1335 1364/1677/1346
f 1374/1666/1335 1376/1669/1338 1364/1677/1346
f 1376/1669/1338 1372/1670/1339 1364/1677/1346
f 1372/1670/1339 1369/1673/1342 1364/1677/1346
f 1369/1673/1342 1377/1674/1343 1364/1677/1346
f 1377/1674/1343 1365/1664/1333 1364/1677/1346
f 1379/1664/1347 1389/1665/1348 1388/1666/1349
f 1389/1665/1348 1380/1667/1350 1388/1666/1349
f 1388/1666/1349 1380/1667/1350 1387/1668/1351
f 1388/1666/1349 1387/1668/1351 1390/1669/1352
f 1390/1669/1352 1387/1668/1351 1386/1670/1353
f 1387/1668/1351 1385/1671/1354 1386/1670/1353
f 1386/1670/1353 1385/1671/1354 1384/1672/1355
f 1386/1670/1353 1384/1672/1355 1383/1673/1356
f 1383/1673/1356 1384/1672/1355 1391/1674/1357
f 1384/1672/1355 1382/1675/1358 1391/1674/1357
f 1391/1674/1357 1382/1675/1358 1389/1665/1348
f 1391/1674/1357 1389/1665/1348 1379/1664/1347
f 1389/1665/1348 1381/1676/1359 1380/1667/1350
f 1380/1667/1350 1381/1676/1359 1387/1668/1351
f 1387/1668/1351 1381/1676/1359 1385/1671/1354
f 1385/1671/1354 1381/1676/1359 1384/1672/1355
f 1384/1672/1355 1381/1676/1359 1382/1675/1358
f 1382/1675/1358 1381/1676/1359 1389/1665/1348
f 1379/1664/1347 1388/1666/1349 1378/1677/1360
f 1388/1666/1349 1390/1669/1352 1378/1677/1360
f 1390/1669/1352 1386/1670/1353 1378/1677/1360
f 1386/1670/1353 1383/1673/1356 1378/1677/1360
f 1383/1673/1356 1391/1674/1357 1378/1677/1360
f 1391/1674/1357 1379/1664/1347 1378/1677/1360
f 1393/1664/1361 1403/1665/1362 1402/1666/1363
f 1403/1665/1362 1394/1667/1364 1402/1666/1363
f 1402/1666/1363 1394/1667/1364 1401/1668/1365
f 1402/1666/1363 1401/1668/1365 1404/1669/1366
f 1404/1669/1366 1401/1668/1365 1400/1670/1367
f 1401/1668/1365 1399/1671/1368 1400/1670/1367
f 1400/1670/1367 1399/1671/1368 1398/1672/1369
f 1400/1670/1367 1398/1672/1369 1397/1673/1370
f 1397/1673/1370 1398/1672/1369 1405/1674/1371
f 1398/1672/1369 1396/1675/1372 1405/1674/1371
f 1405/1674/1371 1396/1675/1372 1403/1665/1362
f 1405/1674/1371 1403/1665/1362 1393/1664/1361
f 1403/1665/1362 1395/1676/1373 1394/1667/1364
f 1394/1667/1364 1395/1676/1373 1401/1668/1365
f 1401/1668/1365 1395/1676/1373 1399/1671/1368
f 1399/1671/1368 1395/1676/1373 1398/1672/1369
f 1398/1672/1369 1395/1676/1373 1396/1675/1372
f 1396/1675/1372 1395/1676/1373 1403/1665/1362
f 1393/1664/1361 1402/1666/1363 1392/1677/1374
f 1402/1666/1363 1404/1669/1366 1392/1677/1374
f 1404/1669/1366 1400/1670/1367 1392/1677/1374
f 1400/1670/1367 1397/1673/1370 1392/1677/1374
f 1397/1673/1370 1405/1674/1371 1392/1677/1374
f 1405/1674/1371 1393/1664/1361 1392/1677/1374
f 1407/1664/1375 1416/1678/1376 1417/1665/1377
f 1417/1665/1377 1416/1678/1376 1408/1667/1378
f 1416/1678/1376 1415/1679/1379 1408/1667/1378
f 1416/1678/1376 1418/1669/1380 1415/1679/1379
f 1418/1669/1380 1414/1670/1381 1415/1679/1379
f 1415/1679/1379 1414/1670/1381 1413/1671/1382
f 1414/1670/1381 1412/1672/1383 1413/1671/1382
f 1414/1670/1381 1411/1673/1384 1412/1672/1383
f 1411/1673/1384 1419/1674/1385 1412/1672/1383
f 1412/1672/1383 1419/1674/1385 1410/1680/1386
f 1419/1674/1385 1417/1665/1377 1410/1680/1386
f 1419/1674/1385 1407/1664/1375 1417/1665/1377
f 1417/1665/1377 1408/1667/1378 1409/1676/1387
f 1408/1667/1378 1415/1679/1379 1409/1676/1387
f 1415/1679/1379 1413/1671/1382 1409/1676/1387
f 1413/1671/1382 1412/1672/1383 1409/1676/1387
f 1412/1672/1383 1410/1680/1386 1409/1676/1387
f 1410/1680/1386 1417/1665/1377 1409/1676/1387
f 1407/1664/1375 1406/1677/1388 1416/1678/1376
f 1416/1678/1376 1406/1677/1388 1418/1669/1380
f 1418/1669/1380 1406/1677/1388 1414/1670/1381
f 1414/1670/1381 1406/1677/1388 1411/1673/1384
f 1411/1673/1384 1406/1677/1388 1419/1674/1385
f 1419/1674/1385 1406/1677/1388 1407/1664/1375
f 1421/1664/1389 1430/1678/1390 1431/1665/1391
f 1431/1665/1391 1430/1678/1390 1422/1667/1392
f 1430/1678/1390 1429/1679/1393 1422/1667/1392
f 1430/1678/1390 1432/1669/1394 1429/1679/1393
f 1432/1669/1394 1428/1670/1395 1429/1679/1393
f 1429/1679/1393 1428/1670/1395 1427/1671/1396
f 1428/1670/1395 1426/1672/1397 1427/1671/1396
f 1428/1670/1395 1425/1673/1398 1426/1672/1397
f 1425/1673/1398 1433/1674/1399 1426/1672/1397
f 1426/1672/1397 1433/1674/1399 1424/1680/1400
f 1433/1674/1399 1431/1665/1391 1424/1680/1400
f 1433/1674/1399 1421/1664/1389 1431/1665/1391
f 1431/1665/1391 1422/1667/1392 1423/1676/1401
f 1422/1667/1392 1429/1679/1393 1423/1676/1401
f 1429/1679/1393 1427/1671/1396 1423/1676/1401
f 1427/1671/1396 1426/1672/1397 1423/1676/1401
f 1426/1672/1397 1424/1680/1400 1423/1676/1401
f 1424/1680/1400 1431/1665/1391 1423/1676/1401
f 1421/1664/1389 1420/1677/1402 1430/1678/1390
f 1430/1678/1390 1420/1677/1402 1432/1669/1394
f 1432/1669/1394 1420/1677/1402 1428/1670/1395
f 1428/1670/1395 1420/1677/1402 1425/1673/1398
f 1425/1673/1398 1420/1677/1402 1433/1674/1399
f 1433/1674/1399 1420/1677/1402 1421/1664/1389
f 1435/1664/1403 1444/1678/1404 1445/1665/1405
f 1445/1665/1405 1444/1678/1404 1436/1667/1406
f 1444/1678/1404 1443/1679/1407 1436/1667/1406
f 1444/1678/1404 1446/1669/1408 1443/1679/1407
f 1446/1669/1408 1442/1670/1409 1443/1679/1407
f 1443/1679/1407 1442/1670/1409 1441/1671/1410
f 1442/1670/1409 1440/1672/1411 1441/1671/1410
f 1442/1670/1409 1439/1673/1412 1440/1672/1411
f 1439/1673/1412 1447/1674/1413 1440/1672/1411
f 1440/1672/1411 1447/1674/1413 1438/1680/1414
f 1447/1674/1413 1445/1665/1405 1438/1680/1414
f 1447/1674/1413 1435/1664/1403 1445/1665/1405
f 1445/1665/1405 1436/1667/1406 1437/1676/1415
f 1436/1667/1406 1443/1679/1407 1437/1676/1415
f 1443/1679/1407 1441/1671/1410 1437/1676/1415
f 1441/1671/1410 1440/1672/1411 1437/1676/1415
f 1440/1672/1411 1438/1680/1414 1437/1676/1415
f 1438/1680/1414 1445/1665/1405 1437/1676/1415
f 1435/1664/1403 1434/1677/1416 1444/1678/1404
f 1444/1678/1404 1434/1677/1416 1446/1669/1408
f 1446/1669/1408 1434/1677/1416 1442/1670/1409
f 1442/1670/1409 1434/1677/1416 1439/1673/1412
f 1439/1673/1412 1434/1677/1416 1447/1674/1413
f 1447/1674/1413 1434/1677/1416 1435/1664/1403
f 1448/1681/1417 1449/1682/1418 1450/1683/1419
f 1451/1684/1420 1452/1685/1421 1453/1686/1422
f 1448/1687/1417 1451/1684/1420 1449/1688/1418
f 1451/1684/1420 1453/1686/1422 1449/1688/1418
f 1449/1682/1418 1454/1689/1423 1450/1683/1419
f 1453/1686/1422 1452/1685/1421 1455/1690/1424
f 1449/1688/1418 1453/1686/1422 1455/1690/1424
f 1449/1691/1418 1455/1692/1424 1454/1693/1423
f 1454/1689/1423 1456/1694/1425 1450/1683/1419
f 1455/1690/1424 1452/1685/1421 1457/1695/1426
f 1454/1696/1423 1455/1697/1424 1456/1698/1425
f 1455/1697/1424 1457/1699/1426 1456/1698/1425
f 1456/1694/1425 1458/1700/1427 1450/1683/1419
f 1457/1695/1426 1452/1685/1421 1459/1701/1428
f 1456/1698/1425 1457/1699/1426 1459/1702/1428
f 1456/1698/1425 1459/1702/1428 1458/1703/1427
f 1458/1700/1427 1460/1704/1429 1450/1683/1419
f 1459/1701/1428 1452/1685/1421 1461/1705/1430
f 1458/1700/1427 1459/1706/1428 1460/1704/1429
f 1459/1707/1428 1461/1708/1430 1460/1709/1429
f 1460/1704/1429 1448/1681/1417 1450/1683/1419
f 1461/1705/1430 1452/1685/1421 1451/1684/1420
f 1460/1710/1429 1461/1705/1430 1451/1684/1420
f 1460/1710/1429 1451/1684/1420 1448/1687/1417
f 1462/1711/1431 1463/1712/1432 1464/1713/1419
f 1465/1714/1433 1466/1715/1421 1467/1716/1434
f 1462/1717/1431 1465/1714/1433 1463/1718/1432
f 1465/1714/1433 1467/1716/1434 1463/1718/1432
f 1463/1712/1432 1468/1719/1435 1464/1713/1419
f 1467/1716/1434 1466/1715/1421 1469/1720/1436
f 1463/1721/1432 1467/1722/1434 1469/1723/1436
f 1463/1721/1432 1469/1723/1436 1468/1724/1435
f 1468/1719/1435 1470/1725/1437 1464/1713/1419
f 1469/1720/1436 1466/1715/1421 1471/1726/1438
f 1468/1727/1435 1469/1728/1436 1470/1729/1437
f 1469/1728/1436 1471/1730/1438 1470/1729/1437
f 1470/1725/1437 1472/1731/1439 1464/1713/1419
f 1471/1726/1438 1466/1715/1421 1473/1732/1440
f 1470/1729/1437 1471/1730/1438 1473/1733/1440
f 1470/1729/1437 1473/1733/1440 1472/1734/1439
f 1472/1731/1439 1474/1735/1441 1464/1713/1419
f 1473/1732/1440 1466/1715/1421 1475/1736/1442
f 1472/1737/1439 1473/1738/1440 1474/1739/1441
f 1473/1738/1440 1475/1740/1442 1474/1739/1441
f 1474/1735/1441 1462/1711/1431 1464/1713/1419
f 1475/1736/1442 1466/1715/1421 1465/1714/1433
f 1474/1741/1441 1475/1736/1442 1465/1714/1433
f 1474/1741/1441 1465/1714/1433 1462/1717/1431
f 1476/1742/1443 1477/1743/1444 1478/1744/1419
f 1479/1745/1445 1480/1746/1421 1481/1747/1446
f 1476/1748/1443 1479/1745/1445 1477/1749/1444
f 1479/1745/1445 1481/1747/1446 1477/1749/1444
f 1477/1743/1444 1482/1750/1447 1478/1744/1419
f 1481/1747/1446 1480/1746/1421 1483/1751/1448
f 1477/1749/1444 1481/1747/1446 1483/1751/1448
f 1477/1752/1444 1483/1753/1448 1482/1754/1447
f 1482/1750/1447 1484/1755/1449 1478/1744/1419
f 1483/1751/1448 1480/1746/1421 1485/1756/1450
f 1482/1757/1447 1483/1758/1448 1484/1759/1449
f 1483/1758/1448 1485/1760/1450 1484/1759/1449
f 1484/1755/1449 1486/1761/1451 1478/1744/1419
f 1485/1756/1450 1480/1746/1421 1487/1762/1452
f 1484/1759/1449 1485/1760/1450 1487/1763/1452
f 1484/1759/1449 1487/1763/1452 1486/1764/1451
f 1486/1761/1451 1488/1765/1453 1478/1744/1419
f 1487/1762/1452 1480/1746/1421 1489/1766/1454
f 1486/1767/1451 1487/1768/1452 1488/1769/1453
f 1487/1768/1452 1489/1770/1454 1488/1769/1453
f 1488/1765/1453 1476/1742/1443 1478/1744/1419
f 1489/1766/1454 1480/1746/1421 1479/1745/1445
f 1488/1771/1453 1489/1766/1454 1479/1745/1445
f 1488/1771/1453 1479/1745/1445 1476/1748/1443
f 1490/1772/1455 1491/1773/1456 1492/1774/1419
f 1493/1775/1457 1494/1776/1458 1495/1777/1459
f 1490/1778/1455 1493/1779/1457 1491/1780/1456
f 1493/1779/1457 1495/1781/1459 1491/1780/1456
f 1491/1773/1456 1496/1782/1460 1492/1774/1419
f 1495/1777/1459 1494/1776/1458 1497/1783/1461
f 1491/1784/1456 1495/1777/1459 1497/1783/1461
f 1491/1785/1456 1497/1786/1461 1496/1787/1460
f 1496/1782/1460 1498/1788/1462 1492/1774/1419
f 1497/1783/1461 1494/1776/1458 1499/1789/1463
f 1496/1790/1460 1497/1783/1461 1498/1791/1462
f 1497/1783/1461 1499/1789/1463 1498/1791/1462
f 1498/1788/1462 1500/1792/1464 1492/1774/1419
f 1499/1789/1463 1494/1776/1458 1501/1793/1465
f 1498/1791/1462 1499/1789/1463 1501/1793/1465
f 1498/1791/1462 1501/1793/1465 1500/1794/1464
f 1500/1792/1464 1502/1795/1466 1492/1774/1419
f 1501/1793/1465 1494/1776/1458 1503/1796/1467
f 1500/1797/1464 1501/1798/1465 1502/1799/1466
f 1501/1800/1465 1503/1801/1467 1502/1802/1466
f 1502/1795/1466 1490/1772/1455 1492/1774/1419
f 1503/1796/1467 1494/1776/1458 1493/1775/1457
f 1502/1802/1466 1503/1801/1467 1493/1779/1457
f 1502/1802/1466 1493/1779/1457 1490/1778/1455
f 1504/1803/1468 1505/1804/1469 1506/1805/1470
f 1507/1806/1471 1508/1807/1472 1509/1808/1473
f 1504/1809/1468 1507/1810/1471 1505/1811/1469
f 1507/1810/1471 1509/1812/1473 1505/1811/1469
f 1505/1804/1469 1510/1813/1474 1506/1805/1470
f 1509/1808/1473 1508/1807/1472 1511/1814/1475
f 1505/1815/1469 1509/1808/1473 1511/1814/1475
f 1505/1816/1469 1511/1817/1475 1510/1818/1474
f 1510/1813/1474 1512/1819/1476 1506/1805/1470
f 1511/1814/1475 1508/1807/1472 1513/1820/1477
f 1510/1821/1474 1511/1814/1475 1512/1822/1476
f 1511/1814/1475 1513/1820/1477 1512/1822/1476
f 1512/1819/1476 1514/1823/1478 1506/1805/1470
f 1513/1820/1477 1508/1807/1472 1515/1824/1479
f 1512/1822/1476 1513/1820/1477 1515/1824/1479
f 1512/1822/1476 1515/1824/1479 1514/1825/1478
f 1514/1823/1478 1516/1826/1480 1506/1805/1470
f 1515/1824/1479 1508/1807/1472 1517/1827/1481
f 1514/1828/1478 1515/1829/1479 1516/1830/1480
f 1515/1831/1479 1517/1832/1481 1516/1833/1480
f 1516/1826/1480 1504/1803/1468 1506/1805/1470
f 1517/1827/1481 1508/1807/1472 1507/1806/1471
f 1516/1833/1480 1517/1832/1481 1507/1810/1471
f 1516/1833/1480 1507/1810/1471 1504/1809/1468
f 1518/1834/1482 1519/1835/1483 1520/1836/1470
f 1521/1837/1484 1522/1838/1485 1523/1839/1486
f 1518/1840/1482 1521/1841/1484 1519/1842/1483
f 1521/1843/1484 1523/1844/1486 1519/1845/1483
f 1519/1835/1483 1524/1846/1487 1520/1836/1470
f 1523/1839/1486 1522/1838/1485 1525/1847/1488
f 1519/1848/1483 1523/1839/1486 1525/1847/1488
f 1519/1849/1483 1525/1850/1488 1524/1851/1487
f 1524/1846/1487 1526/1852/1489 1520/1836/1470
f 1525/1847/1488 1522/1838/1485 1527/1853/1490
f 1524/1854/1487 1525/1847/1488 1526/1855/1489
f 1525/1847/1488 1527/1853/1490 1526/1855/1489
f 1526/1852/1489 1528/1856/1491 1520/1836/1470
f 1527/1853/1490 1522/1838/1485 1529/1857/1492
f 1526/1858/1489 1527/1859/1490 1529/1860/1492
f 1526/1861/1489 1529/1862/1492 1528/1863/1491
f 1528/1856/1491 1530/1864/1493 1520/1836/1470
f 1529/1857/1492 1522/1838/1485 1531/1865/1494
f 1528/1866/1491 1529/1867/1492 1530/1868/1493
f 1529/1869/1492 1531/1870/1494 1530/1871/1493
f 1530/1864/1493 1518/1834/1482 1520/1836/1470
f 1531/1865/1494 1522/1838/1485 1521/1837/1484
f 1530/1871/1493 1531/1870/1494 1521/1841/1484
f 1530/1871/1493 1521/1841/1484 1518/1840/1482
f 1532/1872/1495 1535/1873/1496 1533/1874/1497
f 1532/1875/1495 1533/1876/1497 1534/1877/1498
f 1536/1878/1499 1532/1875/1495 1534/1877/1498
f 1536/1879/1499 1535/1873/1496 1532/1872/1495
f 1537/1880/1500 1538/1881/1501 1536/1882/1499
f 1537/1883/1500 1536/1878/1499 1534/1877/1498
f 1536/1879/1499 1539/1884/1502 1535/1873/1496
f 1538/1881/1501 1539/1885/1502 1536/1882/1499
f 1539/1886/1502 1540/1887/1503 1535/1888/1496
f 1538/1889/1501 1540/1887/1503 1539/1886/1502
f 1535/1888/1496 1540/1887/1503 1541/1890/1504
f 1541/1890/1504 1540/1887/1503 1542/1891/1505
f 1542/1891/1505 1540/1887/1503 1543/1892/1506
f 1543/1892/1506 1540/1887/1503 1538/1889/1501
f 1542/1893/1505 1543/1894/1506 1544/1895/1507
f 1544/1895/1507 1543/1894/1506 1538/1896/1501
f 1545/1897/1508 1542/1893/1505 1544/1895/1507
f 1544/1895/1507 1538/1896/1501 1537/1898/1500
f 1544/1899/1507 1537/1883/1500 1534/1877/1498
f 1545/1900/1508 1544/1899/1507 1534/1877/1498
f 1533/1901/1497 1542/1902/1505 1545/1903/1508
f 1533/1876/1497 1545/1900/1508 1534/1877/1498
f 1533/1901/1497 1541/1904/1504 1542/1902/1505
f 1535/1873/1496 1541/1905/1504 1533/1874/1497
f 1546/1906/1509 1549/1907/1510 1547/1908/1511
f 1546/1909/1509 1547/1910/1511 1548/1911/1512
f 1550/1912/1513 1546/1909/1509 1548/1911/1512
f 1550/1913/1513 1549/1907/1510 1546/1906/1509
f 1551/1914/1514 1550/1912/1513 1548/1911/1512
f 1551/1915/1514 1552/1916/1515 1550/1917/1513
f 1550/1913/1513 1553/1918/1516 1549/1907/1510
f 1552/1916/1515 1553/1919/1516 1550/1917/1513
f 1553/1920/1516 1554/1921/1517 1549/1922/1510
f 1552/1923/1515 1554/1921/1517 1553/1920/1516
f 1549/1922/1510 1554/1921/1517 1555/1924/1518
f 1555/1924/1518 1554/1921/1517 1556/1925/1519
f 1556/1925/1519 1554/1921/1517 1557/1926/1520
f 1557/1926/1520 1554/1921/1517 1552/1923/1515
f 1556/1927/1519 1557/1928/1520 1558/1929/1521
f 1558/1929/1521 1557/1928/1520 1552/1930/1515
f 1559/1931/1522 1556/1927/1519 1558/1929/1521
f 1558/1929/1521 1552/1930/1515 1551/1932/1514
f 1558/1933/1521 1551/1914/1514 1548/1911/1512
f 1559/1934/1522 1558/1933/1521 1548/1911/1512
f 1547/1935/1511 1556/1936/1519 1559/1937/1522
f 1547/1910/1511 1559/1934/1522 1548/1911/1512
f 1547/1935/1511 1555/1938/1518 1556/1936/1519
f 1549/1907/1510 1555/1939/1518 1547/1908/1511
f 1560/1940/1509 1563/1941/1523 1561/1942/1511
f 1560/1943/1509 1561/1944/1511 1562/1945/1512
f 1564/1946/1524 1560/1943/1509 1562/1945/1512
f 1564/1947/1524 1563/1941/1523 1560/1940/1509
f 1565/1948/1514 1564/1946/1524 1562/1945/1512
f 1565/1949/1514 1566/1950/1515 1564/1951/1524
f 1564/1947/1524 1567/1952/1516 1563/1941/1523
f 1566/1950/1515 1567/1953/1516 1564/1951/1524
f 1567/1954/1516 1568/1955/1517 1563/1956/1523
f 1566/1957/1515 1568/1955/1517 1567/1954/1516
f 1563/1956/1523 1568/1955/1517 1569/1958/1518
f 1569/1958/1518 1568/1955/1517 1570/1959/1519
f 1570/1959/1519 1568/1955/1517 1571/1960/1520
f 1571/1960/1520 1568/1955/1517 1566/1957/1515
f 1572/1961/1525 1571/1962/1520 1566/1963/1515
f 1570/1964/1519 1571/1962/1520 1572/1961/1525
f 1572/1965/1525 1565/1948/1514 1562/1945/1512
f 1573/1966/1526 1572/1965/1525 1562/1945/1512
f 1573/1967/1526 1570/1964/1519 1572/1961/1525
f 1572/1961/1525 1566/1963/1515 1565/1968/1514
f 1561/1969/1511 1570/1970/1519 1573/1971/1526
f 1561/1944/1511 1573/1966/1526 1562/1945/1512
f 1561/1969/1511 1569/1972/1518 1570/1970/1519
f 1563/1941/1523 1569/1973/1518 1561/1942/1511
f 1575/1974/1527 1578/1975/1528 1574/1976/1529
f 1575/1977/1527 1574/1978/1529 1577/1979/1530
f 1574/1976/1529 1578/1975/1528 1576/1980/1497
f 1574/1978/1529 1576/1981/1497 1577/1979/1530
f 1575/1974/1527 1579/1982/1502 1578/1975/1528
f 1579/1983/1502 1580/1984/1503 1578/1985/1528
f 1578/1985/1528 1580/1984/1503 1581/1986/1531
f 1578/1975/1528 1581/1987/1531 1576/1980/1497
f 1581/1986/1531 1580/1984/1503 1582/1988/1532
f 1576/1989/1497 1581/1990/1531 1582/1991/1532
f 1582/1988/1532 1580/1984/1503 1585/1992/1533
f 1583/1993/1508 1582/1994/1532 1584/1995/1534
f 1576/1989/1497 1582/1991/1532 1583/1996/1508
f 1582/1994/1532 1585/1997/1533 1584/1995/1534
f 1585/1992/1533 1580/1984/1503 1586/1998/1535
f 1584/1995/1534 1585/1997/1533 1586/1999/1535
f 1586/2000/1535 1579/2001/1502 1575/2002/1527
f 1587/2003/1536 1586/2000/1535 1575/2002/1527
f 1586/1998/1535 1580/1984/1503 1579/1983/1502
f 1584/1995/1534 1586/1999/1535 1587/2004/1536
f 1584/2005/1534 1587/2006/1536 1577/1979/1530
f 1587/2006/1536 1575/1977/1527 1577/1979/1530
f 1583/2007/1508 1584/2005/1534 1577/1979/1530
f 1576/1981/1497 1583/2007/1508 1577/1979/1530
f 1588/2008/1495 1591/2009/1496 1589/2010/1537
f 1588/2011/1495 1589/2012/1537 1590/2013/1530
f 1592/2014/1499 1588/2011/1495 1590/2013/1530
f 1592/2015/1499 1591/2009/1496 1588/2008/1495
f 1593/2016/1536 1594/2017/1501 1592/2018/1499
f 1593/2019/1536 1592/2014/1499 1590/2013/1530
f 1594/2017/1501 1595/2020/1538 1592/2018/1499
f 1592/2015/1499 1595/2021/1538 1591/2009/1496
f 1594/2022/1501 1596/2023/1503 1595/2024/1538
f 1595/2024/1538 1596/2023/1503 1591/2025/1496
f 1591/2025/1496 1596/2023/1503 1597/2026/1539
f 1597/2026/1539 1596/2023/1503 1598/2027/1540
f 1598/2027/1540 1596/2023/1503 1599/2028/1533
f 1599/2028/1533 1596/2023/1503 1594/2022/1501
f 1598/2029/1540 1599/2030/1533 1600/2031/1541
f 1600/2031/1541 1599/2030/1533 1594/2032/1501
f 1601/2033/1508 1598/2029/1540 1600/2031/1541
f 1601/2034/1508 1600/2035/1541 1590/2013/1530
f 1600/2031/1541 1594/2032/1501 1593/2036/1536
f 1600/2035/1541 1593/2019/1536 1590/2013/1530
f 1589/2037/1537 1598/2038/1540 1601/2039/1508
f 1589/2012/1537 1601/2034/1508 1590/2013/1530
f 1589/2037/1537 1597/2040/1539 1598/2038/1540
f 1591/2009/1496 1597/2041/1539 1589/2010/1537
f 1602/2042/1509 1605/2043/1523 1603/2044/1511
f 1602/2045/1509 1603/2046/1511 1604/2047/1512
f 1606/2048/1524 1602/2045/1509 1604/2047/1512
f 1606/2049/1524 1605/2043/1523 1602/2042/1509
f 1607/2050/1542 1608/2051/1515 1606/2052/1524
f 1607/2053/1542 1606/2048/1524 1604/2047/1512
f 1608/2051/1515 1609/2054/1543 1606/2052/1524
f 1606/2049/1524 1609/2055/1543 1605/2043/1523
f 1608/2056/1515 1610/2057/1517 1609/2058/1543
f 1609/2058/1543 1610/2057/1517 1605/2059/1523
f 1605/2059/1523 1610/2057/1517 1611/2060/1518
f 1611/2060/1518 1610/2057/1517 1612/2061/1519
f 1612/2061/1519 1610/2057/1517 1613/2062/1520
f 1613/2062/1520 1610/2057/1517 1608/2056/1515
f 1614/2063/1525 1613/2064/1520 1608/2065/1515
f 1612/2066/1519 1613/2064/1520 1614/2063/1525
f 1614/2067/1525 1607/2053/1542 1604/2047/1512
f 1615/2068/1544 1614/2067/1525 1604/2047/1512
f 1615/2069/1544 1612/2066/1519 1614/2063/1525
f 1614/2063/1525 1608/2065/1515 1607/2070/1542
f 1603/2071/1511 1612/2072/1519 1615/2073/1544
f 1603/2046/1511 1615/2068/1544 1604/2047/1512
f 1603/2071/1511 1611/2074/1518 1612/2072/1519
f 1605/2043/1523 1611/2075/1518 1603/2044/1511
f 1616/2076/1545 1617/2077/1546 1618/2078/1547
f 1616/2076/1545 1618/2078/1547 1619/2079/1548
f 1616/2076/1545 1619/2079/1548 1620/2080/1549
f 1616/2076/1545 1620/2080/1549 1621/2081/1550
f 1616/2076/1545 1621/2081/1550 1622/2082/1551
f 1616/2076/1545 1622/2082/1551 1617/2077/1546
f 1617/2077/1546 1622/2082/1551 1628/2083/1552 1623/2084/1553
f 1618/2078/1547 1617/2077/1546 1623/2084/1553 1624/2085/1554
f 1622/2082/1551 1621/2081/1550 1627/2086/1555 1628/2083/1552
f 1621/2081/1550 1620/2080/1549 1626/2087/1556 1627/2086/1555
f 1620/2080/1549 1619/2079/1548 1625/2088/1557 1626/2087/1556
f 1619/2079/1548 1618/2078/1547 1624/2085/1554 1625/2088/1557
f 1629/2089/1558 1633/2090/1559 1635/2091/1560 1631/2092/1288
f 1631/2092/1288 1632/2093/1561 1630/2094/1562 1629/2095/1558
f 1632/2093/1561 1636/2096/1563 1634/2097/1564 1630/2098/1562
f 1632/2093/1561 1631/2092/1288 1635/2091/1560 1636/2096/1563
f 1633/2099/1559 1634/2100/1564 1636/2096/1563 1635/2091/1560
f 1630/2101/1562 1634/2100/1564 1633/2099/1559 1629/2102/1558
f 1637/2103/1545 1638/2104/1546 1639/2105/1547
f 1637/2103/1545 1639/2105/1547 1640/2106/1548
f 1637/2103/1545 1640/2106/1548 1641/2107/1549
f 1637/2103/1545 1641/2107/1549 1642/2108/1550
f 1637/2103/1545 1642/2108/1550 1643/2109/1551
f 1637/2103/1545 1643/2109/1551 1638/2104/1546
f 1638/2104/1546 1643/2109/1551 1649/2110/1552 1644/2111/1553
f 1639/2105/1547 1638/2104/1546 1644/2111/1553 1645/2112/1554
f 1643/2109/1551 1642/2108/1550 1648/2113/1555 1649/2110/1552
f 1642/2108/1550 1641/2107/1549 1647/2114/1556 1648/2113/1555
f 1641/2107/1549 1640/2106/1548 1646/2115/1557 1647/2114/1556
f 1640/2106/1548 1639/2105/1547 1645/2112/1554 1646/2115/1557
f 1650/2089/1558 1654/2090/1559 1656/2091/1560 1652/2092/1288
f 1652/2092/1288 1653/2093/1561 1651/2094/1562 1650/2095/1558
f 1653/2093/1561 1657/2096/1563 1655/2097/1564 1651/2098/1562
f 1653/2093/1561 1652/2092/1288 1656/2091/1560 1657/2096/1563
f 1654/2099/1559 1655/2100/1564 1657/2096/1563 1656/2091/1560
f 1651/2101/1562 1655/2100/1564 1654/2099/1559 1650/2102/1558
f 1658/2116/1545 1659/2117/1546 1660/2118/1547
f 1658/2116/1545 1660/2118/1547 1661/2119/1548
f 1658/2116/1545 1661/2119/1548 1662/2120/1549
f 1658/2116/1545 1662/2120/1549 1663/2121/1550
f 1658/2116/1545 1663/2121/1550 1664/2122/1551
f 1658/2116/1545 1664/2122/1551 1659/2117/1546
f 1659/2117/1546 1664/2122/1551 1670/2123/1552 1665/2124/1553
f 1660/2118/1547 1659/2117/1546 1665/2124/1553 1666/2125/1554
f 1664/2122/1551 1663/2121/1550 1669/2126/1555 1670/2123/1552
f 1663/2121/1550 1662/2120/1549 1668/2127/1556 1669/2126/1555
f 1662/2120/1549 1661/2119/1548 1667/2128/1557 1668/2127/1556
f 1661/2119/1548 1660/2118/1547 1666/2125/1554 1667/2128/1557
f 1671/2089/1565 1675/2090/1566 1677/2091/1560 1673/2092/1288
f 1673/2092/1288 1674/2093/1297 1672/2094/1567 1671/2095/1565
f 1674/2093/1297 1678/2096/1568 1676/2097/1569 1672/2098/1567
f 1674/2093/1297 1673/2092/1288 1677/2091/1560 1678/2096/1568
f 1675/2099/1566 1676/2100/1569 1678/2096/1568 1677/2091/1560
f 1672/2101/1567 1676/2100/1569 1675/2099/1566 1671/2102/1565
f 1679/2129/1545 1680/2130/1546 1681/2131/1547
f 1679/2129/1545 1681/2131/1547 1682/2132/1548
f 1679/2129/1545 1682/2132/1548 1683/2133/1549
f 1679/2129/1545 1683/2133/1549 1684/2134/1550
f 1679/2129/1545 1684/2134/1550 1685/2135/1551
f 1679/2129/1545 1685/2135/1551 1680/2130/1546
f 1680/2130/1546 1685/2135/1551 1691/2136/1552 1686/2137/1553
f 1681/2131/1547 1680/2130/1546 1686/2137/1553 1687/2138/1554
f 1685/2135/1551 1684/2134/1550 1690/2139/1555 1691/2136/1552
f 1684/2134/1550 1683/2133/1549 1689/2140/1556 1690/2139/1555
f 1683/2133/1549 1682/2132/1548 1688/2141/1557 1689/2140/1556
f 1682/2132/1548 1681/2131/1547 1687/2138/1554 1688/2141/1557
f 1692/2089/1565 1696/2090/1566 1698/2091/1560 1694/2092/1288
f 1694/2092/1288 1695/2093/1297 1693/2094/1567 1692/2095/1565
f 1695/2093/1297 1699/2096/1568 1697/2097/1569 1693/2098/1567
f 1695/2093/1297 1694/2092/1288 1698/2091/1560 1699/2096/1568
f 1696/2099/1566 1697/2100/1569 1699/2096/1568 1698/2091/1560
f 1693/2101/1567 1697/2100/1569 1696/2099/1566 1692/2102/1565
f 1700/2142/1545 1701/2143/1546 1702/2144/1547
f 1700/2142/1545 1702/2144/1547 1703/2145/1548
f 1700/2142/1545 1703/2145/1548 1704/2146/1549
f 1700/2142/1545 1704/2146/1549 1705/2147/1550
f 1700/2142/1545 1705/2147/1550 1706/2148/1551
f 1700/2142/1545 1706/2148/1551 1701/2143/1546
f 1701/2143/1546 1706/2148/1551 1712/2149/1552 1707/2150/1553
f 1702/2144/1547 1701/2143/1546 1707/2150/1553 1708/2151/1554
f 1706/2148/1551 1705/2147/1550 1711/2152/1555 1712/2149/1552
f 1705/2147/1550 1704/2146/1549 1710/2153/1556 1711/2152/1555
f 1704/2146/1549 1703/2145/1548 1709/2154/1557 1710/2153/1556
f 1703/2145/1548 1702/2144/1547 1708/2151/1554 1709/2154/1557
f 1713/2089/1565 1717/2090/1566 1719/2091/1560 1715/2092/1288
f 1715/2092/1288 1716/2093/1297 1714/2094/1567 1713/2095/1565
f 1716/2093/1297 1720/2096/1568 1718/2097/1569 1714/2098/1567
f 1716/2093/1297 1715/2092/1288 1719/2091/1560 1720/2096/1568
f 1717/2099/1566 1718/2100/1569 1720/2096/1568 1719/2091/1560
f 1714/2101/1567 1718/2100/1569 1717/2099/1566 1713/2102/1565
f 1721/2155/1545 1722/2156/1546 1723/2157/1547
f 1721/2155/1545 1723/2157/1547 1724/2158/1548
f 1721/2155/1545 1724/2158/1548 1725/2159/1549
f 1721/2155/1545 1725/2159/1549 1726/2160/1550
f 1721/2155/1545 1726/2160/1550 1727/2161/1551
f 1721/2155/1545 1727/2161/1551 1722/2156/1546
f 1722/2156/1546 1727/2161/1551 1733/2162/1552 1728/2163/1553
f 1723/2157/1547 1722/2156/1546 1728/2163/1553 1729/2164/1554
f 1727/2161/1551 1726/2160/1550 1732/2165/1555 1733/2162/1552
f 1726/2160/1550 1725/2159/1549 1731/2166/1556 1732/2165/1555
f 1725/2159/1549 1724/2158/1548 1730/2167/1557 1731/2166/1556
f 1724/2158/1548 1723/2157/1547 1729/2164/1554 1730/2167/1557
f 1734/2089/1570 1738/2090/1571 1740/2091/1572 1736/2092/1573
f 1736/2092/1573 1737/2093/1574 1735/2094/1567 1734/2095/1570
f 1737/2093/1574 1741/2096/1575 1739/2097/1569 1735/2098/1567
f 1737/2093/1574 1736/2092/1573 1740/2091/1572 1741/2096/1575
f 1738/2099/1571 1739/2100/1569 1741/2096/1575 1740/2091/1572
f 1735/2101/1567 1739/2100/1569 1738/2099/1571 1734/2102/1570
