# Blender 5.2.2 LTS
# www.blender.org
o Circle.002_Circle.017
v 0.061896 -7.139904 -2.211987
v 0.061896 -7.345787 -2.398587
v 0.061896 -6.792708 -2.211987
v 0.061896 -6.792708 -2.150749
v 0.061896 -7.300484 -2.150749
v -1.766584 -7.319994 -2.211986
v -1.726419 -7.521921 -2.398587
v -1.834319 -6.979470 -2.211987
v -1.834319 -6.979470 -2.150749
v -1.735257 -7.477489 -2.150749
v -3.524797 -7.853342 -2.211986
v -3.446009 -8.043553 -2.398586
v -3.657663 -7.532574 -2.211986
v -3.657663 -7.532574 -2.150749
v -3.463346 -8.001699 -2.150749
v -5.145175 -8.719453 -2.211985
v -5.030793 -8.890637 -2.398586
v -5.338067 -8.430770 -2.211985
v -5.338067 -8.430770 -2.150749
v -5.055961 -8.852969 -2.150749
v -6.565448 -9.885040 -2.211985
v -6.419867 -10.030622 -2.398586
v -6.810952 -9.639536 -2.211985
v -6.810952 -9.639536 -2.150748
v -6.451900 -9.998588 -2.150748
v -7.731036 -11.305314 -2.211984
v -7.559851 -11.419696 -2.398586
v -8.019719 -11.112422 -2.211984
v -8.019719 -11.112422 -2.150748
v -7.597519 -11.394527 -2.150748
v -8.597146 -12.925692 -2.211984
v -8.406935 -13.004479 -2.398585
v -8.917913 -12.792825 -2.211984
v -8.917913 -12.792825 -2.150747
v -8.448789 -12.987143 -2.150747
v -9.130494 -14.683905 -2.211983
v -8.928567 -14.724071 -2.398585
v -9.471019 -14.616170 -2.211983
v -9.471019 -14.616170 -2.150747
v -8.973000 -14.715232 -2.150747
v -9.310583 -16.512383 -2.211982
v -9.104701 -16.512383 -2.398584
v -9.657780 -16.512383 -2.211982
v -9.657780 -16.512383 -2.150746
v -9.150003 -16.512383 -2.150746
v -9.130493 -18.340862 -2.211982
v -8.928567 -18.300697 -2.398582
v -9.471018 -18.408596 -2.211982
v -9.471018 -18.408596 -2.150746
v -8.972999 -18.309534 -2.150746
v -8.597146 -20.099075 -2.211981
v -8.406935 -20.020288 -2.398582
v -8.917913 -20.231941 -2.211981
v -8.917913 -20.231941 -2.150745
v -8.448789 -20.037624 -2.150745
v -7.731035 -21.719454 -2.211980
v -7.559850 -21.605072 -2.398581
v -8.019718 -21.912346 -2.211980
v -8.019718 -21.912346 -2.150744
v -7.597518 -21.630241 -2.150744
v -6.565448 -23.139725 -2.211980
v -6.419867 -22.994144 -2.398581
v -6.810952 -23.385231 -2.211979
v -6.810952 -23.385231 -2.150743
v -6.451900 -23.026178 -2.150743
v -5.145174 -24.305313 -2.211979
v -5.030792 -24.134129 -2.398580
v -5.338066 -24.593998 -2.211979
v -5.338066 -24.593998 -2.150743
v -5.055961 -24.171797 -2.150743
v -3.524795 -25.171425 -2.211979
v -3.446007 -24.981213 -2.398580
v -3.657661 -25.492191 -2.211979
v -3.657661 -25.492191 -2.150742
v -3.463344 -25.023067 -2.150743
v -1.766584 -25.704773 -2.211979
v -1.726418 -25.502846 -2.398580
v -1.834319 -26.045296 -2.211979
v -1.834319 -26.045296 -2.150742
v -1.735257 -25.547277 -2.150742
v 0.061896 -25.884861 -2.211979
v 0.061896 -25.678978 -2.398580
v 0.061896 -26.232058 -2.211978
v 0.061896 -26.232058 -2.150742
v 0.061896 -25.724281 -2.150742
v 1.890377 -25.704771 -2.211979
v 1.850211 -25.502846 -2.398580
v 1.958112 -26.045296 -2.211979
v 1.958112 -26.045296 -2.150742
v 1.859049 -25.547276 -2.150742
v 3.648588 -25.171425 -2.211979
v 3.569800 -24.981213 -2.398580
v 3.781454 -25.492191 -2.211979
v 3.781454 -25.492191 -2.150742
v 3.587136 -25.023067 -2.150743
v 5.268966 -24.305313 -2.211979
v 5.154584 -24.134129 -2.398580
v 5.461858 -24.593996 -2.211979
v 5.461858 -24.593996 -2.150743
v 5.179753 -24.171795 -2.150743
v 6.689240 -23.139725 -2.211980
v 6.543659 -22.994144 -2.398581
v 6.934745 -23.385229 -2.211979
v 6.934745 -23.385229 -2.150743
v 6.575692 -23.026176 -2.150743
v 7.854828 -21.719450 -2.211980
v 7.683643 -21.605068 -2.398581
v 8.143511 -21.912342 -2.211980
v 8.143511 -21.912342 -2.150744
v 7.721311 -21.630238 -2.150744
v 8.720938 -20.099072 -2.211981
v 8.530727 -20.020285 -2.398582
v 9.041705 -20.231937 -2.211981
v 9.041705 -20.231937 -2.150745
v 8.572581 -20.037621 -2.150745
v 9.254284 -18.340862 -2.211982
v 9.052358 -18.300697 -2.398582
v 9.594809 -18.408598 -2.211982
v 9.594809 -18.408598 -2.150746
v 9.096789 -18.309536 -2.150746
v 9.434374 -16.512383 -2.211982
v 9.228492 -16.512383 -2.398584
v 9.781570 -16.512383 -2.211982
v 9.781570 -16.512383 -2.150746
v 9.273794 -16.512383 -2.150746
v 9.254284 -14.683903 -2.211983
v 9.052358 -14.724069 -2.398585
v 9.594809 -14.616168 -2.211983
v 9.594809 -14.616168 -2.150747
v 9.096789 -14.715230 -2.150747
v 8.720936 -12.925690 -2.211984
v 8.530725 -13.004478 -2.398585
v 9.041703 -12.792823 -2.211984
v 9.041703 -12.792823 -2.150747
v 8.572579 -12.987142 -2.150747
v 7.854825 -11.305312 -2.211984
v 7.683640 -11.419694 -2.398586
v 8.143508 -11.112420 -2.211984
v 8.143508 -11.112420 -2.150748
v 7.721308 -11.394525 -2.150748
v 6.689236 -9.885037 -2.211985
v 6.543655 -10.030620 -2.398586
v 6.934741 -9.639533 -2.211985
v 6.934741 -9.639533 -2.150748
v 6.575689 -9.998586 -2.150748
v 5.268966 -8.719453 -2.211985
v 5.154584 -8.890637 -2.398586
v 5.461858 -8.430770 -2.211985
v 5.461858 -8.430770 -2.150749
v 5.179753 -8.852969 -2.150749
v 3.648588 -7.853342 -2.211986
v 3.569800 -8.043553 -2.398586
v 3.781454 -7.532574 -2.211986
v 3.781454 -7.532574 -2.150749
v 3.587136 -8.001698 -2.150749
v 1.890375 -7.319993 -2.211986
v 1.850209 -7.521921 -2.398587
v 1.958109 -6.979469 -2.211987
v 1.958109 -6.979469 -2.150749
v 1.859047 -7.477488 -2.150749
v 0.061896 -7.139905 -0.339244
v 0.061896 -7.345787 -0.152643
v 0.061896 -6.792708 -0.339244
v 0.061896 -6.792708 -0.400480
v 0.061896 -7.300485 -0.400480
v -1.766584 -7.319994 -0.339244
v -1.726418 -7.521921 -0.152643
v -1.834319 -6.979470 -0.339244
v -1.834319 -6.979470 -0.400480
v -1.735257 -7.477489 -0.400480
v -3.524796 -7.853342 -0.339244
v -3.446009 -8.043553 -0.152642
v -3.657663 -7.532575 -0.339244
v -3.657663 -7.532575 -0.400480
v -3.463345 -8.001698 -0.400480
v -5.145174 -8.719452 -0.339244
v -5.030792 -8.890637 -0.152642
v -5.338066 -8.430769 -0.339244
v -5.338066 -8.430769 -0.400480
v -5.055961 -8.852969 -0.400480
v -6.565447 -9.885040 -0.339243
v -6.419866 -10.030621 -0.152642
v -6.810952 -9.639536 -0.339243
v -6.810952 -9.639536 -0.400479
v -6.451900 -9.998587 -0.400479
v -7.731036 -11.305313 -0.339243
v -7.559850 -11.419695 -0.152641
v -8.019718 -11.112421 -0.339243
v -8.019718 -11.112421 -0.400479
v -7.597518 -11.394527 -0.400479
v -8.597145 -12.925691 -0.339242
v -8.406934 -13.004478 -0.152641
v -8.917912 -12.792824 -0.339242
v -8.917912 -12.792824 -0.400478
v -8.448789 -12.987143 -0.400478
v -9.130493 -14.683904 -0.339242
v -8.928567 -14.724070 -0.152640
v -9.471018 -14.616169 -0.339242
v -9.471018 -14.616169 -0.400478
v -8.972999 -14.715231 -0.400478
v -9.310582 -16.512383 -0.339241
v -9.104700 -16.512383 -0.152640
v -9.657779 -16.512383 -0.339241
v -9.657779 -16.512383 -0.400477
v -9.150002 -16.512383 -0.400477
v -9.130493 -18.340862 -0.339241
v -8.928566 -18.300697 -0.152639
v -9.471017 -18.408596 -0.339241
v -9.471017 -18.408596 -0.400477
v -8.972998 -18.309534 -0.400477
v -8.597145 -20.099075 -0.339239
v -8.406934 -20.020287 -0.152638
v -8.917912 -20.231941 -0.339239
v -8.917912 -20.231941 -0.400475
v -8.448789 -20.037624 -0.400475
v -7.731034 -21.719452 -0.339239
v -7.559849 -21.605072 -0.152637
v -8.019717 -21.912346 -0.339239
v -8.019717 -21.912346 -0.400474
v -7.597517 -21.630239 -0.400475
v -6.565447 -23.139725 -0.339238
v -6.419866 -22.994144 -0.152637
v -6.810952 -23.385229 -0.339238
v -6.810952 -23.385229 -0.400474
v -6.451900 -23.026178 -0.400474
v -5.145174 -24.305313 -0.339238
v -5.030792 -24.134129 -0.152636
v -5.338066 -24.593996 -0.339238
v -5.338066 -24.593996 -0.400474
v -5.055960 -24.171797 -0.400474
v -3.524795 -25.171425 -0.339238
v -3.446007 -24.981213 -0.152636
v -3.657661 -25.492191 -0.339237
v -3.657661 -25.492191 -0.400473
v -3.463343 -25.023067 -0.400474
v -1.766584 -25.704771 -0.339237
v -1.726418 -25.502846 -0.152636
v -1.834319 -26.045296 -0.339237
v -1.834319 -26.045296 -0.400473
v -1.735256 -25.547276 -0.400473
v 0.061896 -25.884861 -0.339237
v 0.061896 -25.678978 -0.152636
v 0.061896 -26.232056 -0.339237
v 0.061896 -26.232056 -0.400473
v 0.061896 -25.724281 -0.400473
v 1.890377 -25.704771 -0.339237
v 1.850211 -25.502844 -0.152636
v 1.958111 -26.045296 -0.339237
v 1.958111 -26.045296 -0.400473
v 1.859049 -25.547276 -0.400473
v 3.648587 -25.171423 -0.339238
v 3.569800 -24.981213 -0.152636
v 3.781454 -25.492191 -0.339237
v 3.781454 -25.492191 -0.400473
v 3.587136 -25.023067 -0.400474
v 5.268965 -24.305313 -0.339238
v 5.154583 -24.134127 -0.152636
v 5.461857 -24.593994 -0.339238
v 5.461857 -24.593994 -0.400474
v 5.179752 -24.171795 -0.400474
v 6.689239 -23.139725 -0.339238
v 6.543658 -22.994143 -0.152637
v 6.934744 -23.385229 -0.339238
v 6.934744 -23.385229 -0.400474
v 6.575691 -23.026176 -0.400474
v 7.854827 -21.719450 -0.339239
v 7.683642 -21.605068 -0.152637
v 8.143511 -21.912342 -0.339239
v 8.143511 -21.912342 -0.400474
v 7.721310 -21.630238 -0.400475
v 8.720938 -20.099072 -0.339239
v 8.530726 -20.020285 -0.152638
v 9.041705 -20.231937 -0.339239
v 9.041705 -20.231937 -0.400475
v 8.572580 -20.037621 -0.400475
v 9.254284 -18.340862 -0.339241
v 9.052357 -18.300697 -0.152639
v 9.594808 -18.408598 -0.339241
v 9.594808 -18.408598 -0.400477
v 9.096788 -18.309536 -0.400477
v 9.434373 -16.512383 -0.339241
v 9.228491 -16.512383 -0.152640
v 9.781569 -16.512383 -0.339241
v 9.781569 -16.512383 -0.400477
v 9.273793 -16.512383 -0.400477
v 9.254284 -14.683902 -0.339242
v 9.052357 -14.724068 -0.152640
v 9.594808 -14.616167 -0.339242
v 9.594808 -14.616167 -0.400478
v 9.096788 -14.715230 -0.400478
v 8.720935 -12.925689 -0.339242
v 8.530725 -13.004477 -0.152641
v 9.041703 -12.792823 -0.339242
v 9.041703 -12.792823 -0.400478
v 8.572578 -12.987141 -0.400478
v 7.854825 -11.305311 -0.339243
v 7.683640 -11.419693 -0.152641
v 8.143508 -11.112419 -0.339243
v 8.143508 -11.112419 -0.400479
v 7.721307 -11.394525 -0.400479
v 6.689236 -9.885038 -0.339243
v 6.543654 -10.030619 -0.152642
v 6.934740 -9.639532 -0.339243
v 6.934740 -9.639532 -0.400479
v 6.575688 -9.998585 -0.400479
v 5.268965 -8.719452 -0.339244
v 5.154583 -8.890637 -0.152642
v 5.461857 -8.430769 -0.339244
v 5.461857 -8.430769 -0.400480
v 5.179752 -8.852969 -0.400480
v 3.648587 -7.853341 -0.339244
v 3.569800 -8.043552 -0.152642
v 3.781454 -7.532574 -0.339244
v 3.781454 -7.532574 -0.400480
v 3.587136 -8.001698 -0.400480
v 1.890374 -7.319994 -0.339244
v 1.850209 -7.521920 -0.152643
v 1.958109 -6.979469 -0.339244
v 1.958109 -6.979469 -0.400480
v 1.859047 -7.477489 -0.400480
v -0.490738 -14.690595 -0.152639
v -0.124706 -14.617786 -0.152639
v 0.614526 -14.690595 -0.152639
v 0.959320 -14.833413 -0.152639
v 1.269627 -15.040752 -0.152639
v 1.533522 -15.304646 -0.152639
v 1.740863 -15.614953 -0.152639
v 1.883682 -15.959747 -0.152639
v 1.956490 -16.325779 -0.152639
v 1.956491 -16.698982 -0.152639
v 1.883683 -17.065014 -0.152639
v 1.740864 -17.409809 -0.152639
v 1.533525 -17.720116 -0.152638
v 1.269631 -17.984011 -0.152638
v 0.959324 -18.191349 -0.152638
v 0.614529 -18.334169 -0.152638
v 0.248498 -18.406977 -0.152638
v -0.124705 -18.406979 -0.152638
v -0.490737 -18.334169 -0.152638
v -0.835531 -18.191351 -0.152638
v -1.145838 -17.984011 -0.152638
v -1.409733 -17.720116 -0.152638
v -1.617073 -17.409809 -0.152639
v -1.759893 -17.065016 -0.152639
v -1.832701 -16.698984 -0.152639
v -1.759893 -15.959749 -0.152639
v -1.617074 -15.614954 -0.152639
v -1.409733 -15.304648 -0.152639
v -1.145839 -15.040753 -0.152639
v -0.835532 -14.833413 -0.152639
v 0.061896 -7.182311 -0.339243
v 0.248497 -7.388194 -0.152642
v -0.124706 -7.388195 -0.152642
v -1.535129 -7.527109 -0.152642
v -1.901161 -7.599917 -0.152642
v -1.758311 -7.361587 -0.339243
v -3.257383 -8.011323 -0.152642
v -3.602177 -8.154141 -0.152641
v -3.508568 -7.892521 -0.339243
v -4.852078 -8.822227 -0.152641
v -5.162385 -9.029568 -0.152641
v -5.121614 -8.754712 -0.339243
v -6.257933 -9.928659 -0.152641
v -6.521827 -10.192554 -0.152641
v -6.535461 -9.915026 -0.339242
v -7.420920 -11.288103 -0.152641
v -7.628261 -11.598410 -0.152640
v -7.695776 -11.328874 -0.339242
v -8.296346 -12.848310 -0.152640
v -8.439164 -13.193104 -0.152640
v -8.557966 -12.941919 -0.339241
v -8.850570 -14.549326 -0.152639
v -8.923378 -14.915358 -0.152639
v -9.088901 -14.692176 -0.339241
v -9.062292 -16.325781 -0.152639
v -9.062293 -16.698984 -0.152639
v -9.268176 -16.512383 -0.339240
v -8.923378 -18.109406 -0.152638
v -8.850571 -18.475437 -0.152638
v -9.088902 -18.332588 -0.339240
v -8.439165 -19.831659 -0.152638
v -8.296346 -20.176455 -0.152637
v -8.557967 -20.082844 -0.339238
v -7.628261 -21.426355 -0.152636
v -7.420920 -21.736662 -0.152636
v -7.695776 -21.695892 -0.339238
v -6.521827 -22.832211 -0.152636
v -6.257933 -23.096106 -0.152636
v -6.535461 -23.109739 -0.339237
v -5.162385 -23.995197 -0.152636
v -4.852077 -24.202538 -0.152635
v -5.121614 -24.270054 -0.339237
v -3.602176 -24.870625 -0.152635
v -3.257381 -25.013443 -0.152635
v -3.508567 -25.132244 -0.339237
v -1.901159 -25.424849 -0.152635
v -1.535127 -25.497656 -0.152635
v -1.758309 -25.663179 -0.339236
v -0.124703 -25.636570 -0.152635
v 0.248500 -25.636570 -0.152635
v 0.061899 -25.842453 -0.339236
v 1.658924 -25.497656 -0.152635
v 2.024956 -25.424847 -0.152635
v 1.882106 -25.663177 -0.339236
v 3.381178 -25.013439 -0.152635
v 3.725972 -24.870621 -0.152635
v 3.632363 -25.132242 -0.339237
v 4.975873 -24.202536 -0.152635
v 5.286180 -23.995193 -0.152636
v 5.245409 -24.270050 -0.339237
v 6.381728 -23.096102 -0.152636
v 6.645622 -22.832207 -0.152636
v 6.659256 -23.109735 -0.339237
v 7.544714 -21.736658 -0.152636
v 7.752054 -21.426350 -0.152636
v 7.819570 -21.695887 -0.339238
v 8.420140 -20.176449 -0.152637
v 8.562959 -19.831654 -0.152638
v 8.681760 -20.082840 -0.339238
v 8.974362 -18.475431 -0.152638
v 9.047170 -18.109400 -0.152638
v 9.212693 -18.332581 -0.339240
v 9.186084 -16.698975 -0.152639
v 9.186083 -16.325771 -0.152639
v 9.391967 -16.512373 -0.339240
v 9.047167 -14.915348 -0.152639
v 8.974359 -14.549316 -0.152639
v 9.212690 -14.692166 -0.339241
v 8.562952 -13.193094 -0.152640
v 8.420133 -12.848300 -0.152640
v 8.681753 -12.941910 -0.339241
v 7.752045 -11.598400 -0.152640
v 7.544704 -11.288093 -0.152641
v 7.819560 -11.328863 -0.339242
v 6.645609 -10.192547 -0.152641
v 6.381715 -9.928653 -0.152641
v 6.659243 -9.915018 -0.339242
v 5.286165 -9.029560 -0.152641
v 4.975858 -8.822221 -0.152641
v 5.245394 -8.754705 -0.339243
v 3.725956 -8.154136 -0.152641
v 3.381162 -8.011318 -0.152642
v 3.632347 -7.892515 -0.339243
v 2.024939 -7.599914 -0.152642
v 1.658907 -7.527107 -0.152642
v 1.882088 -7.361584 -0.339243
v -1.758311 -7.361587 -2.211986
v -1.901161 -7.599918 -2.398587
v -1.535129 -7.527110 -2.398587
v -0.124706 -7.388196 -2.398587
v 0.248497 -7.388195 -2.398587
v 0.061896 -7.182312 -2.211986
v 1.956491 -16.698982 -2.398583
v -3.508568 -7.892521 -2.211986
v -3.602177 -8.154142 -2.398586
v -3.257383 -8.011324 -2.398586
v -5.121614 -8.754713 -2.211984
v -5.162385 -9.029569 -2.398586
v -4.852078 -8.822228 -2.398586
v -6.535461 -9.915027 -2.211984
v -6.521827 -10.192555 -2.398586
v -6.257933 -9.928660 -2.398586
v -7.695776 -11.328875 -2.211984
v -7.628261 -11.598411 -2.398585
v -7.420920 -11.288104 -2.398585
v -8.557966 -12.941920 -2.211983
v -8.439164 -13.193105 -2.398585
v -8.296346 -12.848311 -2.398585
v -9.088901 -14.692177 -2.211983
v -8.923378 -14.915359 -2.398584
v -8.850570 -14.549327 -2.398584
v -9.268176 -16.512383 -2.211982
v -9.062293 -16.698982 -2.398583
v -9.062292 -16.325781 -2.398584
v -9.088902 -18.332588 -2.211981
v -8.850571 -18.475439 -2.398582
v -8.923379 -18.109406 -2.398582
v -8.557967 -20.082844 -2.211981
v -8.296347 -20.176455 -2.398582
v -8.439165 -19.831659 -2.398582
v -7.695776 -21.695892 -2.211979
v -7.420920 -21.736662 -2.398581
v -7.628261 -21.426355 -2.398581
v -6.535461 -23.109739 -2.211979
v -6.257933 -23.096106 -2.398580
v -6.521827 -22.832211 -2.398580
v -5.121614 -24.270054 -2.211979
v -4.852077 -24.202538 -2.398580
v -5.162385 -23.995197 -2.398580
v -3.508567 -25.132244 -2.211978
v -3.257381 -25.013443 -2.398580
v -3.602176 -24.870625 -2.398580
v -1.758309 -25.663179 -2.211978
v -1.535127 -25.497656 -2.398580
v -1.901159 -25.424849 -2.398580
v 0.061899 -25.842453 -2.211978
v 0.248500 -25.636570 -2.398580
v -0.124703 -25.636570 -2.398580
v 1.882106 -25.663177 -2.211978
v 2.024956 -25.424847 -2.398580
v 1.658924 -25.497656 -2.398580
v 3.632363 -25.132242 -2.211978
v 3.725972 -24.870621 -2.398580
v 3.381178 -25.013439 -2.398580
v 5.245409 -24.270050 -2.211979
v 5.286180 -23.995193 -2.398580
v 4.975873 -24.202536 -2.398580
v 6.659256 -23.109735 -2.211979
v 6.645622 -22.832207 -2.398580
v 6.381728 -23.096102 -2.398580
v 7.819570 -21.695887 -2.211979
v 7.752055 -21.426350 -2.398581
v 7.544714 -21.736658 -2.398581
v 8.681760 -20.082840 -2.211981
v 8.562959 -19.831654 -2.398582
v 8.420140 -20.176449 -2.398582
v 9.212693 -18.332581 -2.211981
v 9.047170 -18.109400 -2.398582
v 8.974362 -18.475431 -2.398582
v 9.391967 -16.512373 -2.211982
v 9.186083 -16.325771 -2.398584
v 9.186084 -16.698975 -2.398583
v 9.212690 -14.692167 -2.211983
v 8.974359 -14.549317 -2.398584
v 9.047167 -14.915349 -2.398584
v 8.681753 -12.941911 -2.211983
v 8.420133 -12.848301 -2.398585
v 8.562952 -13.193095 -2.398585
v 7.819560 -11.328864 -2.211984
v 7.544704 -11.288094 -2.398585
v 7.752045 -11.598401 -2.398585
v 6.659243 -9.915019 -2.211984
v 6.381715 -9.928654 -2.398586
v 6.645609 -10.192548 -2.398586
v 5.245394 -8.754706 -2.211984
v 4.975858 -8.822222 -2.398586
v 5.286165 -9.029561 -2.398586
v 3.632347 -7.892516 -2.211986
v 3.381162 -8.011319 -2.398586
v 3.725956 -8.154137 -2.398586
v 1.882088 -7.361584 -2.211986
v 1.658907 -7.527108 -2.398587
v 2.024939 -7.599915 -2.398587
v -0.705808 14.315758 -0.002227
v 0.060026 14.315758 -0.768060
v 0.442943 14.315758 -0.665459
v 0.723258 14.315758 -0.385143
v 0.825861 14.315758 -0.002227
v 0.980159 17.365646 -0.145659
v 0.980159 17.100990 -1.501339
v 1.229113 17.365646 -0.145659
v 1.229113 17.100990 -1.501339
v 1.353591 17.153328 -0.108219
v 1.353591 16.888660 -1.463899
v 1.229113 16.940998 -0.070781
v 1.229113 16.676334 -1.426462
v 0.980159 16.940998 -0.070781
v 1.104637 17.153328 -0.108219
v 0.855681 17.153328 -0.108219
v 1.104637 16.888660 -1.463899
v 0.980159 16.676334 -1.426462
v 0.855681 16.888660 -1.463899
v -0.826597 21.342884 -0.852606
v -0.826597 21.078224 -2.208287
v -1.075551 21.342884 -0.852606
v -1.075551 21.078224 -2.208287
v -1.200028 21.130562 -0.815166
v -1.200028 20.865898 -2.170847
v -1.075551 20.918232 -0.777728
v -1.075551 20.653572 -2.133409
v -0.826597 20.918232 -0.777728
v -0.951074 21.130562 -0.815166
v -0.702119 21.130562 -0.815166
v -0.951074 20.865898 -2.170847
v -0.826597 20.653572 -2.133409
v -0.702119 20.865898 -2.170847
v 0.855681 20.865925 -2.170847
v 0.980159 20.653599 -2.133409
v 1.104637 20.865925 -2.170847
v 0.855681 21.130589 -0.815166
v 1.104637 21.130589 -0.815166
v 0.980159 20.918259 -0.777728
v 1.229113 20.653599 -2.133409
v 1.229113 20.918259 -0.777728
v 1.353591 20.865925 -2.170847
v 1.353591 21.130589 -0.815166
v 1.229113 21.078251 -2.208287
v 1.229113 21.342911 -0.852606
v 0.980159 21.078251 -2.208287
v 0.980159 21.342911 -0.852606
v -0.702119 16.888634 -1.463899
v -0.826597 16.676308 -1.426462
v -0.951074 16.888634 -1.463899
v -0.702119 17.153301 -0.108219
v -0.951074 17.153301 -0.108219
v -0.826597 16.940971 -0.070781
v -1.075551 16.676308 -1.426462
v -1.075551 16.940971 -0.070781
v -1.200028 16.888634 -1.463899
v -1.200028 17.153301 -0.108219
v -1.075551 17.100964 -1.501339
v -1.075551 17.365620 -0.145659
v -0.826597 17.100964 -1.501339
v -0.826597 17.365620 -0.145659
v 0.922184 23.716537 -1.505324
v 0.922184 23.526283 -2.343533
v 1.201216 22.234425 -2.115743
v 1.205922 22.430145 -1.278502
v 0.251485 14.315758 -0.716759
v 0.575500 14.985590 -0.837575
v 0.951598 15.162931 0.002912
v 0.398768 17.723129 -1.320277
v 0.316636 16.097729 -1.033675
v 1.369748 16.097729 -1.033675
v 1.825504 16.275070 -0.193193
v 0.260438 14.985590 -0.837575
v 0.548410 20.684544 -1.842456
v 1.410317 17.723129 -1.320277
v 1.702199 17.900467 -0.479793
v -0.194427 16.097729 -1.033675
v -0.360496 19.362972 -1.609427
v 1.136296 19.842651 -1.694009
v 1.240307 20.019993 -0.853523
v -0.137863 14.985590 -0.837575
v -0.427714 20.684544 -1.842456
v 1.865479 20.684544 -1.842456
v 2.026783 20.861881 -1.001974
v 1.913196 21.487167 -1.983981
v 2.066449 21.664509 -1.143499
v 0.059415 23.731628 -2.379741
v 0.058395 22.265141 -2.121160
v 0.505506 15.162931 0.002912
v 1.062932 21.664509 -1.143499
v 1.043099 20.861881 -1.001974
v 0.536569 20.086933 -0.865326
v 0.880806 17.900467 -0.479793
v 0.942459 16.275070 -0.193193
v 0.490800 23.924255 -1.541952
v 0.489385 23.730011 -2.379454
v 0.632669 22.409763 -1.274907
v 0.629806 22.249783 -2.118452
v 1.214522 18.816360 -1.513043
v 1.357960 18.993694 -0.672561
v 0.708687 18.993694 -0.672561
v 1.062117 19.362980 -1.609427
v 1.185841 19.540318 -0.768946
v 0.622628 19.540318 -0.768946
v -0.803354 23.716537 -1.505324
v -0.803354 23.526283 -2.343533
v -1.082386 22.234425 -2.115743
v -1.087092 22.430145 -1.278502
v 0.060026 14.315758 -0.002227
v -0.456670 14.985590 -0.837575
v -0.832768 15.162931 0.002912
v 0.059415 18.816360 -1.513043
v 0.059415 19.362972 -1.609427
v -1.250918 16.097729 -1.033675
v -1.706674 16.275070 -0.193193
v 0.588966 21.487167 -1.983981
v -1.491936 17.811798 -0.900034
v -1.291486 17.723129 -1.320277
v -1.583368 17.900467 -0.479793
v 0.507543 19.881737 -1.700900
v 0.454010 18.816360 -1.513043
v -1.017465 19.842651 -1.694009
v -1.121477 20.019993 -0.853523
v -0.468535 21.487167 -1.983981
v -0.332696 18.816360 -1.513043
v -0.277096 17.723129 -1.320277
v -1.746649 20.684544 -1.842456
v -1.907952 20.861881 -1.001974
v -1.794365 21.487167 -1.983981
v -1.947619 21.664509 -1.143499
v 0.059415 16.275070 -0.193193
v -1.069471 19.931320 -1.273768
v 0.059415 23.929863 -1.542942
v 0.059415 20.086933 -0.865326
v 0.059415 20.861881 -1.001974
v 0.059415 17.900467 -0.479793
v 0.059415 15.162931 0.002912
v 0.059415 17.723129 -1.320277
v 0.059415 21.664509 -1.143499
v 0.059415 19.909595 -1.705812
v 0.059415 14.985590 -0.837575
v 0.059415 16.097729 -1.033675
v 0.481628 19.362972 -1.609427
v -0.386416 19.881878 -1.700924
v 0.059415 20.684544 -1.842456
v 0.059415 21.487167 -1.983981
v 0.059415 22.389385 -1.271315
v -0.386675 15.162931 0.002912
v -0.944102 21.664509 -1.143499
v -0.924268 20.861881 -1.001974
v -0.417738 20.086933 -0.865326
v -0.761976 17.900467 -0.479793
v -0.823628 16.275070 -0.193193
v -0.371969 23.924255 -1.541952
v -0.370555 23.730011 -2.379454
v -0.513838 22.409763 -1.274907
v -0.510975 22.249783 -2.118452
v -1.095692 18.816360 -1.513043
v -1.239130 18.993694 -0.672561
v 0.059415 18.993694 -0.672561
v -0.589857 18.993694 -0.672561
v -0.943286 19.362980 -1.609427
v -1.067011 19.540318 -0.768946
v -0.503798 19.540318 -0.768946
v 0.059415 19.540318 -0.768946
v 1.946131 20.773216 -1.422215
v 1.188301 19.931320 -1.273764
v 1.610766 17.811798 -0.900034
v 1.718847 16.186398 -0.613432
v 0.922184 23.621410 -1.924429
v 0.868035 15.074261 -0.417332
v 1.203569 22.332287 -1.697122
v 1.989823 21.575840 -1.563740
v 0.059415 23.830746 -1.961341
v 0.490093 23.827129 -1.960703
v 1.286241 18.905033 -1.092802
v 1.123979 19.451645 -1.189186
v -1.827301 20.773216 -1.422215
v -1.600016 16.186401 -0.613432
v -0.803354 23.621410 -1.924429
v -0.749204 15.074259 -0.417332
v -1.084739 22.332283 -1.697122
v -1.870992 21.575840 -1.563740
v -0.371262 23.827129 -1.960703
v -1.167411 18.905029 -1.092802
v -1.005149 19.451645 -1.189186
v -0.603206 14.315758 -0.385143
v -0.322891 14.315758 -0.665459
v -0.705247 13.969975 0.288124
v -0.709931 13.791092 0.288124
v 0.798795 13.969975 0.288124
v 0.803479 13.791088 0.288124
v 0.798795 13.969975 -0.002227
v 0.803479 13.791088 -0.002227
v -0.705247 13.969975 -0.002227
v -0.709931 13.791092 -0.002227
v -0.757087 11.803801 0.179700
v -0.759273 11.720322 0.179700
v 0.850634 11.803801 0.179700
v 0.852820 11.720322 0.179700
v 0.850634 11.803801 -0.002228
v 0.852820 11.720322 -0.002228
v -0.757087 11.803801 -0.002228
v -0.759273 11.720322 -0.002228
v -0.804241 9.924116 0.179700
v -0.806427 9.840639 0.179700
v 0.897789 9.924116 0.179700
v 0.899975 9.840639 0.179700
v 0.897789 9.924116 -0.002228
v 0.899975 9.840639 -0.002228
v -0.804241 9.924116 -0.002228
v -0.806427 9.840639 -0.002228
v -0.847024 8.218571 0.179701
v -0.849522 8.123165 0.179701
v 0.940572 8.218571 0.179701
v 0.943070 8.123165 0.179701
v 0.940572 8.218571 -0.002227
v 0.943070 8.123165 -0.002227
v -0.847024 8.218571 -0.002227
v -0.849522 8.123165 -0.002227
v -0.889182 6.565565 0.179702
v -0.891369 6.482086 0.179702
v 0.982730 6.565565 0.179702
v 0.984916 6.482086 0.179702
v 0.982730 6.565565 -0.002225
v 0.984916 6.482086 -0.002225
v -0.889182 6.565565 -0.002225
v -0.891369 6.482086 -0.002225
v -0.928530 5.048588 0.179703
v -0.931028 4.953184 0.179703
v 1.022078 5.048588 0.179703
v 1.024576 4.953184 0.179703
v 1.022078 5.048588 -0.002225
v 1.024576 4.953184 -0.002225
v -0.928530 5.048588 -0.002225
v -0.931028 4.953184 -0.002225
v -0.965067 3.624594 0.179701
v -0.967253 3.541115 0.179701
v 1.058614 3.624594 0.179701
v 1.060801 3.541115 0.179701
v 1.058614 3.624594 -0.002227
v 1.060801 3.541115 -0.002227
v -0.965067 3.624594 -0.002227
v -0.967253 3.541115 -0.002227
v -1.000355 2.291346 0.179701
v -1.002853 2.195942 0.179701
v 1.093903 2.291346 0.179701
v 1.096401 2.195942 0.179701
v 1.093903 2.291346 -0.002226
v 1.096401 2.195942 -0.002226
v -1.000355 2.291346 -0.002226
v -1.002853 2.195942 -0.002226
v -1.033457 1.041580 0.179702
v -1.035956 0.946173 0.179702
v 1.127005 1.041580 0.179702
v 1.129503 0.946173 0.179702
v 1.127005 1.041580 -0.002226
v 1.129503 0.946173 -0.002226
v -1.033457 1.041580 -0.002226
v -1.035956 0.946173 -0.002226
v -1.064686 -0.138363 0.179702
v -1.066872 -0.221842 0.179702
v 1.158233 -0.138363 0.179702
v 1.160419 -0.221842 0.179702
v 1.158233 -0.138363 -0.002226
v 1.160419 -0.221842 -0.002226
v -1.064686 -0.138363 -0.002226
v -1.066872 -0.221842 -0.002226
v -1.094040 -1.238614 0.179702
v -1.096538 -1.334020 0.179703
v 1.187588 -1.238614 0.179702
v 1.190086 -1.334020 0.179703
v 1.187588 -1.238614 -0.002225
v 1.190086 -1.334020 -0.002225
v -1.094040 -1.238614 -0.002225
v -1.096538 -1.334020 -0.002225
v -1.121209 -2.267841 0.179703
v -1.124020 -2.375172 0.179703
v 1.214757 -2.267841 0.179703
v 1.217567 -2.375172 0.179703
v 1.214757 -2.267841 -0.002225
v 1.217567 -2.375172 -0.002225
v -1.121209 -2.267841 -0.002225
v -1.124020 -2.375172 -0.002225
v -1.147128 -3.232759 0.179703
v -1.150251 -3.352015 0.179703
v 1.240676 -3.232759 0.179703
v 1.243799 -3.352015 0.179703
v 1.240676 -3.232759 -0.002225
v 1.243799 -3.352015 -0.002225
v -1.147128 -3.232759 -0.002225
v -1.150251 -3.352015 -0.002225
v -1.171799 -4.174885 0.179703
v -1.173985 -4.258364 0.179703
v 1.265347 -4.174885 0.179703
v 1.267533 -4.258364 0.179703
v 1.265347 -4.174885 -0.002224
v 1.267533 -4.258364 -0.002224
v -1.171799 -4.174885 -0.002224
v -1.173985 -4.258364 -0.002224
v -1.195533 -5.031413 0.179701
v -1.198031 -5.126819 0.179701
v 1.289080 -5.031413 0.179701
v 1.291579 -5.126819 0.179701
v 1.289080 -5.031413 -0.002226
v 1.291579 -5.126819 -0.002226
v -1.195533 -5.031413 -0.002226
v -1.198031 -5.126819 -0.002226
v -1.217392 -5.832994 0.179702
v -1.220203 -5.940325 0.179702
v 1.310940 -5.832994 0.179702
v 1.313751 -5.940325 0.179702
v 1.310940 -5.832994 -0.002226
v 1.313751 -5.940325 -0.002226
v -1.217392 -5.832994 -0.002226
v -1.220203 -5.940325 -0.002226
v -1.238315 -6.619556 0.179703
v -1.240813 -6.714962 0.179703
v 1.331862 -6.619556 0.179703
v 1.334362 -6.714962 0.179703
v 1.331862 -6.619556 -0.002226
v 1.334362 -6.714962 -0.002225
v -1.238315 -6.619556 -0.002226
v -1.240813 -6.714962 -0.002225
v -0.477343 13.935352 0.478304
v -0.526739 13.927423 0.395271
v -0.576133 13.935322 0.478008
v -0.477343 13.919525 0.312535
v -0.027371 13.928160 0.403889
v -0.076774 13.936073 0.486775
v -0.126177 13.928158 0.403889
v -0.733968 21.129372 -0.975087
v -0.793204 21.050293 -0.975087
v -0.775402 21.098686 -0.890802
v -0.175579 13.936073 0.486770
v -0.834637 21.019604 -0.890802
v -0.224982 13.928160 0.403889
v -0.852441 20.971214 -0.975087
v -0.175579 13.920248 0.321001
v -0.811010 21.001907 -1.059372
v -0.076774 13.920248 0.321006
v -0.751775 21.080986 -1.059372
v 0.910157 21.080986 -1.059372
v 0.235156 13.920248 0.321006
v 0.969392 21.001907 -1.059372
v 0.333962 13.920248 0.321001
v 1.010823 20.971214 -0.975087
v 0.383365 13.928160 0.403889
v 0.993019 21.019604 -0.890802
v 0.333962 13.936073 0.486770
v 0.933784 21.098686 -0.890802
v 0.951586 21.050293 -0.975087
v 0.892350 21.129372 -0.975087
v 0.284559 13.928158 0.403889
v 0.235156 13.936073 0.486775
v 0.185754 13.928160 0.403889
v 0.734516 13.919497 0.312241
v 0.685121 13.927423 0.395271
v 1.346161 -7.049828 -0.002225
v -0.583042 -7.049829 -1.116052
v -1.053800 -7.049828 -0.645292
v 0.703094 -7.049829 -1.116052
v 0.060026 -7.049829 -1.288359
v 1.173852 -7.049829 -0.645292
v -1.226109 -7.049828 -0.002225
v 1.346161 -7.569929 -0.002225
v -0.583042 -7.569931 -1.116050
v -1.053800 -7.569929 -0.645292
v 0.703094 -7.569931 -1.116050
v 0.060026 -7.569931 -1.288357
v 1.173852 -7.569930 -0.645292
v -1.226109 -7.569929 -0.002225
v 1.346161 -7.868838 -0.277221
v -0.583042 -7.868841 -1.116144
v -1.053800 -7.868838 -0.645385
v 0.703094 -7.868841 -1.116144
v 0.060026 -7.868841 -1.288451
v 1.173852 -7.868840 -0.645385
v -1.226109 -7.868838 -0.277221
v -1.238315 -7.326976 0.179703
v -1.240813 -7.422380 0.179703
v 1.331862 -7.326976 0.179703
v 1.334362 -7.422380 0.179703
v 1.331862 -7.326976 -0.002225
v 1.334362 -7.422380 -0.002225
v -1.238315 -7.326976 -0.002225
v -1.240813 -7.422380 -0.002225
v -0.131432 14.315758 -0.716759
v 0.060026 -7.049828 -0.002225
v 0.703094 -7.049828 -0.002225
v 0.442944 14.315758 -0.002227
v 0.381560 -7.049829 -1.202206
v 0.381560 -7.569931 -1.202206
v 0.381560 -7.868841 -1.202297
v -0.261508 -7.049829 -1.202206
v -0.261508 -7.569931 -1.202206
v -0.261508 -7.868841 -1.202297
v 0.060026 -7.569929 -0.002225
v 0.060026 -7.868838 -0.277221
v 0.703094 -7.569929 -0.002225
v 0.703094 -7.868838 -0.277221
v -0.583041 -7.868838 -0.277221
v -0.583041 -7.569929 -0.002225
v -0.583041 -7.049828 -0.002225
v -0.322891 14.315758 -0.002227
v -1.384058 -19.539333 0.396639
v -1.384058 -19.682020 0.396639
v 1.412641 -19.539333 0.396639
v 1.412641 -19.682020 0.396639
v 1.412641 -19.539333 -0.156498
v 1.412641 -19.682020 -0.156498
v -1.384058 -19.539333 -0.156498
v -1.384058 -19.682020 -0.156498
v -1.483940 -19.403088 -0.069103
v -1.483940 -21.350790 -0.069102
v 1.541061 -19.403088 -0.069103
v 1.541061 -21.350790 -0.069102
v 1.541061 -19.403088 -0.156498
v 1.541061 -21.350790 -0.156497
v -1.483940 -19.403088 -0.156498
v -1.483940 -21.350790 -0.156497
v -0.670775 -25.691624 -0.106056
v -0.720742 -25.725441 -0.026391
v -0.770708 -25.691624 -0.106056
v -1.034632 -19.539675 0.397595
v -1.134564 -19.539675 0.397595
v -1.084598 -19.539776 0.484142
v -0.820674 -25.725441 -0.026391
v -1.184530 -19.539776 0.484142
v -0.870640 -25.691624 -0.106056
v -1.234496 -19.539675 0.397595
v -0.820674 -25.657803 -0.185722
v -1.184530 -19.539568 0.311047
v -0.720742 -25.657803 -0.185722
v -1.084598 -19.539568 0.311047
v -0.152502 -25.691624 -0.106056
v -0.202468 -25.725441 -0.026391
v -0.252434 -25.691624 -0.106056
v -0.298045 -19.539675 0.397595
v -0.397977 -19.539675 0.397595
v -0.348011 -19.539776 0.484142
v -0.302401 -25.725441 -0.026391
v -0.447943 -19.539776 0.484142
v -0.352367 -25.691624 -0.106056
v -0.497909 -19.539675 0.397595
v -0.302401 -25.657803 -0.185722
v -0.447943 -19.539568 0.311047
v -0.202468 -25.657803 -0.185722
v -0.348011 -19.539568 0.311047
v 0.426118 -25.691624 -0.106056
v 0.376152 -25.725441 -0.026391
v 0.326186 -25.691624 -0.106056
v 0.571661 -19.539675 0.397595
v 0.471728 -19.539675 0.397595
v 0.521695 -19.539776 0.484142
v 0.276220 -25.725441 -0.026391
v 0.421762 -19.539776 0.484142
v 0.226253 -25.691624 -0.106056
v 0.371796 -19.539675 0.397595
v 0.276220 -25.657803 -0.185722
v 0.421762 -19.539568 0.311047
v 0.376152 -25.657803 -0.185722
v 0.521695 -19.539568 0.311047
v 0.953267 -25.691624 -0.106056
v 0.903300 -25.725441 -0.026391
v 0.853333 -25.691624 -0.106056
v 1.317123 -19.539675 0.397595
v 1.217190 -19.539675 0.397595
v 1.267156 -19.539776 0.484142
v 0.803367 -25.725441 -0.026391
v 1.167224 -19.539776 0.484142
v 0.753401 -25.691624 -0.106056
v 1.117257 -19.539675 0.397595
v 0.803367 -25.657803 -0.185722
v 1.167224 -19.539568 0.311047
v 0.903300 -25.657803 -0.185722
v 1.267156 -19.539568 0.311047
v -0.427947 13.927450 0.395567
v -0.729774 17.143139 -0.280773
v -0.774889 17.055248 -0.280906
v -0.765510 17.105831 -0.196554
v -0.810628 17.017944 -0.196690
v -0.625529 13.927397 0.394978
v -0.820004 16.967358 -0.281041
v -0.576133 13.919497 0.312241
v -0.784262 17.004662 -0.365260
v -0.739148 17.092552 -0.365124
v 0.897530 17.092552 -0.365124
v 0.635725 13.919525 0.312535
v 0.942644 17.004662 -0.365260
v 0.978386 16.967358 -0.281041
v 0.783911 13.927397 0.394978
v 0.969010 17.017944 -0.196690
v 0.734516 13.935322 0.478008
v 0.923893 17.105831 -0.196554
v 0.933271 17.055248 -0.280906
v 0.888156 17.143139 -0.280773
v 0.635725 13.935352 0.478304
v 0.586329 13.927450 0.395567
v 0.061895 -16.512388 -0.152633
v -1.825756 -16.332474 -0.152633
v 0.241807 -14.624737 -0.152634
v -0.490738 -14.690596 -2.406077
v -0.124706 -14.617787 -2.406077
v 0.614526 -14.690596 -2.406077
v 0.959320 -14.833414 -2.406077
v 1.269627 -15.040753 -2.406077
v 1.533522 -15.304647 -2.406077
v 1.740863 -15.614954 -2.406077
v 1.883682 -15.959748 -2.406077
v 1.956490 -16.325779 -2.406077
v 1.883683 -17.065014 -2.406076
v 1.740864 -17.409809 -2.406075
v 1.533525 -17.720116 -2.406075
v 1.269631 -17.984011 -2.406075
v 0.959324 -18.191349 -2.406075
v 0.614529 -18.334169 -2.406075
v 0.248498 -18.406977 -2.406075
v -0.124705 -18.406979 -2.406075
v -0.490737 -18.334169 -2.406075
v -0.835531 -18.191351 -2.406075
v -1.145838 -17.984011 -2.406075
v -1.409733 -17.720116 -2.406075
v -1.617073 -17.409809 -2.406075
v -1.759893 -17.065016 -2.406076
v -1.832701 -16.698984 -2.406076
v -1.759893 -15.959750 -2.406077
v -1.617074 -15.614955 -2.406077
v -1.409733 -15.304649 -2.406077
v -1.145839 -15.040754 -2.406077
v -0.835532 -14.833414 -2.406077
v 0.061895 -16.512388 -2.406071
v -1.825756 -16.332474 -2.406071
v 0.241807 -14.624738 -2.406071
vn -0.0000 0.3400 -0.9404
vn -0.0000 0.6716 -0.7410
vn -0.1310 0.6587 -0.7410
vn -0.0663 0.3335 -0.9404
vn -0.2570 0.6204 -0.7410
vn -0.1301 0.3141 -0.9404
vn -0.3731 0.5584 -0.7410
vn -0.1889 0.2827 -0.9404
vn -0.4749 0.4749 -0.7410
vn -0.2404 0.2404 -0.9404
vn -0.5584 0.3731 -0.7410
vn -0.2827 0.1889 -0.9404
vn -0.6204 0.2570 -0.7410
vn -0.3141 0.1301 -0.9404
vn -0.6587 0.1310 -0.7410
vn -0.3335 0.0663 -0.9404
vn -0.6716 -0.0000 -0.7409
vn -0.3400 -0.0000 -0.9404
vn -0.6587 -0.1310 -0.7410
vn -0.3335 -0.0663 -0.9404
vn -0.6204 -0.2570 -0.7410
vn -0.3141 -0.1301 -0.9404
vn -0.5584 -0.3731 -0.7410
vn -0.2827 -0.1889 -0.9404
vn -0.4749 -0.4749 -0.7409
vn -0.2404 -0.2404 -0.9404
vn -0.3731 -0.5584 -0.7410
vn -0.1889 -0.2827 -0.9404
vn -0.2570 -0.6204 -0.7410
vn -0.1301 -0.3141 -0.9404
vn -0.1310 -0.6587 -0.7410
vn -0.0663 -0.3335 -0.9404
vn -0.0000 -0.6716 -0.7409
vn -0.0000 -0.3400 -0.9404
vn 0.1310 -0.6587 -0.7410
vn 0.0663 -0.3335 -0.9404
vn 0.2570 -0.6204 -0.7410
vn 0.1301 -0.3141 -0.9404
vn 0.3731 -0.5584 -0.7409
vn 0.1889 -0.2827 -0.9404
vn 0.4749 -0.4749 -0.7410
vn 0.2404 -0.2404 -0.9404
vn 0.5584 -0.3731 -0.7410
vn 0.2827 -0.1889 -0.9404
vn 0.6204 -0.2570 -0.7409
vn 0.3141 -0.1301 -0.9404
vn 0.6587 -0.1310 -0.7409
vn 0.3335 -0.0663 -0.9404
vn 0.6716 -0.0000 -0.7409
vn 0.3400 -0.0000 -0.9404
vn 0.6587 0.1310 -0.7409
vn 0.3335 0.0663 -0.9404
vn 0.6204 0.2570 -0.7410
vn 0.3141 0.1301 -0.9404
vn 0.5584 0.3731 -0.7410
vn 0.2827 0.1889 -0.9404
vn 0.4749 0.4749 -0.7410
vn 0.2404 0.2404 -0.9404
vn 0.3731 0.5584 -0.7410
vn 0.1889 0.2827 -0.9404
vn 0.2570 0.6204 -0.7410
vn 0.1301 0.3141 -0.9404
vn 0.1310 0.6587 -0.7410
vn 0.0663 0.3335 -0.9404
vn -0.1420 0.7139 -0.6857
vn -0.0000 0.7279 -0.6857
vn -0.2785 0.6725 -0.6857
vn -0.4044 0.6052 -0.6857
vn -0.5147 0.5147 -0.6857
vn -0.6052 0.4044 -0.6857
vn -0.6725 0.2785 -0.6857
vn -0.7139 0.1420 -0.6857
vn -0.7279 -0.0000 -0.6857
vn -0.7139 -0.1420 -0.6857
vn -0.6725 -0.2785 -0.6857
vn -0.6052 -0.4044 -0.6857
vn -0.5147 -0.5147 -0.6857
vn -0.4044 -0.6052 -0.6857
vn -0.2785 -0.6725 -0.6857
vn -0.1420 -0.7139 -0.6857
vn -0.0000 -0.7279 -0.6857
vn 0.1420 -0.7139 -0.6857
vn 0.2785 -0.6725 -0.6857
vn 0.4044 -0.6052 -0.6857
vn 0.5147 -0.5147 -0.6857
vn 0.6052 -0.4044 -0.6857
vn 0.6725 -0.2785 -0.6857
vn 0.7139 -0.1420 -0.6857
vn 0.7279 -0.0000 -0.6857
vn 0.7139 0.1420 -0.6857
vn 0.6725 0.2785 -0.6857
vn 0.6052 0.4044 -0.6857
vn 0.5147 0.5147 -0.6857
vn 0.4044 0.6052 -0.6857
vn 0.2785 0.6725 -0.6857
vn 0.1420 0.7139 -0.6857
vn -0.1420 0.7139 0.6857
vn -0.0000 0.7279 0.6857
vn -0.2785 0.6725 0.6857
vn -0.4044 0.6052 0.6857
vn -0.5147 0.5147 0.6857
vn -0.6052 0.4044 0.6857
vn -0.6725 0.2785 0.6857
vn -0.7139 0.1420 0.6857
vn -0.7279 -0.0000 0.6857
vn -0.7139 -0.1420 0.6857
vn -0.6725 -0.2785 0.6857
vn -0.6052 -0.4044 0.6857
vn -0.5147 -0.5147 0.6857
vn -0.4044 -0.6052 0.6857
vn -0.2785 -0.6725 0.6857
vn -0.1420 -0.7139 0.6857
vn -0.0000 -0.7279 0.6857
vn 0.1420 -0.7139 0.6857
vn 0.2785 -0.6725 0.6857
vn 0.4044 -0.6052 0.6857
vn 0.5147 -0.5147 0.6857
vn 0.6052 -0.4044 0.6857
vn 0.6725 -0.2785 0.6857
vn 0.7139 -0.1420 0.6857
vn 0.7279 -0.0000 0.6857
vn 0.7139 0.1420 0.6857
vn 0.6725 0.2785 0.6857
vn 0.6052 0.4044 0.6857
vn 0.5147 0.5147 0.6857
vn 0.4044 0.6052 0.6857
vn 0.2785 0.6725 0.6857
vn 0.1420 0.7139 0.6857
vn -0.0000 -0.0000 1.0000
vn -0.0000 0.3400 0.9404
vn -0.0663 0.3335 0.9404
vn -0.1310 0.6587 0.7410
vn -0.0000 0.6716 0.7410
vn -0.1301 0.3141 0.9404
vn -0.2570 0.6204 0.7410
vn -0.1889 0.2827 0.9404
vn -0.3731 0.5584 0.7409
vn -0.2404 0.2404 0.9404
vn -0.4749 0.4749 0.7410
vn -0.2827 0.1889 0.9404
vn -0.5584 0.3731 0.7410
vn -0.3141 0.1301 0.9404
vn -0.6204 0.2570 0.7410
vn -0.3335 0.0663 0.9404
vn -0.6587 0.1310 0.7410
vn -0.3400 -0.0000 0.9404
vn -0.6716 -0.0000 0.7410
vn -0.3335 -0.0663 0.9404
vn -0.6587 -0.1310 0.7410
vn -0.3141 -0.1301 0.9404
vn -0.6204 -0.2570 0.7410
vn -0.2827 -0.1889 0.9404
vn -0.5584 -0.3731 0.7409
vn -0.2404 -0.2404 0.9404
vn -0.4749 -0.4749 0.7409
vn -0.1889 -0.2827 0.9404
vn -0.3731 -0.5584 0.7410
vn -0.1301 -0.3141 0.9404
vn -0.2570 -0.6204 0.7410
vn -0.0663 -0.3335 0.9404
vn -0.1310 -0.6587 0.7409
vn -0.0000 -0.3400 0.9404
vn -0.0000 -0.6716 0.7409
vn 0.0663 -0.3335 0.9404
vn 0.1310 -0.6587 0.7410
vn 0.1301 -0.3141 0.9404
vn 0.2570 -0.6204 0.7410
vn 0.1889 -0.2827 0.9404
vn 0.3731 -0.5584 0.7410
vn 0.2404 -0.2404 0.9404
vn 0.4749 -0.4749 0.7410
vn 0.2827 -0.1889 0.9404
vn 0.5584 -0.3731 0.7410
vn 0.3141 -0.1301 0.9404
vn 0.6204 -0.2570 0.7410
vn 0.3335 -0.0663 0.9404
vn 0.6587 -0.1310 0.7410
vn 0.3400 -0.0000 0.9404
vn 0.6716 -0.0000 0.7410
vn 0.3335 0.0663 0.9404
vn 0.6587 0.1310 0.7410
vn 0.3141 0.1301 0.9404
vn 0.6204 0.2570 0.7410
vn 0.2827 0.1889 0.9404
vn 0.5584 0.3731 0.7410
vn 0.2404 0.2404 0.9404
vn 0.4749 0.4749 0.7410
vn 0.1889 0.2827 0.9404
vn 0.3731 0.5584 0.7410
vn 0.1301 0.3141 0.9404
vn 0.2570 0.6204 0.7409
vn 0.0663 0.3335 0.9404
vn 0.1310 0.6587 0.7409
vn -0.0000 -0.0000 -1.0000
vn 0.0488 0.3824 0.9227
vn 0.0267 0.3846 0.9227
vn -0.1719 0.3451 0.9227
vn -0.1915 0.3346 0.9227
vn -0.2359 0.3049 0.9227
vn -0.2531 0.2908 0.9227
vn -0.2908 0.2531 0.9227
vn -0.3049 0.2359 0.9227
vn -0.3346 0.1915 0.9227
vn -0.3451 0.1719 0.9227
vn -0.3655 0.1225 0.9227
vn -0.3720 0.1012 0.9227
vn -0.3824 0.0488 0.9227
vn -0.3846 0.0267 0.9227
vn -0.3846 -0.0267 0.9227
vn -0.3824 -0.0488 0.9227
vn -0.3720 -0.1012 0.9227
vn -0.3655 -0.1225 0.9227
vn -0.3451 -0.1719 0.9227
vn -0.3346 -0.1915 0.9227
vn -0.3049 -0.2359 0.9227
vn -0.2908 -0.2531 0.9227
vn -0.2531 -0.2908 0.9227
vn -0.2359 -0.3049 0.9227
vn -0.1915 -0.3346 0.9227
vn -0.1719 -0.3451 0.9227
vn -0.1225 -0.3655 0.9227
vn -0.1012 -0.3720 0.9227
vn -0.0488 -0.3824 0.9227
vn -0.0267 -0.3846 0.9227
vn 0.0267 -0.3846 0.9227
vn 0.0488 -0.3824 0.9227
vn 0.1012 -0.3720 0.9227
vn 0.1225 -0.3655 0.9227
vn 0.1719 -0.3451 0.9227
vn 0.1915 -0.3346 0.9227
vn 0.2359 -0.3049 0.9227
vn 0.2531 -0.2908 0.9227
vn 0.2908 -0.2531 0.9227
vn 0.3049 -0.2359 0.9227
vn 0.3346 -0.1915 0.9227
vn 0.3451 -0.1719 0.9227
vn 0.3655 -0.1225 0.9227
vn 0.3720 -0.1012 0.9227
vn 0.3824 -0.0488 0.9227
vn 0.3846 -0.0267 0.9227
vn 0.3846 0.0267 0.9227
vn 0.3824 0.0488 0.9227
vn 0.3720 0.1012 0.9227
vn 0.3655 0.1225 0.9227
vn 0.3451 0.1719 0.9227
vn 0.3346 0.1915 0.9227
vn 0.3049 0.2359 0.9227
vn 0.2908 0.2531 0.9227
vn 0.2531 0.2908 0.9227
vn 0.2359 0.3050 0.9227
vn 0.1915 0.3346 0.9227
vn 0.1719 0.3451 0.9227
vn 0.1225 0.3655 0.9227
vn 0.1012 0.3720 0.9227
vn -0.0267 0.3846 0.9227
vn -0.0488 0.3824 0.9227
vn 0.0001 0.0005 -1.0000
vn 0.0267 0.3851 -0.9225
vn 0.0489 0.3829 -0.9225
vn -0.0002 0.0005 -1.0000
vn -0.1227 0.3660 -0.9225
vn -0.1013 0.3725 -0.9225
vn -0.1801 0.9057 0.3838
vn -0.1801 0.9057 -0.3838
vn -0.3534 0.8531 -0.3838
vn -0.3534 0.8531 0.3838
vn -0.0003 0.0004 -1.0000
vn -0.2534 0.2912 -0.9225
vn -0.2362 0.3053 -0.9225
vn -0.0004 0.0003 -1.0000
vn -0.3053 0.2362 -0.9225
vn -0.2912 0.2534 -0.9225
vn -0.0005 0.0003 -1.0000
vn -0.3455 0.1720 -0.9225
vn -0.3350 0.1917 -0.9225
vn -0.0005 0.0002 -1.0000
vn -0.3725 0.1013 -0.9225
vn -0.3660 0.1227 -0.9225
vn -0.0005 0.0001 -1.0000
vn -0.3851 0.0267 -0.9225
vn -0.3829 0.0489 -0.9225
vn -0.0005 -0.0000 -1.0000
vn -0.3829 -0.0489 -0.9225
vn -0.3851 -0.0267 -0.9225
vn -0.0005 -0.0002 -1.0000
vn -0.3660 -0.1227 -0.9225
vn -0.3725 -0.1013 -0.9225
vn -0.0005 -0.0003 -1.0000
vn -0.3350 -0.1917 -0.9225
vn -0.3455 -0.1720 -0.9225
vn -0.0004 -0.0003 -1.0000
vn -0.2912 -0.2534 -0.9225
vn -0.3053 -0.2362 -0.9225
vn -0.0003 -0.0004 -1.0000
vn -0.2361 -0.3053 -0.9225
vn -0.2534 -0.2912 -0.9225
vn -0.0003 -0.0005 -1.0000
vn -0.1720 -0.3455 -0.9225
vn -0.1917 -0.3350 -0.9225
vn -0.0002 -0.0005 -1.0000
vn -0.1013 -0.3725 -0.9225
vn -0.1227 -0.3660 -0.9225
vn -0.0001 -0.0005 -1.0000
vn -0.0267 -0.3851 -0.9225
vn -0.0489 -0.3829 -0.9225
vn 0.0001 -0.0005 -1.0000
vn 0.0489 -0.3829 -0.9225
vn 0.0267 -0.3851 -0.9225
vn 0.0002 -0.0005 -1.0000
vn 0.1227 -0.3660 -0.9225
vn 0.1013 -0.3725 -0.9225
vn 0.0003 -0.0005 -1.0000
vn 0.1917 -0.3350 -0.9225
vn 0.1720 -0.3455 -0.9225
vn 0.0003 -0.0004 -1.0000
vn 0.2534 -0.2912 -0.9225
vn 0.2362 -0.3053 -0.9225
vn 0.0004 -0.0003 -1.0000
vn 0.3053 -0.2362 -0.9225
vn 0.2912 -0.2534 -0.9225
vn 0.0005 -0.0003 -1.0000
vn 0.3455 -0.1720 -0.9225
vn 0.3350 -0.1917 -0.9225
vn 0.0023 0.0069 -1.0000
vn 0.3729 -0.0987 -0.9226
vn 0.3660 -0.1227 -0.9225
vn 0.0026 -0.0003 -1.0000
vn 0.3847 -0.0294 -0.9226
vn 0.3830 -0.0462 -0.9226
vn 0.0009 -0.0072 -1.0000
vn 0.3829 0.0489 -0.9225
vn 0.3850 0.0240 -0.9226
vn 0.0005 0.0002 -1.0000
vn 0.3660 0.1227 -0.9225
vn 0.3725 0.1013 -0.9225
vn 0.0005 0.0003 -1.0000
vn 0.3350 0.1917 -0.9225
vn 0.3455 0.1720 -0.9225
vn 0.0004 0.0003 -1.0000
vn 0.2912 0.2534 -0.9225
vn 0.3053 0.2362 -0.9225
vn 0.0003 0.0004 -1.0000
vn 0.2362 0.3053 -0.9225
vn 0.2534 0.2912 -0.9225
vn 0.0003 0.0005 -1.0000
vn 0.1720 0.3455 -0.9225
vn 0.1917 0.3350 -0.9225
vn 0.0002 0.0005 -1.0000
vn 0.1013 0.3725 -0.9225
vn 0.1227 0.3660 -0.9225
vn -0.5130 0.7678 -0.3838
vn -0.5130 0.7678 0.3838
vn 0.1801 0.9057 0.3838
vn 0.1801 0.9057 -0.3838
vn -0.0000 0.9234 -0.3838
vn -0.0000 0.9234 0.3838
vn -0.0003 0.0005 -1.0000
vn -0.1917 0.3350 -0.9225
vn -0.1720 0.3455 -0.9225
vn -0.1801 -0.9057 0.3838
vn -0.1801 -0.9057 -0.3838
vn -0.0000 -0.9234 -0.3838
vn -0.0000 -0.9234 0.3838
vn 0.8531 -0.3534 0.3838
vn 0.8531 -0.3534 -0.3838
vn 0.9057 -0.1801 -0.3838
vn 0.9057 -0.1801 0.3838
vn 0.5130 0.7678 0.3838
vn 0.5130 0.7678 -0.3838
vn 0.3534 0.8531 -0.3838
vn 0.3534 0.8531 0.3838
vn -0.9057 -0.1801 0.3838
vn -0.9057 -0.1802 -0.3838
vn -0.8531 -0.3534 -0.3838
vn -0.8531 -0.3534 0.3838
vn 0.1802 -0.9057 -0.3838
vn 0.1802 -0.9057 0.3838
vn 0.9234 -0.0000 -0.3838
vn 0.9234 -0.0000 0.3838
vn -0.6530 0.6530 -0.3838
vn -0.6530 0.6530 0.3838
vn -0.7678 -0.5130 -0.3838
vn -0.7678 -0.5130 0.3838
vn 0.3534 -0.8531 -0.3838
vn 0.3534 -0.8531 0.3838
vn 0.9057 0.1802 -0.3838
vn 0.9057 0.1802 0.3838
vn -0.7678 0.5130 -0.3838
vn -0.7678 0.5130 0.3838
vn -0.6530 -0.6530 -0.3838
vn -0.6530 -0.6530 0.3838
vn 0.5130 -0.7678 -0.3838
vn 0.5130 -0.7678 0.3838
vn 0.8531 0.3534 -0.3838
vn 0.8531 0.3534 0.3838
vn -0.8531 0.3534 -0.3838
vn -0.8531 0.3534 0.3838
vn -0.5130 -0.7678 -0.3838
vn -0.5130 -0.7678 0.3838
vn 0.6530 -0.6530 -0.3838
vn 0.6530 -0.6530 0.3838
vn 0.7678 0.5130 -0.3838
vn 0.7678 0.5130 0.3838
vn -0.9057 0.1802 -0.3838
vn -0.9057 0.1802 0.3838
vn -0.3534 -0.8531 -0.3838
vn -0.3534 -0.8531 0.3838
vn 0.7678 -0.5130 -0.3838
vn 0.7678 -0.5130 0.3838
vn 0.6530 0.6530 -0.3838
vn 0.6530 0.6530 0.3838
vn -0.9234 -0.0000 -0.3838
vn -0.9234 -0.0000 0.3838
vn -0.1012 0.3720 0.9227
vn -0.1225 0.3655 0.9227
vn -0.0489 0.3829 -0.9225
vn -0.0267 0.3851 -0.9225
vn -0.0000 0.0005 -1.0000
vn 0.3959 -0.5638 0.7248
vn -0.3959 -0.5638 0.7248
vn -0.3965 -0.7857 -0.4748
vn 0.3965 -0.7857 -0.4748
vn 0.3959 0.5638 -0.7248
vn -0.3959 0.5638 -0.7248
vn -0.3965 0.7857 0.4748
vn 0.3965 0.7857 0.4748
vn -0.7924 -0.1104 -0.5999
vn -0.7924 0.1105 0.5999
vn -0.0000 0.1736 0.9848
vn 0.7924 -0.1104 -0.5999
vn -0.0000 -0.1736 -0.9848
vn -0.0000 0.1737 0.9848
vn 0.7924 0.1105 0.5999
vn -0.6103 0.0210 -0.7919
vn -0.9432 0.2252 -0.2443
vn -0.9867 0.0488 -0.1553
vn -0.5968 -0.0977 -0.7964
vn -0.5518 -0.0721 -0.8309
vn -0.9362 0.0908 -0.3394
vn -0.6192 0.5948 0.5126
vn -0.1751 0.8470 0.5020
vn -0.2272 0.9486 -0.2203
vn -0.7859 0.6023 -0.1400
vn 0.8744 0.4646 -0.1398
vn 0.9200 0.3303 -0.2107
vn 0.6811 0.1413 -0.7184
vn 0.5375 0.1526 -0.8293
vn -0.0003 -0.0604 -0.9982
vn -0.0003 -0.1576 -0.9875
vn 0.0567 -0.1781 -0.9824
vn 0.1874 -0.0800 -0.9790
vn -0.0000 0.0841 0.9965
vn 0.7859 0.6023 -0.1400
vn 0.6140 0.3555 -0.7047
vn 0.9037 -0.4263 -0.0412
vn 0.9146 -0.3972 -0.0758
vn 0.7569 -0.1901 0.6252
vn 0.5987 -0.1502 0.7868
vn 0.8917 -0.3272 -0.3127
vn 0.9362 0.0908 -0.3394
vn 0.7846 0.2463 0.5689
vn 0.8005 -0.1214 0.5869
vn 0.8434 -0.4263 -0.3272
vn 0.6139 -0.2101 0.7609
vn 0.9867 0.0488 -0.1553
vn 0.7047 0.1803 0.6862
vn -0.0000 0.5515 -0.8341
vn 0.1661 0.5851 -0.7938
vn 0.1751 0.8470 0.5020
vn -0.0000 0.8371 0.5470
vn 0.7668 0.3959 0.5052
vn 0.5518 -0.0721 -0.8309
vn 0.5107 -0.3297 -0.7941
vn 0.6103 0.0210 -0.7919
vn 0.5392 -0.3738 -0.7546
vn 0.6611 -0.4018 -0.6337
vn 0.7331 0.3292 0.5951
vn 0.2272 0.9486 -0.2203
vn -0.0000 0.9736 -0.2282
vn 0.8819 -0.0938 -0.4620
vn 0.7660 -0.0600 0.6400
vn 0.5617 0.4395 0.7010
vn 0.6192 0.5948 0.5126
vn 0.9432 0.2252 -0.2443
vn -0.8744 0.4646 -0.1398
vn -0.5375 0.1526 -0.8293
vn -0.6811 0.1413 -0.7184
vn -0.9200 0.3303 -0.2107
vn -0.1875 -0.0800 -0.9790
vn -0.0568 -0.1779 -0.9824
vn -0.6140 0.3555 -0.7047
vn -0.9037 -0.4263 -0.0412
vn -0.5987 -0.1502 0.7868
vn -0.7569 -0.1901 0.6252
vn -0.9146 -0.3972 -0.0758
vn -0.8917 -0.3272 -0.3127
vn -0.8005 -0.1214 0.5869
vn -0.7846 0.2463 0.5689
vn -0.8431 -0.4269 -0.3270
vn -0.6139 -0.2105 0.7608
vn -0.7047 0.1803 0.6862
vn -0.1661 0.5851 -0.7938
vn -0.7668 0.3959 0.5052
vn -0.5107 -0.3297 -0.7941
vn -0.5392 -0.3738 -0.7546
vn -0.6611 -0.4018 -0.6337
vn -0.7331 0.3292 0.5951
vn -0.8819 -0.0945 -0.4619
vn -0.7658 -0.0606 0.6403
vn -0.5617 0.4395 0.7010
vn 0.5968 -0.0977 -0.7964
vn 0.3911 -0.3115 -0.8660
vn 0.4843 -0.1125 -0.8677
vn -0.3911 -0.3118 -0.8659
vn -0.4839 -0.1128 -0.8678
vn -0.0000 -0.0030 1.0000
vn -0.5000 0.0121 -0.8660
vn -0.8660 0.0121 -0.5000
vn 0.2588 0.0118 -0.9659
vn -0.0000 0.0121 -0.9999
vn 0.7955 0.0097 0.6058
vn 0.8660 0.0121 -0.5000
vn -0.5855 -0.5704 0.5760
vn 0.5855 -0.5704 0.5760
vn 0.5691 0.5842 0.5787
vn -0.5691 0.5842 0.5787
vn -0.7163 -0.6978 -0.0000
vn 0.7163 -0.6978 -0.0000
vn 0.6978 0.7163 -0.0000
vn -0.6978 0.7163 -0.0000
vn 0.5856 -0.5704 0.5760
vn 0.3119 0.9325 -0.1822
vn -0.0016 0.7854 0.6190
vn 0.3819 -0.5036 0.7750
vn 0.8314 -0.5393 0.1338
vn -0.2588 0.0118 -0.9659
vn -0.2588 0.0001 -0.9659
vn -0.5000 0.0001 -0.8660
vn -0.2588 0.0003 -0.9659
vn -0.5000 0.0003 -0.8660
vn 0.2588 0.0001 -0.9659
vn -0.0000 0.0002 -1.0000
vn 0.2588 0.0003 -0.9659
vn -0.0000 0.0003 -1.0000
vn 0.5000 0.0121 -0.8660
vn 0.9784 0.1664 -0.1225
vn 0.5870 0.1492 -0.7957
vn -0.0725 0.5281 -0.8461
vn 0.7884 0.5905 -0.1725
vn 0.1179 0.5329 -0.8380
vn -0.7884 0.5905 -0.1725
vn -0.5150 -0.6806 -0.5211
vn -0.0000 -0.9955 0.0950
vn -0.3722 -0.5046 0.7790
vn -0.8335 -0.5327 0.1466
vn 0.3722 -0.5046 0.7790
vn -0.4759 -0.5392 0.6948
vn 0.5150 -0.6806 -0.5211
vn 0.8335 -0.5327 0.1466
vn -0.4940 -0.6761 -0.5467
vn -0.3819 -0.5036 0.7750
vn -0.8314 -0.5393 0.1338
vn -0.3328 -0.7347 -0.5912
vn -0.7168 0.3900 0.5780
vn -0.4458 -0.5437 0.7111
vn -0.7760 -0.6303 0.0238
vn -0.3675 -0.7182 -0.5909
vn -0.3119 0.9325 -0.1822
vn 0.0016 0.7854 0.6190
vn 0.7168 0.3900 0.5780
vn 0.4458 -0.5437 0.7111
vn 0.7760 -0.6303 0.0238
vn 0.3333 -0.7268 -0.6006
vn 0.4627 -0.6905 -0.5560
vn -0.5386 0.1671 -0.8258
vn -0.9784 0.1664 -0.1225
vn 0.7858 -0.6183 0.0148
vn 0.4759 -0.5392 0.6948
vn 0.3328 -0.7347 -0.5912
vn -0.7858 -0.6183 0.0148
vn 0.8566 0.0380 -0.5145
vn 0.7178 -0.2900 0.6330
vn 0.9248 -0.3258 0.1966
vn 0.8458 0.0757 -0.5282
vn -0.7955 0.0097 0.6058
vn -0.7178 -0.2900 0.6330
vn -0.0000 -0.3634 0.9316
vn -0.8566 0.0380 -0.5145
vn -0.8458 0.0757 -0.5282
vn 0.5000 0.0001 -0.8660
vn 0.5000 0.0003 -0.8660
vn -0.9248 -0.3258 0.1966
vn -0.0000 -0.6771 0.7359
vn -0.4012 0.5773 0.7112
vn -0.3955 -0.7654 0.5077
vn 0.4089 -0.7586 0.5072
vn 0.3873 0.5848 0.7128
vn -0.7071 -0.7071 -0.0000
vn 0.7071 -0.7071 -0.0000
vn 0.5774 -0.5774 0.5774
vn -0.5774 -0.5774 0.5774
vn 0.5774 0.5774 0.5774
vn -0.5774 0.5774 0.5774
vn -0.7071 0.7071 -0.0000
vn 0.7071 0.7071 -0.0000
vn -0.4191 -0.7533 0.5069
vn -0.8167 -0.5550 -0.1582
vn -0.0000 -0.9205 -0.3908
vn 0.3855 -0.7701 0.5082
vn 0.8075 0.5897 0.0142
vn 0.7830 -0.6008 -0.1611
vn 0.3757 -0.4377 -0.8169
vn 0.4044 0.6231 -0.6695
vn -0.0000 1.0000 0.0012
vn -0.3872 0.5848 0.7128
vn 0.4012 0.5773 0.7112
vn 0.7978 0.6027 0.0186
vn -0.3769 0.5901 0.7139
vn 0.4117 0.5713 0.7100
vn -0.3783 0.6475 -0.6616
vn -0.7737 0.6329 0.0283
vn -0.7842 0.6200 0.0243
vn -0.8070 -0.5688 -0.1588
vn -0.4089 -0.7586 0.5072
vn 0.3967 0.6306 -0.6670
vn -0.3862 0.6404 -0.6639
vn 0.7842 0.6200 0.0243
vn 0.3862 0.6404 -0.6639
vn -0.3967 0.6306 -0.6670
vn 0.8070 -0.5688 -0.1588
vn -0.0000 -0.9205 -0.3907
vn -0.3846 -0.4295 -0.8170
vn -0.7935 -0.5872 -0.1600
vn -0.7978 0.6027 0.0186
vn 0.4191 -0.7533 0.5069
vn -0.3855 -0.7701 0.5082
vn 0.8167 -0.5550 -0.1582
vn 0.3955 -0.7654 0.5078
vn 0.7935 -0.5872 -0.1600
vn 0.3846 -0.4295 -0.8170
vn -0.4053 -0.4092 -0.8175
vn 0.3965 -0.4181 -0.8173
vn -0.3965 -0.4181 -0.8173
vn -0.7830 -0.6008 -0.1611
vn -0.3757 -0.4377 -0.8169
vn 0.3783 0.6474 -0.6616
vn 0.3769 0.5901 0.7139
vn 0.7737 0.6329 0.0284
vn 0.4053 -0.4092 -0.8175
vn -0.4117 0.5713 0.7100
vn -0.8075 0.5897 0.0142
vn -0.4044 0.6231 -0.6695
vn -0.1968 0.9501 -0.2419
vn 0.0472 0.7633 0.6443
vn 0.7522 0.3288 0.5710
vn 0.8762 0.4500 -0.1725
vn -0.5828 0.0643 -0.8101
vn -0.9848 0.1103 -0.1340
vn 0.0111 0.4748 -0.8800
vn -0.7522 0.3288 0.5710
vn -0.8762 0.4500 -0.1725
vn -0.0472 0.7633 0.6443
vn 0.1968 0.9501 -0.2419
vn 0.5828 0.0643 -0.8101
vn 0.9848 0.1103 -0.1340
vn -0.0111 0.4748 -0.8800
vn 0.0002 -0.0000 -1.0000
vt 0.635411 0.987755
vt 0.668411 0.987755
vt 0.668411 0.967874
vt 0.635411 0.967874
vt 0.668411 0.947993
vt 0.635411 0.947993
vt 0.668411 0.928113
vt 0.635411 0.928113
vt 0.668411 0.908232
vt 0.635411 0.908232
vt 0.668411 0.888352
vt 0.635411 0.888352
vt 0.668411 0.868471
vt 0.635411 0.868471
vt 0.668411 0.848590
vt 0.635411 0.848590
vt 0.668411 0.828710
vt 0.635411 0.828710
vt 0.668411 0.808829
vt 0.635411 0.808829
vt 0.668411 0.788949
vt 0.635411 0.788949
vt 0.668411 0.769068
vt 0.635411 0.769068
vt 0.668411 0.749187
vt 0.635411 0.749187
vt 0.668411 0.729307
vt 0.635411 0.729307
vt 0.668411 0.709426
vt 0.635411 0.709426
vt 0.668411 0.689546
vt 0.635411 0.689546
vt 0.668411 0.669665
vt 0.635411 0.669665
vt 0.668411 0.649784
vt 0.635411 0.649784
vt 0.668411 0.629904
vt 0.635411 0.629904
vt 0.668411 0.610023
vt 0.635411 0.610023
vt 0.668411 0.590142
vt 0.635411 0.590142
vt 0.668411 0.570262
vt 0.635411 0.570262
vt 0.668411 0.550381
vt 0.635411 0.550381
vt 0.668411 0.530501
vt 0.635411 0.530501
vt 0.668411 0.510620
vt 0.635411 0.510620
vt 0.668411 0.490739
vt 0.635411 0.490739
vt 0.668411 0.470859
vt 0.635411 0.470859
vt 0.668411 0.450978
vt 0.635411 0.450978
vt 0.668411 0.431097
vt 0.635411 0.431097
vt 0.668411 0.411217
vt 0.635411 0.411217
vt 0.668411 0.391336
vt 0.635411 0.391336
vt 0.668411 0.371456
vt 0.635411 0.371456
vt 0.668411 0.351575
vt 0.635411 0.351575
vt 0.629219 0.967874
vt 0.629219 0.987755
vt 0.629219 0.947993
vt 0.629219 0.928113
vt 0.629219 0.908232
vt 0.629219 0.888352
vt 0.629219 0.868471
vt 0.629219 0.848590
vt 0.629219 0.828710
vt 0.629219 0.808829
vt 0.629219 0.788949
vt 0.629219 0.769068
vt 0.629219 0.749187
vt 0.629219 0.729307
vt 0.629219 0.709426
vt 0.629219 0.689546
vt 0.629219 0.669665
vt 0.629219 0.649784
vt 0.629219 0.629904
vt 0.629219 0.610023
vt 0.629219 0.590142
vt 0.629219 0.570262
vt 0.629219 0.550381
vt 0.629219 0.530501
vt 0.629219 0.510620
vt 0.629219 0.490739
vt 0.629219 0.470859
vt 0.629219 0.450978
vt 0.629219 0.431097
vt 0.629219 0.411217
vt 0.629219 0.391336
vt 0.629219 0.371456
vt 0.629219 0.351575
vt 0.628126 0.967874
vt 0.628126 0.987755
vt 0.628126 0.947993
vt 0.628126 0.928113
vt 0.628126 0.908232
vt 0.628126 0.888352
vt 0.628126 0.868471
vt 0.628126 0.848590
vt 0.628126 0.828710
vt 0.628126 0.808829
vt 0.628126 0.788949
vt 0.628126 0.769068
vt 0.628126 0.749187
vt 0.628126 0.729307
vt 0.628126 0.709426
vt 0.628126 0.689546
vt 0.628126 0.669665
vt 0.628126 0.649784
vt 0.628126 0.629904
vt 0.628126 0.610023
vt 0.628126 0.590142
vt 0.628126 0.570262
vt 0.628126 0.550381
vt 0.628126 0.530501
vt 0.628126 0.510620
vt 0.628126 0.490739
vt 0.628126 0.470859
vt 0.628126 0.450978
vt 0.628126 0.431097
vt 0.628126 0.411217
vt 0.628126 0.391336
vt 0.628126 0.371456
vt 0.628126 0.351575
vt 0.619070 0.967874
vt 0.619070 0.987755
vt 0.619070 0.947993
vt 0.619070 0.928113
vt 0.619070 0.908232
vt 0.619070 0.888352
vt 0.619070 0.868471
vt 0.619070 0.848590
vt 0.619070 0.828710
vt 0.619070 0.808829
vt 0.619070 0.788949
vt 0.619070 0.769068
vt 0.619070 0.749187
vt 0.619070 0.729307
vt 0.619070 0.709426
vt 0.619070 0.689546
vt 0.619070 0.669665
vt 0.619070 0.649784
vt 0.619070 0.629904
vt 0.619070 0.610023
vt 0.619070 0.590142
vt 0.619070 0.570262
vt 0.619070 0.550381
vt 0.619070 0.530501
vt 0.619070 0.510620
vt 0.619070 0.490739
vt 0.619070 0.470859
vt 0.619070 0.450978
vt 0.619070 0.431097
vt 0.619070 0.411217
vt 0.619070 0.391336
vt 0.619070 0.371456
vt 0.619070 0.351575
vt 0.693375 0.987684
vt 0.693375 0.967803
vt 0.724850 0.967803
vt 0.724850 0.987684
vt 0.693375 0.947922
vt 0.724850 0.947922
vt 0.693375 0.928042
vt 0.724850 0.928042
vt 0.693375 0.908161
vt 0.724850 0.908161
vt 0.693375 0.888281
vt 0.724850 0.888281
vt 0.693375 0.868400
vt 0.724850 0.868400
vt 0.693375 0.848520
vt 0.724850 0.848520
vt 0.693375 0.828639
vt 0.724850 0.828639
vt 0.693375 0.808758
vt 0.724850 0.808758
vt 0.693375 0.788878
vt 0.724850 0.788878
vt 0.693375 0.768997
vt 0.724850 0.768997
vt 0.693375 0.749117
vt 0.724850 0.749117
vt 0.693375 0.729236
vt 0.724850 0.729236
vt 0.693375 0.709355
vt 0.724850 0.709355
vt 0.693375 0.689475
vt 0.724850 0.689475
vt 0.693375 0.669594
vt 0.724850 0.669594
vt 0.693375 0.649714
vt 0.724850 0.649714
vt 0.693375 0.629833
vt 0.724850 0.629833
vt 0.693375 0.609952
vt 0.724850 0.609952
vt 0.693375 0.590072
vt 0.724850 0.590072
vt 0.693375 0.570191
vt 0.724850 0.570191
vt 0.693375 0.550311
vt 0.724850 0.550311
vt 0.693375 0.530430
vt 0.724850 0.530430
vt 0.693375 0.510549
vt 0.724850 0.510549
vt 0.693375 0.490669
vt 0.724850 0.490669
vt 0.693375 0.470788
vt 0.724850 0.470788
vt 0.693375 0.450908
vt 0.724850 0.450908
vt 0.693375 0.431027
vt 0.724850 0.431027
vt 0.693375 0.411147
vt 0.724850 0.411147
vt 0.693375 0.391266
vt 0.724850 0.391266
vt 0.693375 0.371385
vt 0.724850 0.371385
vt 0.693375 0.351505
vt 0.724850 0.351505
vt 0.687468 0.987684
vt 0.687468 0.967803
vt 0.687468 0.947922
vt 0.687468 0.928042
vt 0.687468 0.908161
vt 0.687468 0.888281
vt 0.687468 0.868400
vt 0.687468 0.848520
vt 0.687468 0.828639
vt 0.687468 0.808758
vt 0.687468 0.788878
vt 0.687468 0.768997
vt 0.687468 0.749117
vt 0.687468 0.729236
vt 0.687468 0.709355
vt 0.687468 0.689475
vt 0.687468 0.669594
vt 0.687468 0.649714
vt 0.687468 0.629833
vt 0.687468 0.609952
vt 0.687468 0.590072
vt 0.687468 0.570191
vt 0.687468 0.550311
vt 0.687468 0.530430
vt 0.687468 0.510549
vt 0.687468 0.490669
vt 0.687468 0.470788
vt 0.687468 0.450908
vt 0.687468 0.431027
vt 0.687468 0.411147
vt 0.687468 0.391266
vt 0.687468 0.371385
vt 0.687468 0.351505
vt 0.686427 0.987684
vt 0.686427 0.967803
vt 0.686427 0.947922
vt 0.686427 0.928042
vt 0.686427 0.908161
vt 0.686427 0.888281
vt 0.686427 0.868400
vt 0.686427 0.848520
vt 0.686427 0.828639
vt 0.686427 0.808758
vt 0.686427 0.788878
vt 0.686427 0.768997
vt 0.686427 0.749117
vt 0.686427 0.729236
vt 0.686427 0.709355
vt 0.686427 0.689475
vt 0.686427 0.669594
vt 0.686427 0.649714
vt 0.686427 0.629833
vt 0.686427 0.609952
vt 0.686427 0.590072
vt 0.686427 0.570191
vt 0.686427 0.550311
vt 0.686427 0.530430
vt 0.686427 0.510549
vt 0.686427 0.490669
vt 0.686427 0.470788
vt 0.686427 0.450908
vt 0.686427 0.431027
vt 0.686427 0.411147
vt 0.686427 0.391266
vt 0.686427 0.371385
vt 0.686427 0.351505
vt 0.677788 0.987684
vt 0.677788 0.967803
vt 0.677788 0.947922
vt 0.677788 0.928042
vt 0.677788 0.908161
vt 0.677788 0.888281
vt 0.677788 0.868400
vt 0.677788 0.848520
vt 0.677788 0.828639
vt 0.677788 0.808758
vt 0.677788 0.788878
vt 0.677788 0.768997
vt 0.677788 0.749117
vt 0.677788 0.729236
vt 0.677788 0.709355
vt 0.677788 0.689475
vt 0.677788 0.669594
vt 0.677788 0.649714
vt 0.677788 0.629833
vt 0.677788 0.609952
vt 0.677788 0.590072
vt 0.677788 0.570191
vt 0.677788 0.550311
vt 0.677788 0.530430
vt 0.677788 0.510549
vt 0.677788 0.490669
vt 0.677788 0.470788
vt 0.677788 0.450908
vt 0.677788 0.431027
vt 0.677788 0.411147
vt 0.677788 0.391266
vt 0.677788 0.371385
vt 0.677788 0.351505
vt 0.385389 0.230199
vt 0.440723 0.369291
vt 0.385389 0.372016
vt 0.342860 0.225969
vt 0.234318 0.356991
vt 0.185281 0.343886
vt 0.330686 0.221902
vt 0.173107 0.339818
vt 0.130126 0.322182
vt 0.320333 0.216725
vt 0.119772 0.317005
vt 0.084499 0.295514
vt 0.312198 0.210638
vt 0.076364 0.289427
vt 0.050154 0.264909
vt 0.306595 0.203874
vt 0.044551 0.258146
vt 0.028410 0.231542
vt 0.303739 0.196694
vt 0.025554 0.224361
vt 0.020104 0.196694
vt 0.303739 0.189373
vt 0.020104 0.189373
vt 0.025554 0.161706
vt 0.306595 0.182193
vt 0.028410 0.154526
vt 0.044551 0.127922
vt 0.312198 0.175429
vt 0.050154 0.121158
vt 0.076364 0.096640
vt 0.320333 0.169342
vt 0.084499 0.090553
vt 0.119772 0.069062
vt 0.330686 0.164166
vt 0.130126 0.063886
vt 0.173107 0.046249
vt 0.342860 0.160099
vt 0.185281 0.042182
vt 0.234318 0.029076
vt 0.356387 0.157297
vt 0.247845 0.026275
vt 0.301053 0.018205
vt 0.370748 0.155869
vt 0.315413 0.016776
vt 0.370748 0.014051
vt 0.385389 0.155869
vt 0.385390 0.014051
vt 0.440724 0.016776
vt 0.399750 0.157297
vt 0.455084 0.018205
vt 0.508292 0.026275
vt 0.413277 0.160099
vt 0.521819 0.029076
vt 0.570856 0.042182
vt 0.425451 0.164166
vt 0.583030 0.046249
vt 0.626011 0.063886
vt 0.435804 0.169343
vt 0.636364 0.069062
vt 0.671639 0.090553
vt 0.443939 0.175430
vt 0.679773 0.096640
vt 0.705984 0.121158
vt 0.449542 0.182193
vt 0.711586 0.127922
vt 0.727727 0.154526
vt 0.452398 0.189373
vt 0.730584 0.161706
vt 0.736033 0.189373
vt 0.452398 0.196694
vt 0.736033 0.196694
vt 0.730584 0.224361
vt 0.449542 0.203874
vt 0.727727 0.231542
vt 0.711586 0.258146
vt 0.443938 0.210638
vt 0.705983 0.264909
vt 0.679772 0.289428
vt 0.435804 0.216725
vt 0.671638 0.295515
vt 0.636364 0.317005
vt 0.425451 0.221902
vt 0.626011 0.322182
vt 0.583030 0.339819
vt 0.413277 0.225969
vt 0.570855 0.343886
vt 0.521819 0.356991
vt 0.399749 0.228770
vt 0.508292 0.359793
vt 0.455083 0.367863
vt 0.370748 0.230199
vt 0.370748 0.372016
vt 0.315413 0.369291
vt 0.171372 0.793354
vt 0.171372 0.856987
vt 0.146544 0.855764
vt 0.184385 0.792713
vt 0.233088 0.851502
vt 0.209213 0.855123
vt 0.743232 0.623294
vt 0.787130 0.623294
vt 0.787130 0.601857
vt 0.743232 0.601857
vt 0.195917 0.789631
vt 0.285908 0.834626
vt 0.266622 0.842540
vt 0.200562 0.787308
vt 0.306381 0.822661
vt 0.290553 0.832303
vt 0.204212 0.784577
vt 0.321791 0.808928
vt 0.310030 0.819930
vt 0.206726 0.781542
vt 0.331547 0.793956
vt 0.324305 0.805893
vt 0.208008 0.778320
vt 0.335274 0.778320
vt 0.332829 0.790734
vt 0.208008 0.775035
vt 0.332829 0.762621
vt 0.335274 0.775035
vt 0.206726 0.771814
vt 0.324305 0.747462
vt 0.331547 0.759399
vt 0.204212 0.768779
vt 0.310030 0.733426
vt 0.321791 0.744428
vt 0.200562 0.766048
vt 0.290553 0.721052
vt 0.306381 0.730695
vt 0.195917 0.763725
vt 0.266622 0.710816
vt 0.285908 0.718729
vt 0.190454 0.761900
vt 0.239157 0.703111
vt 0.261160 0.708991
vt 0.184385 0.760643
vt 0.209213 0.698232
vt 0.233088 0.701854
vt 0.177941 0.760002
vt 0.177941 0.696369
vt 0.202770 0.697592
vt 0.171372 0.760002
vt 0.146543 0.697592
vt 0.171372 0.696369
vt 0.164928 0.760643
vt 0.116225 0.701854
vt 0.140100 0.698232
vt 0.158859 0.761900
vt 0.088153 0.708991
vt 0.110156 0.703111
vt 0.153396 0.763725
vt 0.063405 0.718729
vt 0.082691 0.710816
vt 0.148751 0.766048
vt 0.042933 0.730695
vt 0.058760 0.721052
vt 0.145101 0.768779
vt 0.027522 0.744428
vt 0.039283 0.733426
vt 0.142587 0.771814
vt 0.017766 0.759400
vt 0.025008 0.747462
vt 0.141305 0.775035
vt 0.014039 0.775036
vt 0.016484 0.762621
vt 0.141305 0.778320
vt 0.016484 0.790735
vt 0.014039 0.778320
vt 0.142587 0.781542
vt 0.025008 0.805893
vt 0.017766 0.793956
vt 0.145101 0.784577
vt 0.039283 0.819930
vt 0.027522 0.808928
vt 0.148751 0.787308
vt 0.058760 0.832304
vt 0.042933 0.822661
vt 0.153396 0.789631
vt 0.082691 0.842540
vt 0.063405 0.834626
vt 0.158859 0.791456
vt 0.110156 0.850245
vt 0.088153 0.844365
vt 0.164928 0.792713
vt 0.140100 0.855123
vt 0.116226 0.851502
vt 0.787130 0.580421
vt 0.743232 0.580421
vt 0.743232 0.666166
vt 0.787130 0.666166
vt 0.787130 0.644730
vt 0.743232 0.644730
vt 0.190454 0.791456
vt 0.261160 0.844365
vt 0.239157 0.850245
vt 0.743232 0.323184
vt 0.787130 0.323184
vt 0.787130 0.301747
vt 0.743233 0.301747
vt 0.743232 0.859094
vt 0.787130 0.859094
vt 0.787130 0.837657
vt 0.743232 0.837657
vt 0.743232 0.709039
vt 0.787130 0.709039
vt 0.787130 0.687603
vt 0.743232 0.687603
vt 0.743232 0.451802
vt 0.787130 0.451802
vt 0.787130 0.430366
vt 0.743232 0.430366
vt 0.743233 0.987712
vt 0.787130 0.987712
vt 0.787130 0.966275
vt 0.743233 0.966275
vt 0.787130 0.816221
vt 0.743232 0.816221
vt 0.787130 0.558984
vt 0.743232 0.558984
vt 0.787130 0.408930
vt 0.743232 0.408930
vt 0.787130 0.944839
vt 0.743232 0.944839
vt 0.787130 0.794785
vt 0.743232 0.794785
vt 0.787130 0.537548
vt 0.743232 0.537548
vt 0.787130 0.387493
vt 0.743232 0.387493
vt 0.787130 0.923403
vt 0.743232 0.923403
vt 0.787130 0.773348
vt 0.743232 0.773348
vt 0.787130 0.516112
vt 0.743232 0.516112
vt 0.787130 0.366057
vt 0.743232 0.366057
vt 0.787130 0.901966
vt 0.743232 0.901966
vt 0.787130 0.751912
vt 0.743232 0.751912
vt 0.787130 0.494675
vt 0.743232 0.494675
vt 0.787130 0.344620
vt 0.743232 0.344620
vt 0.787130 0.880530
vt 0.743232 0.880530
vt 0.787130 0.730475
vt 0.743232 0.730475
vt 0.787130 0.473239
vt 0.743232 0.473239
vt 0.378069 0.376055
vt 0.306657 0.372538
vt 0.301053 0.367863
vt 0.247845 0.359793
vt 0.237990 0.362123
vt 0.174706 0.345210
vt 0.119238 0.322449
vt 0.073716 0.294715
vt 0.039890 0.263073
vt 0.019060 0.228739
vt 0.012026 0.193034
vt 0.019060 0.157328
vt 0.039889 0.122995
vt 0.073716 0.091353
vt 0.119238 0.063618
vt 0.174706 0.040857
vt 0.237990 0.023944
vt 0.306657 0.013529
vt 0.378069 0.010013
vt 0.449480 0.013529
vt 0.518147 0.023944
vt 0.581431 0.040857
vt 0.636900 0.063618
vt 0.682422 0.091353
vt 0.716247 0.122995
vt 0.737077 0.157328
vt 0.744110 0.193034
vt 0.737077 0.228740
vt 0.716247 0.263073
vt 0.682421 0.294715
vt 0.636899 0.322449
vt 0.581430 0.345210
vt 0.518146 0.362123
vt 0.449479 0.372538
vt 0.356387 0.228770
vt 0.206699 0.857221
vt 0.202770 0.855764
vt 0.177941 0.856987
vt 0.174657 0.858799
vt 0.237509 0.852548
vt 0.265905 0.844959
vt 0.290793 0.834746
vt 0.311219 0.822302
vt 0.326397 0.808104
vt 0.335743 0.792699
vt 0.338899 0.776678
vt 0.335743 0.760657
vt 0.326397 0.745251
vt 0.311219 0.731054
vt 0.290793 0.718609
vt 0.265905 0.708397
vt 0.237509 0.700808
vt 0.206699 0.696135
vt 0.174656 0.694557
vt 0.142614 0.696135
vt 0.111804 0.700808
vt 0.083408 0.708397
vt 0.058520 0.718610
vt 0.038094 0.731054
vt 0.022917 0.745251
vt 0.013570 0.760657
vt 0.010414 0.776678
vt 0.013570 0.792699
vt 0.022917 0.808104
vt 0.038094 0.822302
vt 0.058520 0.834746
vt 0.083409 0.844959
vt 0.111804 0.852548
vt 0.142615 0.857221
vt 0.177941 0.793354
vt 0.830198 0.899141
vt 0.814843 0.899141
vt 0.814843 0.941738
vt 0.830198 0.941738
vt 0.876264 0.941617
vt 0.876264 0.899019
vt 0.891619 0.899019
vt 0.891619 0.941617
vt 0.937684 0.941617
vt 0.953039 0.941617
vt 0.953039 0.899019
vt 0.937684 0.899019
vt 0.899296 0.984457
vt 0.899296 0.941860
vt 0.906974 0.941738
vt 0.906974 0.984336
vt 0.807166 0.941617
vt 0.807166 0.899019
vt 0.922329 0.899019
vt 0.922329 0.941617
vt 0.906974 0.941617
vt 0.906974 0.899019
vt 0.881884 0.964771
vt 0.881884 0.972449
vt 0.868586 0.968610
vt 0.868586 0.960932
vt 0.820464 0.964771
vt 0.833761 0.960932
vt 0.820464 0.957094
vt 0.807166 0.960932
vt 0.881884 0.987804
vt 0.868586 0.983965
vt 0.881884 0.980126
vt 0.895182 0.983965
vt 0.960717 0.941738
vt 0.960717 0.899141
vt 0.868586 0.945577
vt 0.881884 0.941738
vt 0.881884 0.949416
vt 0.868586 0.953255
vt 0.974015 0.922052
vt 0.960717 0.925891
vt 0.960717 0.918213
vt 0.974015 0.914375
vt 0.820463 0.987804
vt 0.833761 0.983965
vt 0.820463 0.980126
vt 0.807166 0.983965
vt 0.845553 0.941738
vt 0.860909 0.941738
vt 0.860909 0.984336
vt 0.845553 0.984336
vt 0.930007 0.941860
vt 0.930007 0.984457
vt 0.922329 0.984336
vt 0.922329 0.941738
vt 0.810067 0.143739
vt 0.786699 0.142961
vt 0.788499 0.127144
vt 0.813636 0.127234
vt 0.987313 0.925891
vt 0.974015 0.929730
vt 0.868586 0.941860
vt 0.868586 0.984457
vt 0.868586 0.941738
vt 0.868586 0.899141
vt 0.937684 0.941738
vt 0.937684 0.984336
vt 0.953039 0.984336
vt 0.953039 0.941738
vt 0.820463 0.972449
vt 0.833761 0.968610
vt 0.895182 0.945577
vt 0.895182 0.953255
vt 0.930007 0.941738
vt 0.930007 0.899141
vt 0.881884 0.957094
vt 0.899296 0.941738
vt 0.899296 0.899141
vt 0.804778 0.172795
vt 0.780941 0.172848
vt 0.825064 0.013047
vt 0.849259 0.007791
vt 0.854675 0.017794
vt 0.836101 0.021867
vt 0.974015 0.899019
vt 0.960717 0.902858
vt 0.960717 0.910536
vt 0.974015 0.906697
vt 0.833761 0.953255
vt 0.820464 0.949416
vt 0.807166 0.953255
vt 0.868586 0.976287
vt 0.833762 0.945577
vt 0.820463 0.941738
vt 0.837876 0.941617
vt 0.845553 0.899141
vt 0.837876 0.899019
vt 0.807166 0.976288
vt 0.837876 0.984457
vt 0.837876 0.941860
vt 0.987313 0.918213
vt 0.833761 0.976287
vt 0.895182 0.960932
vt 0.868586 0.941617
vt 0.868586 0.899019
vt 0.860909 0.899141
vt 0.895182 0.976287
vt 0.987313 0.910536
vt 0.960717 0.941860
vt 0.960717 0.984457
vt 0.987313 0.902858
vt 0.895182 0.968610
vt 0.807166 0.945577
vt 0.807166 0.968610
vt 0.944679 0.045422
vt 0.970421 0.067238
vt 0.953037 0.069791
vt 0.926687 0.051623
vt 0.872668 0.281519
vt 0.872893 0.243221
vt 0.883833 0.243220
vt 0.878658 0.281519
vt 0.395472 0.814385
vt 0.412615 0.836201
vt 0.377971 0.836201
vt 0.377971 0.814385
vt 0.910019 0.021888
vt 0.901332 0.028657
vt 0.960222 0.113733
vt 0.974115 0.085625
vt 0.995775 0.085067
vt 0.983160 0.114638
vt 0.961450 0.212798
vt 0.964915 0.172876
vt 0.987093 0.172688
vt 0.983475 0.214393
vt 0.929844 0.245065
vt 0.952746 0.248028
vt 0.957419 0.127177
vt 0.980629 0.127265
vt 0.872908 0.213237
vt 0.885984 0.213201
vt 0.898028 0.052925
vt 0.872984 0.053089
vt 0.873056 0.025315
vt 0.887427 0.025627
vt 0.873012 0.070965
vt 0.897498 0.070723
vt 0.897375 0.090353
vt 0.872994 0.090580
vt 0.394895 0.986249
vt 0.377971 0.986360
vt 0.377971 0.956141
vt 0.400461 0.956541
vt 0.377971 0.941921
vt 0.417342 0.941921
vt 0.990335 0.064389
vt 0.410197 0.868085
vt 0.447259 0.836201
vt 0.442422 0.868085
vt 0.416564 0.926177
vt 0.396691 0.910976
vt 0.424301 0.909662
vt 0.455156 0.926177
vt 0.941081 0.172816
vt 0.935396 0.212192
vt 0.890233 0.171712
vt 0.894513 0.142435
vt 0.935829 0.143763
vt 0.456712 0.941921
vt 0.935073 0.112132
vt 0.897952 0.111960
vt 0.954008 0.085752
vt 0.403444 0.889530
vt 0.428917 0.889530
vt 0.891455 0.017805
vt 0.873067 0.016720
vt 0.896079 0.281519
vt 0.906880 0.281519
vt 0.377971 0.889530
vt 0.377971 0.868085
vt 0.377971 0.926177
vt 0.377971 0.910976
vt 0.422952 0.956940
vt 0.411820 0.982175
vt 0.412974 0.814385
vt 0.377971 0.900253
vt 0.400068 0.900253
vt 0.422164 0.900253
vt 0.959195 0.142992
vt 0.982184 0.142424
vt 0.801390 0.045386
vt 0.819371 0.051596
vt 0.792985 0.069752
vt 0.775604 0.067191
vt 0.866677 0.281519
vt 0.862160 0.243217
vt 0.360470 0.814385
vt 0.343327 0.836201
vt 0.844774 0.028641
vt 0.785718 0.113697
vt 0.762775 0.114593
vt 0.750212 0.085011
vt 0.771874 0.085580
vt 0.784362 0.212775
vt 0.762331 0.214366
vt 0.758760 0.172652
vt 0.815942 0.245053
vt 0.793034 0.248017
vt 0.765285 0.127224
vt 0.860001 0.213199
vt 0.848032 0.052913
vt 0.858685 0.025618
vt 0.848705 0.090345
vt 0.848600 0.070712
vt 0.361047 0.986249
vt 0.355481 0.956541
vt 0.338601 0.941921
vt 0.755692 0.064332
vt 0.345746 0.868085
vt 0.313521 0.868085
vt 0.308683 0.836201
vt 0.339379 0.926177
vt 0.300786 0.926177
vt 0.331642 0.909662
vt 0.359251 0.910976
vt 0.855774 0.171705
vt 0.810422 0.212177
vt 0.851529 0.142424
vt 0.299230 0.941921
vt 0.810871 0.112107
vt 0.791984 0.085716
vt 0.848131 0.111948
vt 0.352499 0.889530
vt 0.327026 0.889530
vt 0.849250 0.281519
vt 0.838443 0.281519
vt 0.332991 0.956940
vt 0.344123 0.982175
vt 0.342969 0.814385
vt 0.355875 0.900253
vt 0.333779 0.900253
vt 0.763708 0.142384
vt 0.872964 0.126934
vt 0.849163 0.126965
vt 0.872976 0.111450
vt 0.932283 0.127257
vt 0.896898 0.126975
vt 0.872952 0.142322
vt 0.901187 0.243127
vt 0.884654 0.281519
vt 0.872932 0.171664
vt 0.844597 0.243119
vt 0.860679 0.281519
vt 0.921074 0.013075
vt 0.896894 0.007805
vt 0.873080 0.005810
vt 0.961776 0.039335
vt 0.784303 0.039289
vt 0.347950 0.797766
vt 0.362972 0.797766
vt 0.377995 0.797766
vt 0.393018 0.797766
vt 0.408041 0.797766
vt 0.844016 0.749768
vt 0.823384 0.749768
vt 0.843132 0.281585
vt 0.855417 0.281585
vt 0.886290 0.749768
vt 0.872199 0.749768
vt 0.872199 0.281585
vt 0.880589 0.281585
vt 0.928565 0.749768
vt 0.921013 0.749768
vt 0.901265 0.281585
vt 0.905762 0.281585
vt 0.403224 0.378654
vt 0.428453 0.378654
vt 0.329582 0.433412
vt 0.425368 0.433412
vt 0.425283 0.435049
vt 0.329667 0.435049
vt 0.345938 0.748491
vt 0.409013 0.748491
vt 0.347788 0.787474
vt 0.347971 0.790984
vt 0.424438 0.451191
vt 0.424315 0.453530
vt 0.344002 0.709981
vt 0.410948 0.709981
vt 0.410863 0.711619
vt 0.344087 0.711619
vt 0.345852 0.746854
vt 0.409098 0.746854
vt 0.326960 0.385222
vt 0.427991 0.385222
vt 0.427892 0.387094
vt 0.327058 0.387094
vt 0.342409 0.678162
vt 0.412542 0.678162
vt 0.332620 0.490776
vt 0.422330 0.490776
vt 0.422232 0.492648
vt 0.332718 0.492648
vt 0.340755 0.645737
vt 0.414195 0.645737
vt 0.342311 0.676291
vt 0.412639 0.676291
vt 0.406979 0.790984
vt 0.339211 0.615979
vt 0.415739 0.615979
vt 0.340669 0.644099
vt 0.414281 0.644099
vt 0.328638 0.416376
vt 0.426312 0.416376
vt 0.426214 0.418247
vt 0.328736 0.418247
vt 0.337778 0.588046
vt 0.417172 0.588046
vt 0.339113 0.614108
vt 0.415837 0.614108
vt 0.336394 0.561892
vt 0.418557 0.561892
vt 0.337692 0.586408
vt 0.417258 0.586408
vt 0.407163 0.787474
vt 0.335095 0.537377
vt 0.419856 0.537377
vt 0.336296 0.560021
vt 0.418654 0.560021
vt 0.333870 0.514231
vt 0.421081 0.514231
vt 0.334997 0.535505
vt 0.419953 0.535505
vt 0.333784 0.512593
vt 0.421166 0.512593
vt 0.331652 0.472458
vt 0.423298 0.472458
vt 0.330636 0.453530
vt 0.331542 0.470353
vt 0.423408 0.470353
vt 0.034274 0.681284
vt 0.032274 0.679802
vt 0.065994 0.334088
vt 0.068379 0.333706
vt 0.330513 0.451191
vt 0.327879 0.402523
vt 0.427072 0.402523
vt 0.327769 0.400418
vt 0.427182 0.400418
vt 0.326960 0.371345
vt 0.427991 0.371345
vt 0.427892 0.373217
vt 0.327058 0.373217
vt 0.352766 0.378653
vt 0.365381 0.378653
vt 0.365381 0.368451
vt 0.352766 0.368451
vt 0.365381 0.362588
vt 0.352766 0.362588
vt 0.377995 0.378653
vt 0.390610 0.378653
vt 0.390610 0.368451
vt 0.377995 0.368451
vt 0.390610 0.362588
vt 0.377995 0.362588
vt 0.900382 0.749768
vt 0.888980 0.281585
vt 0.863808 0.281585
vt 0.858107 0.749768
vt 0.118489 0.673650
vt 0.116489 0.675131
vt 0.113630 0.678948
vt 0.115629 0.677467
vt 0.033414 0.678948
vt 0.031415 0.677467
vt 0.100384 0.333289
vt 0.102768 0.333671
vt 0.100384 0.334053
vt 0.098000 0.333672
vt 0.046660 0.334053
vt 0.041892 0.334052
vt 0.044276 0.333671
vt 0.046660 0.333289
vt 0.049044 0.333672
vt 0.081050 0.333324
vt 0.083434 0.333706
vt 0.081050 0.334088
vt 0.078665 0.333706
vt 0.041892 0.333288
vt 0.029415 0.675986
vt 0.061225 0.334088
vt 0.058841 0.333706
vt 0.061225 0.333324
vt 0.063610 0.333706
vt 0.112770 0.681284
vt 0.114770 0.679802
vt 0.117629 0.675986
vt 0.085819 0.334088
vt 0.088204 0.333706
vt 0.085819 0.333324
vt 0.065994 0.333324
vt 0.030555 0.675131
vt 0.028556 0.673650
vt 0.107537 0.333669
vt 0.105152 0.334052
vt 0.105152 0.333288
vt 0.039508 0.333669
vt 0.421694 0.368451
vt 0.428453 0.368451
vt 0.428453 0.362588
vt 0.421694 0.362588
vt 0.352766 0.378654
vt 0.327537 0.378654
vt 0.327537 0.368451
vt 0.334297 0.378654
vt 0.334297 0.368451
vt 0.334297 0.362588
vt 0.403224 0.368451
vt 0.403224 0.362588
vt 0.327537 0.362588
vt 0.403224 0.378653
vt 0.421694 0.378653
vt 0.838635 0.281585
vt 0.815833 0.749768
vt 0.377995 0.378654
vt 0.488073 0.777775
vt 0.497127 0.395371
vt 0.503343 0.395371
vt 0.494289 0.777775
vt 0.321340 0.130857
vt 0.431061 0.130857
vt 0.431061 0.133656
vt 0.321340 0.133656
vt 0.317421 0.098122
vt 0.436100 0.098122
vt 0.436100 0.136329
vt 0.317421 0.136329
vt 0.565911 0.395371
vt 0.562803 0.397475
vt 0.569020 0.397475
vt 0.572128 0.395371
vt 0.597870 0.778520
vt 0.575236 0.397475
vt 0.572128 0.399579
vt 0.594762 0.779265
vt 0.545282 0.778520
vt 0.542174 0.777775
vt 0.548390 0.777775
vt 0.551498 0.778520
vt 0.588545 0.777775
vt 0.594762 0.777775
vt 0.591654 0.778520
vt 0.588545 0.779265
vt 0.585437 0.778520
vt 0.539065 0.778520
vt 0.530012 0.397475
vt 0.533120 0.395371
vt 0.548390 0.779265
vt 0.542174 0.779265
vt 0.491181 0.778520
vt 0.497398 0.778520
vt 0.494289 0.779265
vt 0.488073 0.779265
vt 0.506451 0.397475
vt 0.500235 0.397475
vt 0.497127 0.399579
vt 0.494018 0.397475
vt 0.484965 0.778520
vt 0.471104 0.395371
vt 0.464887 0.395371
vt 0.467995 0.397475
vt 0.474212 0.397475
vt 0.539336 0.395371
vt 0.542444 0.397475
vt 0.539336 0.399579
vt 0.565911 0.399579
vt 0.503343 0.399579
vt 0.533120 0.399579
vt 0.461779 0.397475
vt 0.464887 0.399579
vt 0.536228 0.397475
vt 0.448470 0.779265
vt 0.445361 0.778520
vt 0.448470 0.777775
vt 0.451578 0.778520
vt 0.471104 0.399579
vt 0.442253 0.777775
vt 0.439145 0.778520
vt 0.442253 0.779265
vt 0.112568 0.488882
vt 0.114293 0.487081
vt 0.116471 0.482839
vt 0.114746 0.484640
vt 0.031846 0.482198
vt 0.030121 0.480398
vt 0.034024 0.486441
vt 0.030574 0.482839
vt 0.032299 0.484640
vt 0.032751 0.487081
vt 0.034476 0.488882
vt 0.115198 0.482198
vt 0.116923 0.480398
vt 0.113021 0.486441
vt 0.377744 0.192821
vt 0.370384 0.230189
vt 0.355945 0.228753
vt 0.342344 0.225936
vt 0.330104 0.221846
vt 0.319695 0.216642
vt 0.311516 0.210521
vt 0.305882 0.203721
vt 0.303284 0.196370
vt 0.303010 0.189141
vt 0.305882 0.181922
vt 0.311516 0.175122
vt 0.319695 0.169002
vt 0.330104 0.163797
vt 0.342345 0.159707
vt 0.355945 0.156891
vt 0.370384 0.155455
vt 0.385105 0.155455
vt 0.399543 0.156891
vt 0.413144 0.159708
vt 0.425384 0.163797
vt 0.435794 0.169002
vt 0.443972 0.175122
vt 0.449606 0.181922
vt 0.452478 0.189141
vt 0.452478 0.196502
vt 0.449606 0.203721
vt 0.443972 0.210521
vt 0.435794 0.216642
vt 0.425384 0.221846
vt 0.413144 0.225936
vt 0.399543 0.228753
vt 0.384841 0.230051
vt 0.174837 0.776693
vt 0.165237 0.792517
vt 0.171595 0.793149
vt 0.159247 0.791276
vt 0.153857 0.789475
vt 0.149273 0.787183
vt 0.145671 0.784488
vt 0.143190 0.781493
vt 0.142046 0.778256
vt 0.141925 0.775072
vt 0.143190 0.771893
vt 0.145671 0.768898
vt 0.149273 0.766203
vt 0.153857 0.763911
vt 0.159247 0.762110
vt 0.165237 0.760869
vt 0.171596 0.760237
vt 0.178079 0.760237
vt 0.184437 0.760869
vt 0.190427 0.762110
vt 0.195817 0.763911
vt 0.200401 0.766203
vt 0.204003 0.768898
vt 0.206484 0.771893
vt 0.207749 0.775072
vt 0.207749 0.778314
vt 0.206484 0.781493
vt 0.204003 0.784488
vt 0.200401 0.787183
vt 0.195817 0.789475
vt 0.190427 0.791276
vt 0.184437 0.792517
vt 0.177962 0.793089
s 1
f 1/1/1 2/2/2 7/3/3 6/4/4
f 6/4/4 7/3/3 12/5/5 11/6/6
f 11/6/6 12/5/5 17/7/7 16/8/8
f 16/8/8 17/7/7 22/9/9 21/10/10
f 21/10/10 22/9/9 27/11/11 26/12/12
f 26/12/12 27/11/11 32/13/13 31/14/14
f 31/14/14 32/13/13 37/15/15 36/16/16
f 36/16/16 37/15/15 42/17/17 41/18/18
f 41/18/18 42/17/17 47/19/19 46/20/20
f 46/20/20 47/19/19 52/21/21 51/22/22
f 51/22/22 52/21/21 57/23/23 56/24/24
f 56/24/24 57/23/23 62/25/25 61/26/26
f 61/26/26 62/25/25 67/27/27 66/28/28
f 66/28/28 67/27/27 72/29/29 71/30/30
f 71/30/30 72/29/29 77/31/31 76/32/32
f 76/32/32 77/31/31 82/33/33 81/34/34
f 81/34/34 82/33/33 87/35/35 86/36/36
f 86/36/36 87/35/35 92/37/37 91/38/38
f 91/38/38 92/37/37 97/39/39 96/40/40
f 96/40/40 97/39/39 102/41/41 101/42/42
f 101/42/42 102/41/41 107/43/43 106/44/44
f 106/44/44 107/43/43 112/45/45 111/46/46
f 111/46/46 112/45/45 117/47/47 116/48/48
f 116/48/48 117/47/47 122/49/49 121/50/50
f 121/50/50 122/49/49 127/51/51 126/52/52
f 126/52/52 127/51/51 132/53/53 131/54/54
f 131/54/54 132/53/53 137/55/55 136/56/56
f 136/56/56 137/55/55 142/57/57 141/58/58
f 141/58/58 142/57/57 147/59/59 146/60/60
f 146/60/60 147/59/59 152/61/61 151/62/62
f 151/62/62 152/61/61 157/63/63 156/64/64
f 156/64/64 157/63/63 2/65/2 1/66/1
f 1/1/1 6/4/4 8/67/65 3/68/66
f 6/4/4 11/6/6 13/69/67 8/67/65
f 11/6/6 16/8/8 18/70/68 13/69/67
f 16/8/8 21/10/10 23/71/69 18/70/68
f 21/10/10 26/12/12 28/72/70 23/71/69
f 26/12/12 31/14/14 33/73/71 28/72/70
f 31/14/14 36/16/16 38/74/72 33/73/71
f 36/16/16 41/18/18 43/75/73 38/74/72
f 41/18/18 46/20/20 48/76/74 43/75/73
f 46/20/20 51/22/22 53/77/75 48/76/74
f 51/22/22 56/24/24 58/78/76 53/77/75
f 56/24/24 61/26/26 63/79/77 58/78/76
f 61/26/26 66/28/28 68/80/78 63/79/77
f 66/28/28 71/30/30 73/81/79 68/80/78
f 71/30/30 76/32/32 78/82/80 73/81/79
f 76/32/32 81/34/34 83/83/81 78/82/80
f 81/34/34 86/36/36 88/84/82 83/83/81
f 86/36/36 91/38/38 93/85/83 88/84/82
f 91/38/38 96/40/40 98/86/84 93/85/83
f 96/40/40 101/42/42 103/87/85 98/86/84
f 101/42/42 106/44/44 108/88/86 103/87/85
f 106/44/44 111/46/46 113/89/87 108/88/86
f 111/46/46 116/48/48 118/90/88 113/89/87
f 116/48/48 121/50/50 123/91/89 118/90/88
f 121/50/50 126/52/52 128/92/90 123/91/89
f 126/52/52 131/54/54 133/93/91 128/92/90
f 131/54/54 136/56/56 138/94/92 133/93/91
f 136/56/56 141/58/58 143/95/93 138/94/92
f 141/58/58 146/60/60 148/96/94 143/95/93
f 146/60/60 151/62/62 153/97/95 148/96/94
f 151/62/62 156/64/64 158/98/96 153/97/95
f 156/64/64 1/66/1 3/99/66 158/98/96
f 3/68/66 8/67/65 9/100/97 4/101/98
f 8/67/65 13/69/67 14/102/99 9/100/97
f 13/69/67 18/70/68 19/103/100 14/102/99
f 18/70/68 23/71/69 24/104/101 19/103/100
f 23/71/69 28/72/70 29/105/102 24/104/101
f 28/72/70 33/73/71 34/106/103 29/105/102
f 33/73/71 38/74/72 39/107/104 34/106/103
f 38/74/72 43/75/73 44/108/105 39/107/104
f 43/75/73 48/76/74 49/109/106 44/108/105
f 48/76/74 53/77/75 54/110/107 49/109/106
f 53/77/75 58/78/76 59/111/108 54/110/107
f 58/78/76 63/79/77 64/112/109 59/111/108
f 63/79/77 68/80/78 69/113/110 64/112/109
f 68/80/78 73/81/79 74/114/111 69/113/110
f 73/81/79 78/82/80 79/115/112 74/114/111
f 78/82/80 83/83/81 84/116/113 79/115/112
f 83/83/81 88/84/82 89/117/114 84/116/113
f 88/84/82 93/85/83 94/118/115 89/117/114
f 93/85/83 98/86/84 99/119/116 94/118/115
f 98/86/84 103/87/85 104/120/117 99/119/116
f 103/87/85 108/88/86 109/121/118 104/120/117
f 108/88/86 113/89/87 114/122/119 109/121/118
f 113/89/87 118/90/88 119/123/120 114/122/119
f 118/90/88 123/91/89 124/124/121 119/123/120
f 123/91/89 128/92/90 129/125/122 124/124/121
f 128/92/90 133/93/91 134/126/123 129/125/122
f 133/93/91 138/94/92 139/127/124 134/126/123
f 138/94/92 143/95/93 144/128/125 139/127/124
f 143/95/93 148/96/94 149/129/126 144/128/125
f 148/96/94 153/97/95 154/130/127 149/129/126
f 153/97/95 158/98/96 159/131/128 154/130/127
f 158/98/96 3/99/66 4/132/98 159/131/128
f 4/101/98 9/100/97 10/133/129 5/134/129
f 9/100/97 14/102/99 15/135/129 10/133/129
f 14/102/99 19/103/100 20/136/129 15/135/129
f 19/103/100 24/104/101 25/137/129 20/136/129
f 24/104/101 29/105/102 30/138/129 25/137/129
f 29/105/102 34/106/103 35/139/129 30/138/129
f 34/106/103 39/107/104 40/140/129 35/139/129
f 39/107/104 44/108/105 45/141/129 40/140/129
f 44/108/105 49/109/106 50/142/129 45/141/129
f 49/109/106 54/110/107 55/143/129 50/142/129
f 54/110/107 59/111/108 60/144/129 55/143/129
f 59/111/108 64/112/109 65/145/129 60/144/129
f 64/112/109 69/113/110 70/146/129 65/145/129
f 69/113/110 74/114/111 75/147/129 70/146/129
f 74/114/111 79/115/112 80/148/129 75/147/129
f 79/115/112 84/116/113 85/149/129 80/148/129
f 84/116/113 89/117/114 90/150/129 85/149/129
f 89/117/114 94/118/115 95/151/129 90/150/129
f 94/118/115 99/119/116 100/152/129 95/151/129
f 99/119/116 104/120/117 105/153/129 100/152/129
f 104/120/117 109/121/118 110/154/129 105/153/129
f 109/121/118 114/122/119 115/155/129 110/154/129
f 114/122/119 119/123/120 120/156/129 115/155/129
f 119/123/120 124/124/121 125/157/129 120/156/129
f 124/124/121 129/125/122 130/158/129 125/157/129
f 129/125/122 134/126/123 135/159/129 130/158/129
f 134/126/123 139/127/124 140/160/129 135/159/129
f 139/127/124 144/128/125 145/161/129 140/160/129
f 144/128/125 149/129/126 150/162/129 145/161/129
f 149/129/126 154/130/127 155/163/129 150/162/129
f 154/130/127 159/131/128 160/164/129 155/163/129
f 159/131/128 4/132/98 5/165/129 160/164/129
f 161/166/130 166/167/131 167/168/132 162/169/133
f 166/167/131 171/170/134 172/171/135 167/168/132
f 171/170/134 176/172/136 177/173/137 172/171/135
f 176/172/136 181/174/138 182/175/139 177/173/137
f 181/174/138 186/176/140 187/177/141 182/175/139
f 186/176/140 191/178/142 192/179/143 187/177/141
f 191/178/142 196/180/144 197/181/145 192/179/143
f 196/180/144 201/182/146 202/183/147 197/181/145
f 201/182/146 206/184/148 207/185/149 202/183/147
f 206/184/148 211/186/150 212/187/151 207/185/149
f 211/186/150 216/188/152 217/189/153 212/187/151
f 216/188/152 221/190/154 222/191/155 217/189/153
f 221/190/154 226/192/156 227/193/157 222/191/155
f 226/192/156 231/194/158 232/195/159 227/193/157
f 231/194/158 236/196/160 237/197/161 232/195/159
f 236/196/160 241/198/162 242/199/163 237/197/161
f 241/198/162 246/200/164 247/201/165 242/199/163
f 246/200/164 251/202/166 252/203/167 247/201/165
f 251/202/166 256/204/168 257/205/169 252/203/167
f 256/204/168 261/206/170 262/207/171 257/205/169
f 261/206/170 266/208/172 267/209/173 262/207/171
f 266/208/172 271/210/174 272/211/175 267/209/173
f 271/210/174 276/212/176 277/213/177 272/211/175
f 276/212/176 281/214/178 282/215/179 277/213/177
f 281/214/178 286/216/180 287/217/181 282/215/179
f 286/216/180 291/218/182 292/219/183 287/217/181
f 291/218/182 296/220/184 297/221/185 292/219/183
f 296/220/184 301/222/186 302/223/187 297/221/185
f 301/222/186 306/224/188 307/225/189 302/223/187
f 306/224/188 311/226/190 312/227/191 307/225/189
f 311/226/190 316/228/192 317/229/193 312/227/191
f 316/228/192 161/230/130 162/231/133 317/229/193
f 161/166/130 163/232/98 168/233/97 166/167/131
f 166/167/131 168/233/97 173/234/99 171/170/134
f 171/170/134 173/234/99 178/235/100 176/172/136
f 176/172/136 178/235/100 183/236/101 181/174/138
f 181/174/138 183/236/101 188/237/102 186/176/140
f 186/176/140 188/237/102 193/238/103 191/178/142
f 191/178/142 193/238/103 198/239/104 196/180/144
f 196/180/144 198/239/104 203/240/105 201/182/146
f 201/182/146 203/240/105 208/241/106 206/184/148
f 206/184/148 208/241/106 213/242/107 211/186/150
f 211/186/150 213/242/107 218/243/108 216/188/152
f 216/188/152 218/243/108 223/244/109 221/190/154
f 221/190/154 223/244/109 228/245/110 226/192/156
f 226/192/156 228/245/110 233/246/111 231/194/158
f 231/194/158 233/246/111 238/247/112 236/196/160
f 236/196/160 238/247/112 243/248/113 241/198/162
f 241/198/162 243/248/113 248/249/114 246/200/164
f 246/200/164 248/249/114 253/250/115 251/202/166
f 251/202/166 253/250/115 258/251/116 256/204/168
f 256/204/168 258/251/116 263/252/117 261/206/170
f 261/206/170 263/252/117 268/253/118 266/208/172
f 266/208/172 268/253/118 273/254/119 271/210/174
f 271/210/174 273/254/119 278/255/120 276/212/176
f 276/212/176 278/255/120 283/256/121 281/214/178
f 281/214/178 283/256/121 288/257/122 286/216/180
f 286/216/180 288/257/122 293/258/123 291/218/182
f 291/218/182 293/258/123 298/259/124 296/220/184
f 296/220/184 298/259/124 303/260/125 301/222/186
f 301/222/186 303/260/125 308/261/126 306/224/188
f 306/224/188 308/261/126 313/262/127 311/226/190
f 311/226/190 313/262/127 318/263/128 316/228/192
f 316/228/192 318/263/128 163/264/98 161/230/130
f 163/232/98 164/265/66 169/266/65 168/233/97
f 168/233/97 169/266/65 174/267/67 173/234/99
f 173/234/99 174/267/67 179/268/68 178/235/100
f 178/235/100 179/268/68 184/269/69 183/236/101
f 183/236/101 184/269/69 189/270/70 188/237/102
f 188/237/102 189/270/70 194/271/71 193/238/103
f 193/238/103 194/271/71 199/272/72 198/239/104
f 198/239/104 199/272/72 204/273/73 203/240/105
f 203/240/105 204/273/73 209/274/74 208/241/106
f 208/241/106 209/274/74 214/275/75 213/242/107
f 213/242/107 214/275/75 219/276/76 218/243/108
f 218/243/108 219/276/76 224/277/77 223/244/109
f 223/244/109 224/277/77 229/278/78 228/245/110
f 228/245/110 229/278/78 234/279/79 233/246/111
f 233/246/111 234/279/79 239/280/80 238/247/112
f 238/247/112 239/280/80 244/281/81 243/248/113
f 243/248/113 244/281/81 249/282/82 248/249/114
f 248/249/114 249/282/82 254/283/83 253/250/115
f 253/250/115 254/283/83 259/284/84 258/251/116
f 258/251/116 259/284/84 264/285/85 263/252/117
f 263/252/117 264/285/85 269/286/86 268/253/118
f 268/253/118 269/286/86 274/287/87 273/254/119
f 273/254/119 274/287/87 279/288/88 278/255/120
f 278/255/120 279/288/88 284/289/89 283/256/121
f 283/256/121 284/289/89 289/290/90 288/257/122
f 288/257/122 289/290/90 294/291/91 293/258/123
f 293/258/123 294/291/91 299/292/92 298/259/124
f 298/259/124 299/292/92 304/293/93 303/260/125
f 303/260/125 304/293/93 309/294/94 308/261/126
f 308/261/126 309/294/94 314/295/95 313/262/127
f 313/262/127 314/295/95 319/296/96 318/263/128
f 318/263/128 319/296/96 164/297/66 163/264/98
f 164/265/66 165/298/194 170/299/194 169/266/65
f 169/266/65 170/299/194 175/300/194 174/267/67
f 174/267/67 175/300/194 180/301/194 179/268/68
f 179/268/68 180/301/194 185/302/194 184/269/69
f 184/269/69 185/302/194 190/303/194 189/270/70
f 189/270/70 190/303/194 195/304/194 194/271/71
f 194/271/71 195/304/194 200/305/194 199/272/72
f 199/272/72 200/305/194 205/306/194 204/273/73
f 204/273/73 205/306/194 210/307/194 209/274/74
f 209/274/74 210/307/194 215/308/194 214/275/75
f 214/275/75 215/308/194 220/309/194 219/276/76
f 219/276/76 220/309/194 225/310/194 224/277/77
f 224/277/77 225/310/194 230/311/194 229/278/78
f 229/278/78 230/311/194 235/312/194 234/279/79
f 234/279/79 235/312/194 240/313/194 239/280/80
f 239/280/80 240/313/194 245/314/194 244/281/81
f 244/281/81 245/314/194 250/315/194 249/282/82
f 249/282/82 250/315/194 255/316/194 254/283/83
f 254/283/83 255/316/194 260/317/194 259/284/84
f 259/284/84 260/317/194 265/318/194 264/285/85
f 264/285/85 265/318/194 270/319/194 269/286/86
f 269/286/86 270/319/194 275/320/194 274/287/87
f 274/287/87 275/320/194 280/321/194 279/288/88
f 279/288/88 280/321/194 285/322/194 284/289/89
f 284/289/89 285/322/194 290/323/194 289/290/90
f 289/290/90 290/323/194 295/324/194 294/291/91
f 294/291/91 295/324/194 300/325/194 299/292/92
f 299/292/92 300/325/194 305/326/194 304/293/93
f 304/293/93 305/326/194 310/327/194 309/294/94
f 309/294/94 310/327/194 315/328/194 314/295/95
f 314/295/95 315/328/194 320/329/194 319/296/96
f 319/296/96 320/329/194 165/330/194 164/297/66
f 1045/331/129 445/332/195 352/333/196
f 350/334/129 358/335/197 360/336/198
f 349/337/129 361/338/199 363/339/200
f 348/340/129 364/341/201 366/342/202
f 347/343/129 367/344/203 369/345/204
f 346/346/129 370/347/205 372/348/206
f 1044/349/129 373/350/207 375/351/208
f 345/352/129 376/353/209 378/354/210
f 344/355/129 379/356/211 381/357/212
f 343/358/129 382/359/213 384/360/214
f 342/361/129 385/362/215 387/363/216
f 341/364/129 388/365/217 390/366/218
f 340/367/129 391/368/219 393/369/220
f 339/370/129 394/371/221 396/372/222
f 338/373/129 397/374/223 399/375/224
f 337/376/129 400/377/225 402/378/226
f 336/379/129 403/380/227 405/381/228
f 335/382/129 406/383/229 408/384/230
f 334/385/129 409/386/231 411/387/232
f 333/388/129 412/389/233 414/390/234
f 332/391/129 415/392/235 417/393/236
f 331/394/129 418/395/237 420/396/238
f 330/397/129 421/398/239 423/399/240
f 329/400/129 424/401/241 426/402/242
f 328/403/129 427/404/243 429/405/244
f 327/406/129 430/407/245 432/408/246
f 326/409/129 433/410/247 435/411/248
f 325/412/129 436/413/249 438/414/250
f 324/415/129 439/416/251 441/417/252
f 323/418/129 442/419/253 444/420/254
f 322/421/129 353/422/255 354/423/256
f 1077/424/257 451/425/258 542/426/259
f 1046/427/260 456/428/261 448/429/262
f 356/430/263 447/431/264 454/432/265 359/433/266
f 1073/434/267 462/435/268 458/436/269
f 1072/437/270 465/438/271 461/439/272
f 1071/440/273 468/441/274 464/442/275
f 1070/443/276 471/444/277 467/445/278
f 1076/446/279 474/447/280 470/448/281
f 1069/449/282 477/450/283 473/451/284
f 1068/452/285 480/453/286 476/454/287
f 1067/455/288 483/456/289 479/457/290
f 1066/458/291 486/459/292 482/460/293
f 1065/461/294 489/462/295 485/463/296
f 1064/464/297 492/465/298 488/466/299
f 1063/467/300 495/468/301 491/469/302
f 1062/470/303 498/471/304 494/472/305
f 1061/473/306 501/474/307 497/475/308
f 1060/476/309 504/477/310 500/478/311
f 1059/479/312 507/480/313 503/481/314
f 1058/482/315 510/483/316 506/484/317
f 1057/485/318 513/486/319 509/487/320
f 1056/488/321 516/489/322 512/490/323
f 1055/491/324 519/492/325 515/493/326
f 453/494/327 522/495/328 518/496/329
f 1054/497/330 525/498/331 521/499/332
f 1053/500/333 528/501/334 524/502/335
f 1052/503/336 531/504/337 527/505/338
f 1051/506/339 534/507/340 530/508/341
f 1050/509/342 537/510/343 533/511/344
f 1049/512/345 540/513/346 536/514/347
f 1048/515/348 543/516/349 539/517/350
f 359/433/266 454/432/265 457/518/351 362/519/352
f 446/520/353 541/521/354 452/522/355 351/523/356
f 1074/524/357 459/525/358 455/526/359
f 398/527/360 493/528/361 496/529/362 401/530/363
f 419/531/364 514/532/365 517/533/366 422/534/367
f 440/535/368 535/536/369 538/537/370 443/538/371
f 380/539/372 475/540/373 478/541/374 383/542/375
f 401/543/363 496/544/362 499/545/376 404/546/377
f 422/534/367 517/533/366 520/547/378 425/548/379
f 362/519/352 457/518/351 460/549/380 365/550/381
f 443/538/371 538/537/370 541/521/354 446/520/353
f 383/542/375 478/541/374 481/551/382 386/552/383
f 404/546/377 499/545/376 502/553/384 407/554/385
f 425/548/379 520/547/378 523/555/386 428/556/387
f 365/550/381 460/549/380 463/557/388 368/558/389
f 386/552/383 481/551/382 484/559/390 389/560/391
f 407/554/385 502/553/384 505/561/392 410/562/393
f 428/556/387 523/555/386 526/563/394 431/564/395
f 368/558/389 463/557/388 466/565/396 371/566/397
f 389/560/391 484/559/390 487/567/398 392/568/399
f 410/562/393 505/561/392 508/569/400 413/570/401
f 431/564/395 526/563/394 529/571/402 434/572/403
f 371/566/397 466/565/396 469/573/404 374/574/405
f 351/523/356 452/522/355 447/431/264 356/430/263
f 392/568/399 487/567/398 490/575/406 395/576/407
f 413/570/401 508/569/400 511/577/408 416/578/409
f 434/572/403 529/571/402 532/579/410 437/580/411
f 374/574/405 469/573/404 472/581/412 377/582/413
f 395/576/407 490/575/406 493/528/361 398/527/360
f 416/578/409 511/577/408 514/532/365 419/531/364
f 437/580/411 532/579/410 535/536/369 440/535/368
f 377/582/413 472/581/412 475/540/373 380/539/372
f 351/583/356 353/422/255 352/333/196
f 354/423/256 356/584/263 355/585/414
f 357/586/415 359/587/266 358/335/197
f 360/336/198 362/588/352 361/338/199
f 363/339/200 365/589/381 364/341/201
f 366/342/202 368/590/389 367/344/203
f 369/345/204 371/591/397 370/347/205
f 372/348/206 374/592/405 373/350/207
f 375/351/208 377/593/413 376/353/209
f 378/354/210 380/594/372 379/356/211
f 381/357/212 383/595/375 382/359/213
f 384/360/214 386/596/383 385/362/215
f 387/363/216 389/597/391 388/365/217
f 390/366/218 392/598/399 391/368/219
f 393/369/220 395/599/407 394/371/221
f 396/372/222 398/600/360 397/374/223
f 399/375/224 401/601/363 400/377/225
f 402/378/226 404/602/377 403/380/227
f 405/381/228 407/603/385 406/383/229
f 408/384/230 410/604/393 409/386/231
f 411/387/232 413/605/401 412/389/233
f 414/390/234 416/606/409 415/392/235
f 417/393/236 419/607/364 418/395/237
f 420/396/238 422/608/367 421/398/239
f 423/399/240 425/609/379 424/401/241
f 426/402/242 428/610/387 427/404/243
f 429/405/244 431/611/395 430/407/245
f 432/408/246 434/612/403 433/410/247
f 435/411/248 437/613/411 436/413/249
f 438/414/250 440/614/368 439/416/251
f 441/417/252 443/615/371 442/419/253
f 444/420/254 446/616/353 445/332/195
f 356/584/263 354/423/256 353/422/255 351/583/356
f 354/423/256 355/585/414 321/617/129 322/421/129
f 322/421/129 1045/331/129 352/333/196 353/422/255
f 359/587/266 357/586/415 355/585/414 356/584/263
f 357/586/415 358/335/197 350/334/129 321/617/129
f 362/588/352 360/336/198 358/335/197 359/587/266
f 360/336/198 361/338/199 349/337/129 350/334/129
f 365/589/381 363/339/200 361/338/199 362/588/352
f 363/339/200 364/341/201 348/340/129 349/337/129
f 368/590/389 366/342/202 364/341/201 365/589/381
f 366/342/202 367/344/203 347/343/129 348/340/129
f 371/591/397 369/345/204 367/344/203 368/590/389
f 369/345/204 370/347/205 346/346/129 347/343/129
f 374/592/405 372/348/206 370/347/205 371/591/397
f 372/348/206 373/350/207 1044/349/129 346/346/129
f 377/593/413 375/351/208 373/350/207 374/592/405
f 375/351/208 376/353/209 345/352/129 1044/349/129
f 380/594/372 378/354/210 376/353/209 377/593/413
f 378/354/210 379/356/211 344/355/129 345/352/129
f 383/595/375 381/357/212 379/356/211 380/594/372
f 381/357/212 382/359/213 343/358/129 344/355/129
f 386/596/383 384/360/214 382/359/213 383/595/375
f 384/360/214 385/362/215 342/361/129 343/358/129
f 389/597/391 387/363/216 385/362/215 386/596/383
f 387/363/216 388/365/217 341/364/129 342/361/129
f 392/598/399 390/366/218 388/365/217 389/597/391
f 390/366/218 391/368/219 340/367/129 341/364/129
f 395/599/407 393/369/220 391/368/219 392/598/399
f 393/369/220 394/371/221 339/370/129 340/367/129
f 398/600/360 396/372/222 394/371/221 395/599/407
f 396/372/222 397/374/223 338/373/129 339/370/129
f 401/601/363 399/375/224 397/374/223 398/600/360
f 399/375/224 400/377/225 337/376/129 338/373/129
f 404/602/377 402/378/226 400/377/225 401/601/363
f 402/378/226 403/380/227 336/379/129 337/376/129
f 407/603/385 405/381/228 403/380/227 404/602/377
f 405/381/228 406/383/229 335/382/129 336/379/129
f 410/604/393 408/384/230 406/383/229 407/603/385
f 408/384/230 409/386/231 334/385/129 335/382/129
f 413/605/401 411/387/232 409/386/231 410/604/393
f 411/387/232 412/389/233 333/388/129 334/385/129
f 416/606/409 414/390/234 412/389/233 413/605/401
f 414/390/234 415/392/235 332/391/129 333/388/129
f 419/607/364 417/393/236 415/392/235 416/606/409
f 417/393/236 418/395/237 331/394/129 332/391/129
f 422/608/367 420/396/238 418/395/237 419/607/364
f 420/396/238 421/398/239 330/397/129 331/394/129
f 425/609/379 423/399/240 421/398/239 422/608/367
f 423/399/240 424/401/241 329/400/129 330/397/129
f 428/610/387 426/402/242 424/401/241 425/609/379
f 426/402/242 427/404/243 328/403/129 329/400/129
f 431/611/395 429/405/244 427/404/243 428/610/387
f 429/405/244 430/407/245 327/406/129 328/403/129
f 434/612/403 432/408/246 430/407/245 431/611/395
f 432/408/246 433/410/247 326/409/129 327/406/129
f 437/613/411 435/411/248 433/410/247 434/612/403
f 435/411/248 436/413/249 325/412/129 326/409/129
f 440/614/368 438/414/250 436/413/249 437/613/411
f 438/414/250 439/416/251 324/415/129 325/412/129
f 443/615/371 441/417/252 439/416/251 440/614/368
f 441/417/252 442/419/253 323/418/129 324/415/129
f 446/616/353 444/420/254 442/419/253 443/615/371
f 444/420/254 445/332/195 1045/331/129 323/418/129
f 351/583/356 352/333/196 445/332/195 446/616/353
f 321/617/129 355/585/414 357/586/415
f 447/618/264 449/619/416 448/429/262
f 450/620/417 452/621/355 451/425/258
f 454/622/265 456/428/261 455/526/359
f 457/623/351 459/525/358 458/436/269
f 460/624/380 462/435/268 461/439/272
f 463/625/388 465/438/271 464/442/275
f 466/626/396 468/441/274 467/445/278
f 469/627/404 471/444/277 470/448/281
f 472/628/412 474/447/280 473/451/284
f 475/629/373 477/450/283 476/454/287
f 478/630/374 480/453/286 479/457/290
f 481/631/382 483/456/289 482/460/293
f 484/632/390 486/459/292 485/463/296
f 487/633/398 489/462/295 488/466/299
f 490/634/406 492/465/298 491/469/302
f 493/635/361 495/468/301 494/472/305
f 496/636/362 498/471/304 497/475/308
f 499/637/376 501/474/307 500/478/311
f 502/638/384 504/477/310 503/481/314
f 505/639/392 507/480/313 506/484/317
f 508/640/400 510/483/316 509/487/320
f 511/641/408 513/486/319 512/490/323
f 514/642/365 516/489/322 515/493/326
f 517/643/366 519/492/325 518/496/329
f 520/644/378 522/495/328 521/499/332
f 523/645/386 525/498/331 524/502/335
f 526/646/394 528/501/334 527/505/338
f 529/647/402 531/504/337 530/508/341
f 532/648/410 534/507/340 533/511/344
f 535/649/369 537/510/343 536/514/347
f 538/650/370 540/513/346 539/517/350
f 541/651/354 543/516/349 542/426/259
f 449/619/416 447/618/264 452/621/355 450/620/417
f 448/429/262 449/619/416 1047/652/418 1046/427/260
f 1077/424/257 1047/652/418 450/620/417 451/425/258
f 456/428/261 454/622/265 447/618/264 448/429/262
f 455/526/359 456/428/261 1046/427/260 1074/524/357
f 459/525/358 457/623/351 454/622/265 455/526/359
f 458/436/269 459/525/358 1074/524/357 1073/434/267
f 462/435/268 460/624/380 457/623/351 458/436/269
f 461/439/272 462/435/268 1073/434/267 1072/437/270
f 465/438/271 463/625/388 460/624/380 461/439/272
f 464/442/275 465/438/271 1072/437/270 1071/440/273
f 468/441/274 466/626/396 463/625/388 464/442/275
f 467/445/278 468/441/274 1071/440/273 1070/443/276
f 471/444/277 469/627/404 466/626/396 467/445/278
f 470/448/281 471/444/277 1070/443/276 1076/446/279
f 474/447/280 472/628/412 469/627/404 470/448/281
f 473/451/284 474/447/280 1076/446/279 1069/449/282
f 477/450/283 475/629/373 472/628/412 473/451/284
f 476/454/287 477/450/283 1069/449/282 1068/452/285
f 480/453/286 478/630/374 475/629/373 476/454/287
f 479/457/290 480/453/286 1068/452/285 1067/455/288
f 483/456/289 481/631/382 478/630/374 479/457/290
f 482/460/293 483/456/289 1067/455/288 1066/458/291
f 486/459/292 484/632/390 481/631/382 482/460/293
f 485/463/296 486/459/292 1066/458/291 1065/461/294
f 489/462/295 487/633/398 484/632/390 485/463/296
f 488/466/299 489/462/295 1065/461/294 1064/464/297
f 492/465/298 490/634/406 487/633/398 488/466/299
f 491/469/302 492/465/298 1064/464/297 1063/467/300
f 495/468/301 493/635/361 490/634/406 491/469/302
f 494/472/305 495/468/301 1063/467/300 1062/470/303
f 498/471/304 496/636/362 493/635/361 494/472/305
f 497/475/308 498/471/304 1062/470/303 1061/473/306
f 501/474/307 499/637/376 496/636/362 497/475/308
f 500/478/311 501/474/307 1061/473/306 1060/476/309
f 504/477/310 502/638/384 499/637/376 500/478/311
f 503/481/314 504/477/310 1060/476/309 1059/479/312
f 507/480/313 505/639/392 502/638/384 503/481/314
f 506/484/317 507/480/313 1059/479/312 1058/482/315
f 510/483/316 508/640/400 505/639/392 506/484/317
f 509/487/320 510/483/316 1058/482/315 1057/485/318
f 513/486/319 511/641/408 508/640/400 509/487/320
f 512/490/323 513/486/319 1057/485/318 1056/488/321
f 516/489/322 514/642/365 511/641/408 512/490/323
f 515/493/326 516/489/322 1056/488/321 1055/491/324
f 519/492/325 517/643/366 514/642/365 515/493/326
f 518/496/329 519/492/325 1055/491/324 453/494/327
f 522/495/328 520/644/378 517/643/366 518/496/329
f 521/499/332 522/495/328 453/494/327 1054/497/330
f 525/498/331 523/645/386 520/644/378 521/499/332
f 524/502/335 525/498/331 1054/497/330 1053/500/333
f 528/501/334 526/646/394 523/645/386 524/502/335
f 527/505/338 528/501/334 1053/500/333 1052/503/336
f 531/504/337 529/647/402 526/646/394 527/505/338
f 530/508/341 531/504/337 1052/503/336 1051/506/339
f 534/507/340 532/648/410 529/647/402 530/508/341
f 533/511/344 534/507/340 1051/506/339 1050/509/342
f 537/510/343 535/649/369 532/648/410 533/511/344
f 536/514/347 537/510/343 1050/509/342 1049/512/345
f 540/513/346 538/650/370 535/649/369 536/514/347
f 539/517/350 540/513/346 1049/512/345 1048/515/348
f 543/516/349 541/651/354 538/650/370 539/517/350
f 542/426/259 543/516/349 1048/515/348 1077/424/257
f 451/425/258 452/621/355 541/651/354 542/426/259
f 1047/652/418 449/619/416 450/620/417
f 584/653/419 582/654/420 578/655/421 583/656/422
f 598/657/420 597/658/421 592/659/422 596/660/419
f 587/661/423 589/662/424 590/663/425 588/664/426
f 568/665/427 567/666/428 565/667/425 566/668/424
f 577/669/427 578/655/421 582/654/420 580/670/428
f 575/671/422 571/672/419 569/673/420 570/674/421
f 572/675/429 565/676/425 567/677/428 569/678/420
f 581/679/429 588/680/426 590/681/425 580/682/428
f 564/683/423 576/684/430 574/685/431 566/686/424
f 589/662/424 577/687/427 580/688/428 590/663/425
f 599/689/427 601/690/424 593/691/431 597/692/421
f 595/693/432 598/694/420 596/695/419 594/696/433
f 578/697/421 577/698/427 579/699/431 583/700/422
f 602/701/425 604/702/426 603/703/423 601/704/424
f 573/705/433 576/706/430 564/707/423 563/708/426
f 701/709/434 728/710/435 729/711/436 705/712/437
f 595/693/432 602/713/425 600/714/428 598/694/420
f 594/715/433 591/716/430 603/703/423 604/702/426
f 598/657/420 600/717/428 599/718/427 597/658/421
f 551/719/426 552/720/423 550/721/424 549/722/425
f 581/679/429 584/723/419 586/724/433 588/680/426
f 603/725/423 591/726/430 593/691/431 601/690/424
f 585/727/430 587/661/423 588/664/426 586/728/433
f 592/729/422 597/692/421 593/691/431 591/726/430
f 569/673/420 567/730/428 568/731/427 570/674/421
f 661/732/438 660/733/439 728/710/435 701/709/434
f 648/734/440 697/735/441 727/736/442 723/737/443
f 594/730/433 596/660/419 592/659/422 591/731/430
f 559/738/428 557/739/420 555/740/419 558/741/432
f 550/681/424 552/742/423 560/743/431 562/744/427
f 576/684/430 575/745/422 570/676/421 574/685/431
f 554/746/430 556/747/422 560/743/431 552/742/423
f 576/728/430 573/727/433 571/672/419 575/671/422
f 562/748/427 561/701/421 557/749/420 559/750/428
f 585/751/430 583/700/422 579/699/431 587/723/423
f 602/701/425 601/704/424 599/752/427 600/753/428
f 595/693/432 594/696/433 604/754/426 602/713/425
f 587/723/423 579/699/431 577/698/427 589/755/424
f 573/756/433 572/675/429 569/678/420 571/729/419
f 556/702/422 554/757/430 553/758/433 555/759/419
f 568/760/427 566/686/424 574/685/431 570/676/421
f 558/741/432 555/740/419 553/696/433 551/761/426
f 584/653/419 583/656/422 585/748/430 586/750/433
f 559/762/428 549/722/425 550/721/424 562/763/427
f 558/741/432 551/761/426 549/764/425 559/738/428
f 572/675/429 573/756/433 563/765/426 565/676/425
f 551/719/426 553/705/433 554/706/430 552/720/423
f 562/744/427 560/743/431 556/747/422 561/766/421
f 580/682/428 582/767/420 584/723/419 581/679/429
f 565/667/425 563/708/426 564/707/423 566/668/424
f 561/701/421 556/702/422 555/759/419 557/749/420
f 715/768/444 716/769/445 628/770/446 607/771/447
f 545/772/448 684/773/449 616/774/450 609/775/451
f 632/776/452 637/777/429 674/778/429 680/779/452
f 713/780/453 715/768/444 607/771/447 606/781/454
f 710/782/455 709/783/456 627/784/457 623/785/458
f 712/786/459 711/787/460 619/788/461 615/789/462
f 714/790/463 712/786/459 615/789/462 611/791/464
f 720/792/465 710/782/455 623/785/458 646/793/466
f 685/794/431 613/795/431 616/774/450 684/773/449
f 641/796/431 631/797/431 630/798/467 639/799/468
f 689/800/431 659/801/431 617/802/431 688/803/431
f 638/804/469 676/805/470 690/806/429 640/807/429
f 640/807/429 690/806/429 682/808/429 633/809/429
f 709/783/456 716/769/445 629/810/471 627/784/457
f 636/811/429 637/777/429 615/812/462 619/813/461
f 634/814/429 635/815/429 623/816/458 627/817/457
f 618/818/472 614/819/473 613/795/431 612/820/431
f 618/818/472 612/820/431 664/821/431 642/822/474
f 633/809/429 634/814/429 627/817/457 629/823/471
f 622/824/475 663/825/431 617/802/431 626/826/476
f 644/827/429 636/811/429 619/813/461 643/828/477
f 718/829/478 639/799/468 630/798/467 717/830/479
f 607/771/447 628/770/446 659/801/431 641/796/431
f 547/831/480 714/790/463 611/791/464 548/832/481
f 713/780/453 606/781/454 639/799/468 718/829/478
f 703/833/429 679/834/429 636/811/429 644/827/429
f 682/808/429 678/835/429 634/814/429 633/809/429
f 678/835/429 677/836/429 635/815/429 634/814/429
f 679/834/429 674/778/429 637/777/429 636/811/429
f 608/837/482 640/807/429 633/809/429 629/823/471
f 605/838/483 638/804/469 640/807/429 608/837/482
f 607/771/447 641/796/431 639/799/468 606/781/454
f 611/839/464 615/812/462 637/777/429 632/776/452
f 708/840/429 703/833/429 644/827/429 647/841/429
f 647/841/429 644/827/429 643/828/477 646/842/466
f 711/787/460 719/843/484 643/844/477 619/788/461
f 635/815/429 647/841/429 646/842/466 623/816/458
f 677/836/429 708/840/429 647/841/429 635/815/429
f 719/843/484 720/792/465 646/793/466 643/844/477
f 725/845/485 650/846/486 672/847/487 726/848/488
f 545/772/448 931/849/489 624/850/490 684/773/449
f 691/851/452 680/779/452 674/778/429 696/852/432
f 723/737/443 649/853/491 650/846/486 725/845/485
f 675/854/492 666/855/493 671/856/494 721/857/495
f 722/858/496 658/859/497 662/860/498 660/733/439
f 724/861/499 654/862/500 658/859/497 722/858/496
f 729/711/436 706/863/501 666/855/493 675/854/492
f 685/794/431 684/773/449 624/850/490 620/864/431
f 700/865/431 698/866/502 630/798/467 631/797/431
f 689/800/431 688/803/431 625/867/431 667/868/431
f 697/869/441 699/870/429 690/806/429 676/805/470
f 699/870/429 692/871/429 682/808/429 690/806/429
f 721/857/495 671/856/494 673/872/503 726/848/488
f 695/873/429 662/874/498 658/875/497 696/852/432
f 693/876/429 671/877/494 666/878/493 694/879/429
f 661/732/438 669/880/431 620/864/431 657/881/504
f 661/732/438 701/709/434 668/882/431 669/880/431
f 692/871/429 673/883/503 671/877/494 693/876/429
f 665/884/505 670/885/506 625/867/431 687/886/431
f 704/887/429 702/888/507 662/874/498 695/873/429
f 727/736/442 717/830/479 630/798/467 698/866/502
f 650/846/486 700/865/431 667/868/431 672/847/487
f 730/889/508 544/890/509 654/862/500 724/861/499
f 723/737/443 727/736/442 698/866/502 649/853/491
f 703/833/429 704/887/429 695/873/429 679/834/429
f 682/808/429 692/871/429 693/876/429 678/835/429
f 678/835/429 693/876/429 694/879/429 677/836/429
f 679/834/429 695/873/429 696/852/432 674/778/429
f 651/891/510 673/883/503 692/871/429 699/870/429
f 648/892/440 651/891/510 699/870/429 697/869/441
f 650/846/486 649/853/491 698/866/502 700/865/431
f 654/893/500 691/851/452 696/852/432 658/875/497
f 708/840/429 707/894/429 704/887/429 703/833/429
f 707/894/429 706/895/501 702/888/507 704/887/429
f 660/733/439 662/860/498 702/896/507 728/710/435
f 694/879/429 666/878/493 706/895/501 707/894/429
f 677/836/429 694/879/429 707/894/429 708/840/429
f 728/710/435 702/896/507 706/863/501 729/711/436
f 656/897/431 621/898/431 687/886/431 683/899/431
f 645/900/511 686/901/431 663/825/431 622/824/475
f 655/902/431 668/882/431 621/898/431 656/897/431
f 642/822/474 664/821/431 686/901/431 645/900/511
f 617/802/431 663/825/431 683/899/431 688/803/431
f 617/802/431 659/801/431 628/770/446 626/826/476
f 663/825/431 686/901/431 656/897/431 683/899/431
f 686/901/431 664/821/431 655/902/431 656/897/431
f 609/775/451 616/774/450 610/903/512 546/904/513
f 616/774/450 613/795/431 614/819/473 610/903/512
f 664/821/431 612/820/431 681/905/431 655/902/431
f 612/820/431 613/795/431 685/794/431 681/905/431
f 641/796/431 659/801/431 689/800/431 631/797/431
f 669/880/431 668/882/431 655/902/431 681/905/431
f 620/864/431 624/850/490 653/906/514 657/881/504
f 624/850/490 931/849/489 731/907/515 653/906/514
f 621/898/431 668/882/431 701/709/434 705/712/437
f 620/864/431 669/880/431 681/905/431 685/794/431
f 667/868/431 700/865/431 631/797/431 689/800/431
f 687/886/431 625/867/431 688/803/431 683/899/431
f 667/868/431 625/867/431 670/885/506 672/847/487
f 687/886/431 621/898/431 705/712/437 665/884/505
f 642/822/474 645/900/511 720/792/465 719/843/484
f 618/818/472 642/822/474 719/843/484 711/787/460
f 605/908/483 713/780/453 718/829/478 638/909/469
f 546/904/513 610/903/512 714/790/463 547/831/480
f 638/909/469 718/829/478 717/830/479 676/910/470
f 626/826/476 628/770/446 716/769/445 709/783/456
f 645/900/511 622/824/475 710/782/455 720/792/465
f 610/903/512 614/819/473 712/786/459 714/790/463
f 614/819/473 618/818/472 711/787/460 712/786/459
f 622/824/475 626/826/476 709/783/456 710/782/455
f 605/908/483 608/911/482 715/768/444 713/780/453
f 608/911/482 629/810/471 716/769/445 715/768/444
f 731/907/515 730/889/508 724/861/499 653/906/514
f 697/735/441 676/910/470 717/830/479 727/736/442
f 670/885/506 721/857/495 726/848/488 672/847/487
f 705/712/437 729/711/436 675/854/492 665/884/505
f 653/906/514 724/861/499 722/858/496 657/881/504
f 657/881/504 722/858/496 660/733/439 661/732/438
f 665/884/505 675/854/492 721/857/495 670/885/506
f 648/734/440 723/737/443 725/845/485 651/912/510
f 651/912/510 725/845/485 726/848/488 673/872/503
f 691/851/452 654/893/500 544/913/509 948/914/516
f 680/779/452 691/851/452 948/914/516 652/915/516
f 632/776/452 680/779/452 652/915/516 934/916/516
f 548/917/481 611/839/464 632/776/452 934/916/516
f 903/918/517 904/919/518 730/920/508 731/921/515
f 935/922/519 906/923/520 545/924/448 609/925/451
f 902/926/521 907/927/522 547/928/480 548/929/481
f 934/916/516 933/930/129 902/931/521 548/917/481
f 837/932/523 839/933/524 838/934/525 836/935/526
f 843/932/527 841/933/528 839/933/524 837/932/523
f 740/936/526 742/937/525 744/937/529 746/936/530
f 739/938/527 733/938/523 732/939/526 738/939/530
f 831/940/524 833/940/528 832/941/529 830/941/525
f 749/942/523 751/943/524 750/944/525 748/945/526
f 747/946/527 745/947/528 743/947/524 741/946/523
f 748/945/526 750/944/525 752/944/529 754/945/530
f 747/946/527 741/946/523 740/936/526 746/936/530
f 755/942/527 753/943/528 751/943/524 749/942/523
f 861/948/523 863/949/531 862/950/525 860/951/526
f 756/952/526 758/953/525 760/953/529 762/952/530
f 755/942/527 749/942/523 748/945/526 754/945/530
f 751/943/524 753/943/528 752/944/529 750/944/525
f 813/954/523 815/955/524 814/956/525 812/957/526
f 743/947/524 745/947/528 744/937/529 742/937/525
f 764/958/526 766/959/525 768/959/529 770/958/530
f 763/960/527 757/960/523 756/952/526 762/952/530
f 759/961/524 761/961/528 760/953/529 758/953/525
f 741/946/523 743/947/524 742/937/525 740/936/526
f 732/939/526 734/962/525 736/962/529 738/939/530
f 772/963/526 774/964/525 776/964/529 778/963/530
f 771/965/527 765/965/523 764/958/526 770/958/530
f 767/966/524 769/966/528 768/959/529 766/959/525
f 845/967/523 847/968/524 846/969/525 844/970/526
f 771/965/527 769/966/528 767/966/524 765/965/523
f 780/971/526 782/972/525 784/972/529 786/971/530
f 779/973/527 773/973/523 772/963/526 778/963/530
f 775/974/524 777/974/528 776/964/529 774/964/525
f 765/965/523 767/966/524 766/959/525 764/958/526
f 779/973/527 777/974/528 775/974/524 773/973/523
f 788/975/526 790/976/525 792/976/529 794/975/530
f 787/977/527 781/977/523 780/971/526 786/971/530
f 783/978/524 785/978/528 784/972/529 782/972/525
f 733/938/523 735/979/524 734/962/525 732/939/526
f 787/977/527 785/978/528 783/978/524 781/977/523
f 796/980/526 798/981/525 800/981/529 802/980/530
f 795/982/527 789/982/523 788/975/526 794/975/530
f 789/982/523 791/983/524 790/976/525 788/975/526
f 795/982/527 793/983/528 791/983/524 789/982/523
f 804/984/526 806/985/525 808/985/529 810/984/530
f 803/986/527 797/986/523 796/980/526 802/980/530
f 799/987/524 801/987/528 800/981/529 798/981/525
f 781/977/523 783/978/524 782/972/525 780/971/526
f 803/986/527 801/987/528 799/987/524 797/986/523
f 812/957/526 814/956/525 816/956/529 818/957/530
f 811/988/527 805/988/523 804/984/526 810/984/530
f 797/986/523 799/987/524 798/981/525 796/980/526
f 811/988/527 809/989/528 807/989/524 805/988/523
f 820/990/526 822/991/525 824/991/529 826/990/530
f 819/954/527 813/954/523 812/957/526 818/957/530
f 815/955/524 817/955/528 816/956/529 814/956/525
f 773/973/523 775/974/524 774/964/525 772/963/526
f 819/954/527 817/955/528 815/955/524 813/954/523
f 828/992/526 830/941/525 832/941/529 834/992/530
f 827/993/527 821/993/523 820/990/526 826/990/530
f 823/994/524 825/994/528 824/991/529 822/991/525
f 875/995/532 877/996/533 873/997/534 872/998/535
f 827/993/527 825/994/528 823/994/524 821/993/523
f 836/935/526 838/934/525 840/934/529 842/935/530
f 835/999/527 829/999/523 828/992/526 834/992/530
f 739/938/527 737/979/528 735/979/524 733/938/523
f 805/988/523 807/989/524 806/985/525 804/984/526
f 835/999/527 833/940/528 831/940/524 829/999/523
f 844/970/526 846/969/525 848/969/529 850/970/530
f 843/932/527 837/932/523 836/935/526 842/935/530
f 839/933/524 841/933/528 840/934/529 838/934/525
f 757/960/523 759/961/524 758/953/525 756/952/526
f 735/979/524 737/979/528 736/962/529 734/962/525
f 852/1000/526 854/1001/525 856/1001/529 858/1000/530
f 851/967/527 845/967/523 844/970/526 850/970/530
f 821/993/523 823/994/524 822/991/525 820/990/526
f 851/967/527 849/968/528 847/968/524 845/967/523
f 860/951/526 862/950/525 864/950/529 866/951/530
f 859/1002/527 853/1002/523 852/1000/526 858/1000/530
f 855/1003/524 857/1003/528 856/1001/529 854/1001/525
f 924/1004/523 926/1005/531 925/1006/525 923/1007/526
f 859/1002/527 857/1003/528 855/1003/524 853/1002/523
f 763/960/527 761/961/528 759/961/524 757/960/523
f 867/948/527 861/948/523 860/951/526 866/951/530
f 863/949/531 865/949/528 864/950/529 862/950/525
f 903/1008/517 938/1009/536 939/1010/537 910/1011/538
f 910/1011/538 939/1010/537 940/1012/539 917/1013/540
f 906/1014/520 935/1015/519 936/1016/541 913/1017/542
f 913/1017/542 936/1016/541 937/1018/543 920/1019/544
f 905/1020/545 935/922/519 609/925/451 546/1021/513
f 853/1002/523 855/1003/524 854/1001/525 852/1000/526
f 731/921/515 931/1022/489 938/1023/536 903/918/517
f 890/1024/546 888/1025/547 886/1026/548 895/1027/549
f 867/948/527 865/949/528 863/949/531 861/948/523
f 791/983/524 793/983/528 792/976/529 790/976/525
f 847/968/524 849/968/528 848/969/529 846/969/525
f 807/989/524 809/989/528 808/985/529 806/985/525
f 923/1007/526 925/1006/525 927/1006/529 929/1007/530
f 885/1028/550 876/1029/551 877/996/533 875/995/532
f 1032/1030/552 901/1031/553 1041/1032/554 1042/1033/555
f 868/1034/556 870/1035/557 869/1036/553
f 871/1037/558 1021/1038/559 868/1034/556 869/1036/553
f 887/1039/560 897/1040/553 898/1041/561 899/1042/562
f 1028/1043/563 871/1037/558 869/1036/553
f 873/997/534 877/996/533 879/1044/564 878/1045/565
f 880/1046/566 882/1047/567 874/1048/553 878/1045/565
f 886/1026/548 896/1049/568 894/1050/569 895/1027/549
f 899/1042/562 898/1041/561 894/1050/569 896/1049/568
f 873/997/534 878/1045/565 874/1048/553
f 892/1051/570 894/1050/569 898/1041/561 893/1052/571
f 891/1053/572 893/1052/571 897/1040/553 889/1054/573
f 894/1050/569 892/1051/570 890/1024/546 895/1027/549
f 891/1053/572 889/1054/573 888/1025/547 890/1024/546
f 882/1047/567 884/1055/574 874/1048/553
f 882/1047/567 883/1056/575 884/1055/574
f 883/1056/575 885/1028/550 884/1055/574
f 896/1049/568 886/1026/548 887/1039/560 899/1042/562
f 893/1052/571 891/1053/572 890/1024/546 892/1051/570
f 879/1044/564 881/1057/576 880/1046/566 878/1045/565
f 876/1029/551 881/1057/576 879/1044/564 877/996/533
f 876/1029/551 885/1028/550 883/1056/575 881/1057/576
f 889/1054/573 897/1040/553 887/1039/560
f 1035/1058/577 1037/1059/578 901/1031/553 900/1060/579
f 898/1041/561 897/1040/553 893/1052/571
f 889/1054/573 887/1039/560 886/1026/548 888/1025/547
f 883/1056/575 882/1047/567 880/1046/566 881/1057/576
f 884/1055/574 872/998/535 873/997/534 874/1048/553
f 900/1060/579 901/1031/553 1032/1030/552
f 875/995/532 872/998/535 884/1055/574 885/1028/550
f 1026/1061/580 1028/1043/563 869/1036/553 870/1035/557
f 1041/1032/554 901/1031/553 1037/1059/578
f 931/1022/489 545/924/448 906/923/520 938/1023/536
f 546/1021/513 547/928/480 907/927/522 905/1020/545
f 914/1062/581 909/1063/582 916/1064/583 921/1065/584
f 947/1066/129 908/1067/585 915/1068/586 946/1011/587
f 904/1069/518 903/1008/517 910/1011/538 911/1070/588
f 911/1070/588 910/1011/538 917/1013/540 918/1071/589
f 939/1010/537 913/1017/542 920/1019/544 940/1012/539
f 936/1016/541 912/1072/590 919/1073/591 937/1018/543
f 938/1009/536 906/1014/520 913/1017/542 939/1010/537
f 915/1068/586 911/1070/588 918/1071/589 922/1074/592
f 935/1015/519 905/1075/545 912/1072/590 936/1016/541
f 905/1075/545 907/1076/522 914/1062/581 912/1072/590
f 907/1076/522 902/931/521 909/1063/582 914/1062/581
f 946/1011/587 915/1068/586 922/1074/592 945/1013/593
f 829/999/523 831/940/524 830/941/525 828/992/526
f 926/1005/531 928/1005/528 927/1006/529 925/1006/525
f 924/1004/523 923/1007/526 929/1007/530 930/1004/527
f 544/1077/509 730/920/508 904/919/518 908/1078/585
f 908/1067/585 904/1069/518 911/1070/588 915/1068/586
f 912/1072/590 914/1062/581 921/1065/584 919/1073/591
f 930/1004/527 928/1005/528 926/1005/531 924/1004/523
f 902/931/521 933/930/129 943/1072/587 909/1063/582
f 909/1063/582 943/1072/587 944/1073/593 916/1064/583
f 943/1072/587 941/1017/587 942/1019/593 944/1073/593
f 933/930/129 932/1079/129 941/1017/587 943/1072/587
f 948/914/516 947/1066/129 932/1079/129 652/915/516
f 652/915/516 932/1079/129 933/930/129 934/916/516
f 544/913/509 908/1067/585 947/1066/129 948/914/516
f 941/1017/587 946/1011/587 945/1013/593 942/1019/593
f 932/1079/129 947/1066/129 946/1011/587 941/1017/587
f 986/1080/594 985/1081/595 980/1082/596 984/1083/597
f 956/1084/598 954/1085/599 952/1085/600 950/1084/601
f 950/1084/601 952/1085/600 951/1086/602 949/1087/603
f 956/1084/598 950/1084/601 949/1087/603 955/1087/604
f 949/1087/603 951/1086/602 953/1086/605 955/1087/604
f 964/1088/598 962/1089/599 960/1089/600 958/1088/601
f 952/1085/600 954/1085/599 953/1086/605 951/1086/602
f 960/1089/600 962/1089/599 961/1090/605 959/1090/602
f 964/1088/598 958/1088/601 957/1091/603 963/1091/604
f 957/1091/603 959/1090/602 961/1090/605 963/1091/604
f 1013/1092/606 1015/1093/607 1009/1094/608 1008/1095/609
f 1010/1096/610 1007/1097/611 1019/1098/612 1020/1099/613
f 997/1100/614 1000/1101/615 998/1102/616 996/1103/617
f 1014/1104/618 1013/1092/606 1008/1095/609 1012/1105/619
f 1020/1099/613 1011/1106/614 1012/1105/619 1010/1096/610
f 1010/1096/610 1012/1105/619 1008/1095/609 1007/1097/611
f 1011/1106/614 1020/1099/613 1018/1107/620 1016/1108/621
f 1000/1101/615 1002/1109/622 1001/1110/623 999/1111/624
f 997/1100/614 996/1103/617 1006/1112/625 1004/1113/626
f 1014/1104/618 1016/1108/621 1015/1093/607 1013/1092/606
f 983/1114/614 982/1115/627 992/1116/628 990/1117/629
f 979/1118/630 980/1082/596 981/1119/631
f 1011/1106/614 1016/1108/621 1014/1104/618 1012/1105/619
f 990/1117/629 989/1120/632 987/1121/633 988/1122/634
f 966/1123/635 971/1124/636 967/1125/608 965/1126/637
f 1000/1101/615 999/1111/624 994/1127/638 998/1102/616
f 997/1100/614 1004/1113/626 1002/1109/622 1000/1101/615
f 996/1103/617 998/1102/616 994/1127/638 993/1128/639
f 987/1121/633 989/1120/632 981/1119/631
f 996/1103/617 993/1128/639 1005/1129/640 1006/1112/625
f 1017/1130/641 1019/1098/612 1009/1094/608 1015/1093/607
f 991/1131/642 979/1118/630 981/1119/631 989/1120/632
f 1004/1113/626 1006/1112/625 1005/1129/640 1003/1132/643
f 1004/1113/626 1003/1132/643 1001/1110/623 1002/1109/622
f 973/1133/644 975/1134/645 967/1125/608 971/1124/636
f 999/1111/624 1001/1110/623 995/1135/608 994/1127/638
f 982/1115/627 979/1118/630 991/1131/642 992/1116/628
f 985/1081/595 987/1121/633 981/1119/631 980/1082/596
f 990/1117/629 992/1116/628 991/1131/642 989/1120/632
f 978/1136/646 969/1137/614 970/1138/647 968/1139/648
f 982/1115/627 984/1083/597 980/1082/596 979/1118/630
f 977/1140/649 965/1126/637 967/1125/608 975/1134/645
f 972/1141/650 974/1142/651 973/1133/644 971/1124/636
f 969/1137/614 978/1136/646 976/1143/652 974/1142/651
f 972/1141/650 971/1124/636 966/1123/635 970/1138/647
f 986/1080/594 988/1122/634 987/1121/633 985/1081/595
f 1005/1129/640 993/1128/639 994/1127/638 995/1135/608
f 983/1114/614 990/1117/629 988/1122/634 986/1080/594
f 1018/1107/620 1017/1130/641 1015/1093/607 1016/1108/621
f 1019/1098/612 1007/1097/611 1008/1095/609 1009/1094/608
f 969/1137/614 974/1142/651 972/1141/650 970/1138/647
f 1018/1107/620 1020/1099/613 1019/1098/612 1017/1130/641
f 968/1139/648 970/1138/647 966/1123/635 965/1126/637
f 1003/1132/643 1005/1129/640 995/1135/608 1001/1110/623
f 983/1114/614 986/1080/594 984/1083/597 982/1115/627
f 968/1139/648 965/1126/637 977/1140/649 978/1136/646
f 976/1143/652 978/1136/646 977/1140/649 975/1134/645
f 976/1143/652 975/1134/645 973/1133/644 974/1142/651
f 957/1091/603 958/1088/601 960/1089/600 959/1090/602
f 1040/1144/653 1038/1145/654 1036/1146/655 1039/1147/656
f 1029/1148/657 1028/1043/563 1026/1061/580 1027/1149/658
f 1028/1043/563 1029/1148/657 1030/1150/659 871/1037/558
f 1025/1151/660 1023/1152/661 1027/1149/658
f 1023/1152/661 1025/1151/660 1024/1153/662 1022/1154/663
f 1033/1155/664 1034/1156/665 1035/1058/577 900/1060/579
f 1030/1150/659 1023/1152/661 1022/1154/663
f 1036/1146/655 1037/1059/578 1035/1058/577 1034/1156/665
f 1040/1144/653 1031/1157/666 1032/1030/552 1042/1033/555
f 900/1060/579 1032/1030/552 1031/1157/666 1033/1155/664
f 1042/1033/555 1041/1032/554 1038/1145/654 1040/1144/653
f 1022/1154/663 1021/1038/559 871/1037/558 1030/1150/659
f 1025/1151/660 1027/1149/658 1026/1061/580 870/1035/557
f 1036/1146/655 1034/1156/665 1039/1147/656
f 1023/1152/661 1030/1150/659 1029/1148/657 1027/1149/658
f 1022/1154/663 1024/1153/662 868/1034/556 1021/1038/559
f 1034/1156/665 1033/1155/664 1031/1157/666 1039/1147/656
f 1031/1157/666 1040/1144/653 1039/1147/656
f 868/1034/556 1024/1153/662 1025/1151/660 870/1035/557
f 1036/1146/655 1038/1145/654 1041/1032/554 1037/1059/578
f 1043/1158/129 322/1159/129 321/1160/129
f 1043/1158/129 321/1160/129 350/1161/129
f 1043/1158/129 350/1161/129 349/1162/129
f 1043/1158/129 349/1162/129 348/1163/129
f 1043/1158/129 348/1163/129 347/1164/129
f 1043/1158/129 347/1164/129 346/1165/129
f 1043/1158/129 346/1165/129 1044/1166/129
f 1043/1158/129 1044/1166/129 345/1167/129
f 1043/1158/129 345/1167/129 344/1168/129
f 1043/1158/129 344/1168/129 343/1169/129
f 1043/1158/129 343/1169/129 342/1170/129
f 1043/1158/129 342/1170/129 341/1171/129
f 1043/1158/129 341/1171/129 340/1172/129
f 1043/1158/129 340/1172/129 339/1173/129
f 1043/1158/129 339/1173/129 338/1174/129
f 1043/1158/129 338/1174/129 337/1175/129
f 1043/1158/129 337/1175/129 336/1176/129
f 1043/1158/129 336/1176/129 335/1177/129
f 1043/1158/129 335/1177/129 334/1178/129
f 1043/1158/129 334/1178/129 333/1179/129
f 1043/1158/129 333/1179/129 332/1180/129
f 1043/1158/129 332/1180/129 331/1181/129
f 1043/1158/129 331/1181/129 330/1182/129
f 1043/1158/129 330/1182/129 329/1183/129
f 1043/1158/129 329/1183/129 328/1184/129
f 1043/1158/129 328/1184/129 327/1185/129
f 1043/1158/129 327/1185/129 326/1186/129
f 1043/1158/129 326/1186/129 325/1187/129
f 1043/1158/129 325/1187/129 324/1188/129
f 1043/1158/129 324/1188/129 323/1189/129
f 1043/1158/129 323/1189/129 1045/1190/129
f 1043/1158/129 1045/1190/129 322/1159/129
f 1075/1191/667 1046/1192/260 1047/1193/418
f 1075/1191/667 1074/1194/357 1046/1192/260
f 1075/1191/667 1073/1195/267 1074/1194/357
f 1075/1191/667 1072/1196/270 1073/1195/267
f 1075/1191/667 1071/1197/273 1072/1196/270
f 1075/1191/667 1070/1198/276 1071/1197/273
f 1075/1191/667 1076/1199/279 1070/1198/276
f 1075/1191/667 1069/1200/282 1076/1199/279
f 1075/1191/667 1068/1201/285 1069/1200/282
f 1075/1191/667 1067/1202/288 1068/1201/285
f 1075/1191/667 1066/1203/291 1067/1202/288
f 1075/1191/667 1065/1204/294 1066/1203/291
f 1075/1191/667 1064/1205/297 1065/1204/294
f 1075/1191/667 1063/1206/300 1064/1205/297
f 1075/1191/667 1062/1207/303 1063/1206/300
f 1075/1191/667 1061/1208/306 1062/1207/303
f 1075/1191/667 1060/1209/309 1061/1208/306
f 1075/1191/667 1059/1210/312 1060/1209/309
f 1075/1191/667 1058/1211/315 1059/1210/312
f 1075/1191/667 1057/1212/318 1058/1211/315
f 1075/1191/667 1056/1213/321 1057/1212/318
f 1075/1191/667 1055/1214/324 1056/1213/321
f 1075/1191/667 453/1215/327 1055/1214/324
f 1075/1191/667 1054/1216/330 453/1215/327
f 1075/1191/667 1053/1217/333 1054/1216/330
f 1075/1191/667 1052/1218/336 1053/1217/333
f 1075/1191/667 1051/1219/339 1052/1218/336
f 1075/1191/667 1050/1220/342 1051/1219/339
f 1075/1191/667 1049/1221/345 1050/1220/342
f 1075/1191/667 1048/1222/348 1049/1221/345
f 1075/1191/667 1077/1223/257 1048/1222/348
f 1075/1191/667 1047/1193/418 1077/1223/257
