# Blender 5.2.2 LTS
# www.blender.org
o Guitar
v 1.458777 -8.669720 0.313817
v 1.038853 17.009418 0.315359
v -1.406888 -8.674167 0.313817
v -1.156646 17.018660 0.315359
v 0.948731 17.470839 0.205431
v -2.067357 17.587542 0.205432
v 2.315971 18.769630 -0.068200
v -1.614897 18.975637 -0.068200
v 2.265923 20.727146 -0.468116
v -1.104305 20.903772 -0.468116
v 1.553438 23.394182 -1.006076
v -0.363540 23.494650 -1.006076
v 2.852772 24.258133 -1.196746
v -0.121066 24.413986 -1.196746
v 2.952193 25.218258 -1.394225
v 0.127045 25.366318 -1.394225
v 2.275473 26.152454 -1.578080
v 1.586573 26.188557 -1.578080
v 0.897725 26.224657 -1.578080
v -1.166905 16.660059 0.462052
v -1.168215 16.474628 0.462052
v 1.049932 16.652779 0.462052
v 1.053693 16.467419 0.462052
v 1.049932 16.652779 0.315359
v 1.053693 16.467419 0.315359
v -1.166905 16.660059 0.315359
v -1.168215 16.474628 0.315359
v 6.579603 -6.322976 -2.193787
v 5.332111 -12.640019 -2.193786
v 0.110749 -15.124716 -2.193786
v 6.208546 -15.328507 -2.193786
v 7.427260 -18.539740 -2.193786
v 7.661763 -20.729315 -2.193785
v 7.138923 -22.654394 -2.193785
v 5.587763 -24.218407 -2.193785
v 3.190327 -24.989977 -2.193785
v 0.393043 -25.106213 -2.193785
v -2.368975 -24.902306 -2.193785
v -4.380077 -24.406878 -2.193785
v -6.047197 -23.593121 -2.193785
v -7.305077 -22.207470 -2.193785
v -7.710802 -20.581165 -2.193785
v -7.709703 -18.977600 -2.193786
v -7.244597 -17.325586 -2.193786
v -5.783251 -13.908637 -2.193786
v -5.371209 -11.904007 -2.193786
v -5.506670 -10.284885 -2.193786
v -6.733483 -6.143889 -2.193787
v -6.675472 -2.749088 -2.193787
v -5.829176 -2.176459 -2.193787
v -3.869755 -5.772685 -2.193787
v -2.106237 -6.085806 -2.193787
v -1.335216 -5.184464 -2.193787
v 1.127809 -5.189462 -2.193787
v 1.410332 -8.160280 -2.193786
v 3.807194 -8.354667 -2.193786
v 5.545862 -5.558021 -2.193787
v 6.311016 -5.535990 -2.193787
v -1.175459 14.584717 0.364737
v -1.176143 14.532494 0.364737
v 1.067291 14.583800 0.364737
v 1.068202 14.531581 0.364737
v 1.066936 14.604107 0.314904
v 1.068557 14.511275 0.314904
v -1.175193 14.605024 0.314904
v -1.176409 14.512187 0.314904
v -1.199872 12.719756 0.364737
v -1.200556 12.667532 0.364737
v 1.099842 12.718965 0.364737
v 1.100753 12.666743 0.364737
v 1.099487 12.739270 0.314904
v 1.101108 12.646441 0.314904
v -1.199607 12.740064 0.314904
v -1.200822 12.647227 0.314904
v -1.222148 11.018149 0.364737
v -1.222831 10.965927 0.364737
v 1.129541 11.017471 0.364737
v 1.130453 10.965252 0.364737
v 1.129187 11.037778 0.314904
v 1.130807 10.944945 0.314904
v -1.221882 11.038458 0.314904
v -1.223097 10.945619 0.314904
v -1.243918 9.355134 0.364737
v -1.244601 9.302912 0.364737
v 1.158567 9.354567 0.364737
v 1.159479 9.302347 0.364737
v 1.158213 9.374872 0.314904
v 1.159833 9.282041 0.314904
v -1.243652 9.375442 0.314904
v -1.244867 9.282603 0.314904
v -1.264356 7.793863 0.364737
v -1.265040 7.741641 0.364737
v 1.185818 7.793400 0.364737
v 1.186729 7.741181 0.364737
v 1.185463 7.813706 0.314904
v 1.187084 7.720875 0.314904
v -1.264090 7.814171 0.314904
v -1.265306 7.721334 0.314904
v -1.283187 6.355389 0.364738
v -1.283870 6.303167 0.364738
v 1.210925 6.355021 0.364738
v 1.211837 6.302803 0.364738
v 1.210571 6.375328 0.314905
v 1.212191 6.282495 0.314905
v -1.282921 6.375697 0.314905
v -1.284136 6.282859 0.314905
v -1.301558 4.952000 0.364738
v -1.302242 4.899779 0.364738
v 1.235420 4.951726 0.364738
v 1.236331 4.899508 0.364738
v 1.235065 4.972034 0.314905
v 1.236685 4.879202 0.314905
v -1.301292 4.972309 0.314905
v -1.302507 4.879471 0.314905
v -1.318689 3.643342 0.364738
v -1.319373 3.591119 0.364738
v 1.258261 3.643155 0.364738
v 1.259172 3.590936 0.364738
v 1.257906 3.663461 0.314905
v 1.259526 3.570630 0.314905
v -1.318424 3.663649 0.314905
v -1.319639 3.570812 0.314905
v -1.334810 2.411868 0.364738
v -1.335494 2.359646 0.364738
v 1.279755 2.411763 0.364738
v 1.280666 2.359544 0.364738
v 1.279400 2.432070 0.314905
v 1.281021 2.339238 0.314905
v -1.334544 2.432176 0.314905
v -1.335760 2.339338 0.314905
v -1.350104 1.243547 0.364738
v -1.350788 1.191325 0.364738
v 1.300146 1.243520 0.364738
v 1.301058 1.191301 0.364738
v 1.299792 1.263826 0.314905
v 1.301413 1.170995 0.314905
v -1.349838 1.263855 0.314905
v -1.351054 1.171017 0.314905
v -1.364250 0.162938 0.364738
v -1.364934 0.110715 0.364738
v 1.319007 0.162983 0.364738
v 1.319919 0.110764 0.364738
v 1.318653 0.183289 0.314905
v 1.320273 0.090458 0.314905
v -1.363984 0.183245 0.314905
v -1.365200 0.090408 0.314905
v -1.377753 -0.868553 0.364738
v -1.378437 -0.920775 0.364738
v 1.337011 -0.868439 0.364738
v 1.337922 -0.920658 0.364738
v 1.336656 -0.848133 0.314905
v 1.338277 -0.940964 0.314905
v -1.377487 -0.848245 0.314905
v -1.378703 -0.941083 0.314905
v -1.390351 -1.830912 0.364738
v -1.391035 -1.883134 0.364738
v 1.353808 -1.830734 0.364738
v 1.354719 -1.882953 0.364738
v 1.353453 -1.810427 0.314905
v 1.355074 -1.903259 0.314905
v -1.390085 -1.810604 0.314905
v -1.391301 -1.903442 0.314905
v -1.402704 -2.774493 0.364738
v -1.403387 -2.826715 0.364738
v 1.370277 -2.774252 0.364738
v 1.371188 -2.826471 0.364738
v 1.369922 -2.753946 0.314905
v 1.371543 -2.846777 0.314905
v -1.402437 -2.754185 0.314905
v -1.403653 -2.847023 0.314905
v -1.414134 -3.647658 0.364738
v -1.414818 -3.699880 0.364738
v 1.385517 -3.647359 0.364738
v 1.386429 -3.699577 0.364738
v 1.385163 -3.627052 0.314905
v 1.386783 -3.719884 0.314905
v -1.413868 -3.627350 0.314905
v -1.415083 -3.720188 0.314905
v -1.424827 -4.464489 0.364738
v -1.425510 -4.516711 0.364738
v 1.399774 -4.464135 0.364738
v 1.400685 -4.516354 0.364738
v 1.399420 -4.443829 0.314905
v 1.401040 -4.536659 0.314905
v -1.424561 -4.444181 0.314905
v -1.425776 -4.537018 0.314905
v -1.435028 -5.243764 0.364738
v -1.435712 -5.295987 0.364738
v 1.413375 -5.243359 0.364738
v 1.414287 -5.295578 0.364738
v 1.413021 -5.223053 0.314905
v 1.414641 -5.315884 0.314905
v -1.434762 -5.223457 0.314905
v -1.435977 -5.316294 0.314905
v -1.444553 -5.971401 0.364738
v -1.445237 -6.023624 0.364738
v 1.426075 -5.970947 0.364738
v 1.426987 -6.023167 0.364738
v 1.425721 -5.950641 0.314905
v 1.427341 -6.043472 0.314905
v -1.444288 -5.951093 0.314905
v -1.445503 -6.043931 0.314905
v -1.453710 -6.670872 0.364738
v -1.454394 -6.723094 0.364738
v 1.438284 -6.670372 0.364738
v 1.439195 -6.722590 0.364738
v 1.437929 -6.650064 0.314905
v 1.439550 -6.742897 0.314905
v -1.453444 -6.650564 0.314905
v -1.454659 -6.743402 0.314905
v -1.462067 -7.309315 0.364739
v -1.462751 -7.361538 0.364739
v 1.449427 -7.308772 0.364739
v 1.450339 -7.360991 0.364739
v 1.449073 -7.288465 0.314906
v 1.450693 -7.381294 0.314906
v -1.461802 -7.289007 0.314906
v -1.463017 -7.381843 0.314906
v -1.469811 -7.900813 0.364739
v -1.470494 -7.953034 0.364739
v 1.459751 -7.900230 0.364739
v 1.460663 -7.952449 0.364739
v 1.459397 -7.879925 0.314906
v 1.461017 -7.972755 0.314906
v -1.469545 -7.880506 0.314906
v -1.470760 -7.973343 0.314906
v -1.477738 -8.506394 0.364739
v -1.478422 -8.558619 0.364739
v 1.470321 -8.505772 0.364739
v 1.471233 -8.557992 0.364739
v 1.469966 -8.485465 0.314906
v 1.471587 -8.578294 0.314906
v -1.477472 -8.486087 0.314906
v -1.478688 -8.578922 0.314906
v 6.579592 -6.322993 0.056222
v 5.332088 -12.640003 0.056223
v 6.208548 -15.328501 0.056223
v 7.427248 -18.539762 0.056223
v 7.661763 -20.729326 0.056224
v 7.138916 -22.654417 0.056224
v 5.587783 -24.218430 0.056224
v 3.190340 -24.989954 0.056224
v 0.393057 -25.106201 -0.068776
v -2.368967 -24.902285 -0.318776
v -4.380086 -24.406883 -0.568776
v -6.047174 -23.593130 -0.568776
v -7.305072 -22.207489 -0.568776
v -7.710829 -20.581158 -0.568776
v -7.709692 -18.977585 -0.568777
v -7.244574 -17.325613 -0.318777
v -5.783240 -13.908624 -0.068777
v -5.371222 -11.904027 0.056223
v -5.506647 -10.284894 0.056223
v -6.733504 -6.143868 0.056222
v -6.675459 -2.749095 0.056222
v -5.829171 -2.176472 0.056222
v -3.869744 -5.772663 0.056222
v -2.106215 -6.085796 0.056222
v -1.335233 -5.184439 0.056222
v 1.127810 -5.189461 0.056222
v 1.410330 -8.160308 0.056223
v 3.807168 -8.354650 0.056223
v 5.545843 -5.558045 0.056222
v 6.311002 -5.535967 0.056222
v 0.110752 -15.124727 0.056223
v -1.379263 -13.603960 0.247149
v -1.634071 -13.535684 0.247149
v -1.820603 -13.349152 0.247149
v -1.888878 -13.094344 0.247149
v -1.820603 -12.839537 0.247149
v -1.634071 -12.653005 0.247149
v -1.379263 -12.584728 0.247149
v -1.379263 -13.094344 0.247149
v 1.872307 -13.094360 0.247155
v 1.362663 -13.094360 0.247155
v 1.804008 -13.349121 0.247155
v 1.617485 -13.535706 0.247155
v 1.362663 -13.603943 0.247155
v 1.362663 -12.584717 0.247155
v 1.617485 -12.653015 0.247155
v 1.804008 -12.839539 0.247155
v -1.379263 -10.378608 0.247149
v -1.634071 -10.310331 0.247149
v -1.820603 -10.123799 0.247149
v -1.888878 -9.868992 0.247149
v -1.820603 -9.614184 0.247149
v -1.634071 -9.427652 0.247149
v -1.379263 -9.359376 0.247149
v -1.379263 -9.868992 0.247149
v 1.872307 -9.869008 0.247155
v 1.362663 -9.869008 0.247155
v 1.804008 -10.123769 0.247155
v 1.617485 -10.310353 0.247155
v 1.362663 -10.378591 0.247155
v 1.362663 -9.359365 0.247155
v 1.617485 -9.427663 0.247155
v 1.804008 -9.614186 0.247155
v -1.451314 -16.417505 0.247149
v -1.688413 -16.301870 0.247149
v -1.835925 -16.083168 0.247149
v -1.854327 -15.820020 0.247149
v -1.738687 -15.582918 0.247149
v -1.519989 -15.435406 0.247149
v -1.256835 -15.417006 0.247149
v -1.354075 -15.917257 0.247149
v 1.837752 -16.537699 0.247155
v 1.337472 -16.440458 0.247155
v 1.722098 -16.774750 0.247155
v 1.503399 -16.922318 0.247155
v 1.240239 -16.940678 0.247155
v 1.434716 -15.940175 0.247155
v 1.671824 -16.055841 0.247155
v 1.819331 -16.274530 0.247155
v -1.379263 -13.603960 0.036194
v -1.379263 -13.603960 0.247149
v -1.634071 -13.535684 0.036194
v -1.634071 -13.535684 0.247149
v -1.820603 -13.349152 0.036194
v -1.820603 -13.349152 0.247149
v -1.888878 -13.094344 0.036194
v -1.888878 -13.094344 0.247149
v -1.820603 -12.839537 0.036194
v -1.820603 -12.839537 0.247149
v -1.634071 -12.653005 0.036194
v -1.634071 -12.653005 0.247149
v -1.379263 -12.584728 0.036194
v -1.379263 -12.584728 0.247149
v 1.872307 -13.094360 0.036181
v 1.804008 -13.349121 0.036181
v 1.872307 -13.094360 0.247155
v 1.804008 -13.349121 0.247155
v 1.617485 -13.535706 0.036181
v 1.617485 -13.535706 0.247155
v 1.362663 -13.603943 0.036181
v 1.362663 -13.603943 0.247155
v 1.362663 -12.584717 0.036181
v 1.617485 -12.653015 0.036181
v 1.362663 -12.584717 0.247155
v 1.617485 -12.653015 0.247155
v 1.804008 -12.839539 0.036181
v 1.804008 -12.839539 0.247155
v -1.379263 -10.378608 0.036194
v -1.379263 -10.378608 0.247149
v -1.634071 -10.310331 0.036194
v -1.634071 -10.310331 0.247149
v -1.820603 -10.123799 0.036194
v -1.820603 -10.123799 0.247149
v -1.888878 -9.868992 0.036194
v -1.888878 -9.868992 0.247149
v -1.820603 -9.614184 0.036194
v -1.820603 -9.614184 0.247149
v -1.634071 -9.427652 0.036194
v -1.634071 -9.427652 0.247149
v -1.379263 -9.359376 0.036194
v -1.379263 -9.359376 0.247149
v 1.872307 -9.869008 0.036181
v 1.804008 -10.123769 0.036181
v 1.872307 -9.869008 0.247155
v 1.804008 -10.123769 0.247155
v 1.617485 -10.310353 0.036181
v 1.617485 -10.310353 0.247155
v 1.362663 -10.378591 0.036181
v 1.362663 -10.378591 0.247155
v 1.362663 -9.359365 0.036181
v 1.617485 -9.427663 0.036181
v 1.362663 -9.359365 0.247155
v 1.617485 -9.427663 0.247155
v 1.804008 -9.614186 0.036181
v 1.804008 -9.614186 0.247155
v -1.451314 -16.417505 0.036194
v -1.451314 -16.417505 0.247149
v -1.688413 -16.301870 0.036194
v -1.688413 -16.301870 0.247149
v -1.835925 -16.083168 0.036194
v -1.835925 -16.083168 0.247149
v -1.854327 -15.820020 0.036194
v -1.854327 -15.820020 0.247149
v -1.738687 -15.582918 0.036194
v -1.738687 -15.582918 0.247149
v -1.519989 -15.435406 0.036194
v -1.519989 -15.435406 0.247149
v -1.256835 -15.417006 0.036194
v -1.256835 -15.417006 0.247149
v 1.837752 -16.537699 0.036181
v 1.722098 -16.774750 0.036181
v 1.837752 -16.537699 0.247155
v 1.722098 -16.774750 0.247155
v 1.503399 -16.922318 0.036181
v 1.503399 -16.922318 0.247155
v 1.240239 -16.940678 0.036181
v 1.240239 -16.940678 0.247155
v 1.434716 -15.940175 0.036181
v 1.671824 -16.055841 0.036181
v 1.434716 -15.940175 0.247155
v 1.671824 -16.055841 0.247155
v 1.819331 -16.274530 0.036181
v 1.819331 -16.274530 0.247155
v 1.458777 -8.669720 0.313817
v 1.038853 17.009418 0.315359
v -1.406888 -8.674167 0.313817
v -1.156646 17.018660 0.315359
v -1.466845 -8.670592 -0.629606
v -0.834672 17.012321 -0.210835
v -0.863933 -8.670592 -1.321370
v -0.498949 17.012321 -0.596035
v -0.040341 -8.670592 -1.574573
v -0.040341 17.012321 -0.737028
v 0.783251 -8.670592 -1.321370
v 0.418266 17.012321 -0.596035
v 1.350869 -8.670592 -0.629606
v 0.753990 17.012321 -0.210835
v -0.040341 -8.670592 0.313817
v 0.948731 17.470839 0.205431
v -2.067357 17.587542 0.205432
v -1.827879 17.419964 -0.814548
v -1.229437 17.316025 -0.814548
v -0.503381 17.350912 -0.814548
v 0.222675 17.350912 -0.814548
v 0.754184 17.316025 -0.814548
v 2.315971 18.769630 -0.068200
v -1.614897 18.975637 -0.068200
v -1.359662 18.807243 -1.088180
v 2.044533 18.628838 -1.088180
v 2.265923 20.727146 -0.468116
v -1.104305 20.903772 -0.468116
v -0.886613 20.737341 -1.488096
v 2.032073 20.584377 -1.488096
v 1.553438 23.394182 -1.006076
v -0.363540 23.494650 -1.006076
v -0.243210 23.333326 -2.026055
v 1.416935 23.246321 -2.026055
v 2.852772 24.258133 -1.196746
v -0.121066 24.413986 -1.196746
v 0.070046 24.248949 -2.216725
v 2.645540 24.113974 -2.216725
v 2.952193 25.218258 -1.394225
v 0.127045 25.366318 -1.394225
v 0.308185 25.201803 -2.414204
v 2.754899 25.073576 -2.414204
v 2.275473 26.152454 -1.578080
v 1.586573 26.188557 -1.578080
v 0.897725 26.224657 -1.578080
v 0.987006 26.162598 -1.955691
v 1.234088 26.052013 -2.598059
v 1.578471 26.033966 -2.598059
v 1.922934 26.015913 -2.598059
v 2.180195 26.100063 -1.955691
v -1.827879 17.419964 -0.814548
v -1.229437 17.316025 -0.814548
v -0.503381 17.350912 -0.814548
v 0.222675 17.350912 -0.814548
v 0.754184 17.316025 -0.814548
v -1.359662 18.807243 -1.088180
v -0.640263 18.769541 -1.088180
v 0.342401 18.718044 -1.088180
v 1.325136 18.666540 -1.088180
v 2.044533 18.628838 -1.088180
v -0.886613 20.737341 -1.488096
v -0.269827 20.705017 -1.488096
v 0.572707 20.660860 -1.488096
v 1.415240 20.616707 -1.488096
v 2.032073 20.584377 -1.488096
v -0.243210 23.333326 -2.026055
v 0.107626 23.314939 -2.026055
v 0.586832 23.289824 -2.026055
v 1.066069 23.264709 -2.026055
v 1.416935 23.246321 -2.026055
v 0.070046 24.248949 -2.216725
v 0.614355 24.220421 -2.216725
v 1.357708 24.181463 -2.216725
v 2.101231 24.142496 -2.216725
v 2.645540 24.113974 -2.216725
v 0.308185 25.201803 -2.414204
v 0.825281 25.174702 -2.414204
v 1.531464 25.137693 -2.414204
v 2.237803 25.100676 -2.414204
v 2.754899 25.073576 -2.414204
v 1.234088 26.052013 -2.598059
v 1.578471 26.033966 -2.598059
v 1.922934 26.015913 -2.598059
v -0.484216 16.592426 0.546873
v -0.371015 19.856146 0.184501
v -0.523365 16.596882 0.632536
v -0.392850 19.910412 0.269570
v -0.601665 16.596867 0.632230
v -0.455802 20.000792 0.265512
v -0.640814 16.592396 0.546262
v -0.496923 20.036909 0.176388
v -0.601665 16.587936 0.460597
v -0.475093 19.982632 0.091321
v -0.523365 16.587952 0.460904
v -0.412138 19.892262 0.095378
v -0.433968 19.946537 0.180445
v -0.562515 16.592407 0.546567
v -0.125989 16.592995 0.557071
v 0.035131 21.110796 -0.066464
v -0.165145 16.597458 0.642889
v 0.016837 21.167360 0.018561
v -0.243456 16.597458 0.642887
v -0.040620 21.264753 0.014316
v -0.282611 16.592995 0.557071
v -0.079784 21.305588 -0.074955
v -0.243456 16.588528 0.471254
v -0.061488 21.249033 -0.159981
v -0.165145 16.588528 0.471255
v -0.004031 21.151640 -0.155736
v -0.022327 21.208193 -0.070710
v -0.204300 16.592995 0.557072
v 0.262872 16.593105 0.554952
v 0.342520 22.297537 -0.337283
v 0.233039 16.593941 0.620936
v 0.333037 22.358801 -0.275594
v 0.173373 16.593941 0.620936
v 0.297200 22.477571 -0.286191
v 0.143541 16.593105 0.554952
v 0.270843 22.535078 -0.358475
v 0.173373 16.592274 0.488967
v 0.280323 22.473810 -0.420164
v 0.233039 16.592274 0.488967
v 0.316162 22.355038 -0.409568
v 0.306681 22.416309 -0.347879
v 0.203206 16.593105 0.554952
v 0.619750 16.593716 0.550576
v 0.732686 23.594473 -0.615615
v 0.593646 16.594452 0.608296
v 0.722801 23.646900 -0.561530
v 0.541439 16.594452 0.608265
v 0.688788 23.746887 -0.570446
v 0.515336 16.593716 0.550514
v 0.664653 23.794445 -0.633447
v 0.541439 16.592987 0.492793
v 0.674531 23.742002 -0.687532
v 0.593646 16.592987 0.492825
v 0.708550 23.642025 -0.678616
v 0.698667 23.694452 -0.624531
v 0.567543 16.593716 0.550545
v 0.944830 16.593716 0.550576
v 1.077232 24.905334 -0.899957
v 0.918727 16.594452 0.608296
v 1.067348 24.957762 -0.845872
v 0.866520 16.594452 0.608265
v 1.033335 25.057762 -0.854788
v 0.840416 16.593716 0.550514
v 1.009200 25.105307 -0.917789
v 0.866520 16.592987 0.492793
v 1.019078 25.052868 -0.971874
v 0.918727 16.592987 0.492825
v 1.053096 24.952887 -0.962958
v 1.043214 25.005323 -0.908873
v 0.892623 16.593716 0.550545
v -0.848186 16.592426 0.546873
v -0.721834 18.554323 0.485562
v -0.887336 16.596882 0.632536
v -0.743669 18.608574 0.570630
v -0.965635 16.596867 0.632230
v -0.806620 18.698959 0.566573
v -1.004784 16.592396 0.546262
v -0.847742 18.735077 0.477449
v -0.965635 16.587936 0.460597
v -0.825911 18.680807 0.392382
v -0.887336 16.587952 0.460904
v -0.762957 18.590425 0.396438
v -0.784788 18.644691 0.481506
v -0.926485 16.592407 0.546567
v 7.374027 -19.299126 0.046133
v 7.114779 -19.299126 0.230608
v 7.076530 -19.299126 0.562108
v 7.244161 -19.691067 0.046133
v 7.034425 -19.541632 0.230608
v 7.003479 -19.519590 0.562109
v 6.904163 -19.933292 0.046134
v 6.824051 -19.691513 0.230608
v 6.812233 -19.655838 0.562109
v 6.483904 -19.933292 0.046134
v 6.564017 -19.691513 0.230608
v 6.575835 -19.655838 0.562109
v 6.143909 -19.691067 0.046133
v 6.353643 -19.541632 0.230608
v 6.384589 -19.519590 0.562109
v 6.014040 -19.299126 0.046133
v 6.273288 -19.299126 0.230608
v 6.311537 -19.299126 0.562108
v 6.143909 -18.907181 0.046133
v 6.353643 -19.056612 0.230608
v 6.384589 -19.078653 0.562108
v 6.483904 -18.664951 0.046133
v 6.564017 -18.906725 0.230608
v 6.575835 -18.942400 0.562108
v 6.904163 -18.664951 0.046133
v 6.824051 -18.906725 0.230608
v 6.812233 -18.942400 0.562108
v 7.244161 -18.907181 0.046133
v 7.034425 -19.056612 0.230608
v 7.003479 -19.078653 0.562108
v 6.694034 -19.299126 0.562108
v 5.638794 -17.820599 0.046133
v 5.379547 -17.820599 0.230608
v 5.341297 -17.820599 0.562108
v 5.508927 -18.212540 0.046133
v 5.299191 -18.063112 0.230608
v 5.268246 -18.041063 0.562108
v 5.168931 -18.454765 0.046133
v 5.088819 -18.212990 0.230608
v 5.076999 -18.177320 0.562108
v 4.748672 -18.454765 0.046133
v 4.828783 -18.212990 0.230608
v 4.840602 -18.177320 0.562108
v 4.408675 -18.212540 0.046133
v 4.618410 -18.063112 0.230608
v 4.649354 -18.041063 0.562108
v 4.278808 -17.820599 0.046133
v 4.538055 -17.820599 0.230608
v 4.576304 -17.820599 0.562108
v 4.408675 -17.428658 0.046133
v 4.618410 -17.578085 0.230608
v 4.649354 -17.600130 0.562108
v 4.748672 -17.186428 0.046133
v 4.828783 -17.428202 0.230608
v 4.840602 -17.463873 0.562108
v 5.168931 -17.186428 0.046133
v 5.088819 -17.428202 0.230608
v 5.076999 -17.463873 0.562108
v 5.508927 -17.428658 0.046133
v 5.299191 -17.578085 0.230608
v 5.268246 -17.600130 0.562108
v 4.958801 -17.820599 0.562108
v 3.577569 -16.724197 0.046133
v 3.318320 -16.724197 0.230608
v 3.280071 -16.724197 0.562108
v 3.447700 -17.116138 0.046133
v 3.237965 -16.966715 0.230608
v 3.207020 -16.944662 0.562108
v 3.107704 -17.358374 0.046133
v 3.027593 -17.116589 0.230608
v 3.015772 -17.080923 0.562108
v 2.687446 -17.358374 0.046133
v 2.767557 -17.116589 0.230608
v 2.779376 -17.080923 0.562108
v 2.347448 -17.116138 0.046133
v 2.557184 -16.966715 0.230608
v 2.588128 -16.944662 0.562108
v 2.217581 -16.724197 0.046133
v 2.476828 -16.724197 0.230608
v 2.515078 -16.724197 0.562108
v 2.347448 -16.332256 0.046133
v 2.557184 -16.481684 0.230608
v 2.588128 -16.503729 0.562108
v 2.687446 -16.090027 0.046133
v 2.767557 -16.331806 0.230608
v 2.779376 -16.367476 0.562108
v 3.107704 -16.090027 0.046133
v 3.027593 -16.331806 0.230608
v 3.015772 -16.367476 0.562108
v 3.447700 -16.332256 0.046133
v 3.237965 -16.481684 0.230608
v 3.207020 -16.503729 0.562108
v 2.897574 -16.724197 0.562108
v -0.842692 -19.005894 0.134695
v -0.842692 -18.098648 0.533661
v -0.882294 -19.032269 0.216750
v -0.882294 -18.125019 0.615714
v -0.961498 -19.032269 0.216750
v -0.961498 -18.125019 0.615714
v -1.001100 -19.005894 0.134695
v -1.001100 -18.098648 0.533661
v -0.961498 -18.979515 0.052641
v -0.961498 -18.072269 0.451605
v -0.882294 -18.979515 0.052641
v -0.882294 -18.072269 0.451605
v -0.921895 -18.098648 0.533661
v -0.921895 -19.005894 0.134695
v -0.264348 -19.005894 0.134695
v -0.264348 -18.098648 0.533661
v -0.303950 -19.032269 0.216750
v -0.303950 -18.125019 0.615714
v -0.383154 -19.032269 0.216750
v -0.383154 -18.125019 0.615714
v -0.422756 -19.005894 0.134695
v -0.422756 -18.098648 0.533661
v -0.383154 -18.979515 0.052642
v -0.383154 -18.072269 0.451606
v -0.303950 -18.979515 0.052642
v -0.303950 -18.072269 0.451606
v -0.343552 -18.098648 0.533661
v -0.343552 -19.005894 0.134695
v 0.312916 -19.005901 0.134715
v 0.312916 -18.098640 0.533641
v 0.286515 -19.023602 0.189351
v 0.286515 -18.116344 0.588277
v 0.233712 -19.023602 0.189351
v 0.233712 -18.116344 0.588277
v 0.207311 -19.005901 0.134715
v 0.207311 -18.098640 0.533641
v 0.233712 -18.988194 0.080079
v 0.233712 -18.080936 0.479006
v 0.286515 -18.988194 0.080079
v 0.286515 -18.080936 0.479006
v 0.260113 -18.098640 0.533641
v 0.260113 -19.005901 0.134715
v 0.894926 -19.005901 0.134715
v 0.894926 -18.098640 0.533641
v 0.868525 -19.023602 0.189351
v 0.868525 -18.116344 0.588277
v 0.815722 -19.023602 0.189351
v 0.815722 -18.116344 0.588277
v 0.789321 -19.005901 0.134715
v 0.789321 -18.098640 0.533641
v 0.815722 -18.988194 0.080079
v 0.815722 -18.080936 0.479006
v 0.868525 -18.988194 0.080079
v 0.868525 -18.080936 0.479006
v 0.842123 -18.098640 0.533641
v 0.842123 -19.005901 0.134715
v 1.498720 -19.005901 0.134715
v 1.498720 -18.098640 0.533641
v 1.472319 -19.023602 0.189351
v 1.472319 -18.116344 0.588277
v 1.419516 -19.023602 0.189351
v 1.419516 -18.116344 0.588277
v 1.393115 -19.005901 0.134715
v 1.393115 -18.098640 0.533641
v 1.419516 -18.988194 0.080079
v 1.419516 -18.080936 0.479006
v 1.472319 -18.988194 0.080079
v 1.472319 -18.080936 0.479006
v 1.445917 -18.098640 0.533641
v 1.445917 -19.005901 0.134715
v -1.467522 -19.005894 0.134695
v -1.467522 -18.098648 0.533661
v -1.507124 -19.032269 0.216750
v -1.507124 -18.125019 0.615714
v -1.586329 -19.032269 0.216750
v -1.586329 -18.125019 0.615714
v -1.625931 -19.005894 0.134695
v -1.625931 -18.098648 0.533661
v -1.586329 -18.979515 0.052641
v -1.586329 -18.072269 0.451605
v -1.507124 -18.979515 0.052641
v -1.507124 -18.072269 0.451605
v -1.546726 -18.098648 0.533661
v -1.546726 -19.005894 0.134695
v -1.993861 -18.070847 0.486699
v -1.993861 -18.218708 0.486699
v 1.879190 -18.070847 0.486699
v 1.879190 -18.218708 0.486699
v 1.879190 -18.070847 0.065360
v 1.879190 -18.218708 0.065360
v -1.993861 -18.070847 0.065360
v -1.993861 -18.218708 0.065360
v -1.971299 -17.818546 0.185458
v -1.971299 -19.823013 0.185458
v 1.864311 -17.818546 0.185458
v 1.864311 -19.823013 0.185458
v 1.864311 -17.818546 0.065360
v 1.864311 -19.823013 0.065360
v -1.971299 -17.818546 0.065360
v -1.971299 -19.823013 0.065360
v 0.355425 21.757456 -1.820384
v 0.281210 22.223152 -0.220098
v 0.098830 21.577490 -1.789239
v 0.024621 22.043192 -0.188953
v -0.176060 21.714066 -1.841508
v -0.250275 22.179762 -0.241222
v -0.194363 22.030588 -1.924924
v -0.268582 22.496290 -0.324636
v 0.062233 22.210558 -1.956068
v -0.011979 22.676264 -0.355781
v 0.337123 22.073982 -1.903798
v 0.262912 22.539686 -0.303511
v -0.764373 17.981972 -1.033201
v -0.838589 18.447660 0.645518
v -1.020969 17.801996 -1.002055
v -1.095177 18.267702 0.676663
v -1.295859 17.938572 -1.054324
v -1.370073 18.404268 0.624394
v -1.314161 18.255100 -1.137739
v -1.388380 18.720797 0.540980
v -1.057565 18.435066 -1.168884
v -1.131777 18.900772 0.509835
v -0.782676 18.298494 -1.116614
v -0.856887 18.764194 0.562105
v -0.411608 19.272429 -1.316428
v -0.485823 19.738136 0.362290
v -0.668203 19.092464 -1.285283
v -0.742411 19.558178 0.393436
v -0.943093 19.229036 -1.337552
v -1.017307 19.694742 0.341166
v -0.961395 19.545576 -1.420967
v -1.035614 20.011267 0.257751
v -0.704800 19.725540 -1.452111
v -0.779011 20.191244 0.226606
v -0.429910 19.588968 -1.399842
v -0.504122 20.054661 0.278876
v 0.000849 20.542217 -1.609525
v -0.073367 21.007923 0.069193
v -0.255747 20.362255 -1.578380
v -0.329955 20.827965 0.100339
v -0.530637 20.498823 -1.630648
v -0.604851 20.964537 0.048069
v -0.548939 20.815367 -1.714064
v -0.623158 21.281057 -0.035345
v -0.292343 20.995331 -1.745208
v -0.366555 21.461031 -0.066490
v -0.017453 20.858755 -1.692937
v -0.091665 21.324457 -0.014220
v 0.757728 23.040337 -2.077757
v 0.683513 23.506037 -0.497078
v 0.501133 22.860378 -2.046613
v 0.426924 23.326077 -0.465933
v 0.226242 22.996943 -2.098882
v 0.152028 23.462648 -0.518203
v 0.207940 23.313478 -2.182296
v 0.133721 23.779173 -0.601617
v 0.464536 23.493446 -2.213441
v 0.390324 23.959145 -0.632761
v 0.739426 23.356867 -2.161171
v 0.665215 23.822578 -0.580492
v 1.097842 24.339462 -2.367048
v 1.023627 24.805155 -0.786370
v 0.841247 24.159489 -2.335904
v 0.767038 24.625193 -0.755224
v 0.566356 24.296066 -2.388172
v 0.492142 24.761763 -0.807494
v 0.548053 24.612593 -2.471587
v 0.473835 25.078291 -0.890909
v 0.804650 24.792557 -2.502732
v 0.730438 25.258257 -0.922053
v 1.079539 24.655981 -2.450462
v 1.005328 25.121683 -0.869783
v 0.281210 22.223152 -0.220098
v 0.024621 22.043192 -0.188953
v -0.250275 22.179762 -0.241222
v -0.268582 22.496290 -0.324636
v -0.011979 22.676264 -0.355781
v 0.262912 22.539686 -0.303511
v 0.006317 22.359722 -0.272367
v -0.838589 18.447660 0.645518
v -1.095177 18.267702 0.676663
v -1.370073 18.404268 0.624394
v -1.388380 18.720797 0.540980
v -1.131777 18.900772 0.509835
v -0.856887 18.764194 0.562105
v -1.113481 18.584232 0.593249
v -0.485823 19.738136 0.362290
v -0.742411 19.558178 0.393436
v -1.017307 19.694742 0.341166
v -1.035614 20.011267 0.257751
v -0.779011 20.191244 0.226606
v -0.504122 20.054661 0.278876
v -0.760715 19.874706 0.310021
v -0.073367 21.007923 0.069193
v -0.329955 20.827965 0.100339
v -0.604851 20.964537 0.048069
v -0.623158 21.281057 -0.035345
v -0.366555 21.461031 -0.066490
v -0.091665 21.324457 -0.014220
v -0.348259 21.144493 0.016924
v 0.683513 23.506037 -0.497078
v 0.426924 23.326077 -0.465933
v 0.152028 23.462648 -0.518203
v 0.133721 23.779173 -0.601617
v 0.390324 23.959145 -0.632761
v 0.665215 23.822578 -0.580492
v 0.408621 23.642612 -0.549348
v 1.023627 24.805155 -0.786370
v 0.767038 24.625193 -0.755224
v 0.492142 24.761763 -0.807494
v 0.473835 25.078291 -0.890909
v 0.730438 25.258257 -0.922053
v 1.005328 25.121683 -0.869783
v 0.748734 24.941725 -0.838639
v 0.355425 21.757456 -1.820384
v 0.098830 21.577490 -1.789239
v -0.176060 21.714066 -1.841508
v -0.194363 22.030588 -1.924924
v 0.062233 22.210558 -1.956068
v 0.337123 22.073982 -1.903798
v 0.080533 21.894032 -1.872654
v -0.764373 17.981972 -1.033201
v -1.020969 17.801996 -1.002055
v -1.295859 17.938572 -1.054324
v -1.314161 18.255100 -1.137739
v -1.057565 18.435066 -1.168884
v -0.782676 18.298494 -1.116614
v -1.039266 18.118536 -1.085470
v -0.411608 19.272429 -1.316428
v -0.668203 19.092464 -1.285283
v -0.943093 19.229036 -1.337552
v -0.961395 19.545576 -1.420967
v -0.704800 19.725540 -1.452111
v -0.429910 19.588968 -1.399842
v -0.686500 19.409006 -1.368697
v 0.000849 20.542217 -1.609525
v -0.255747 20.362255 -1.578380
v -0.530637 20.498823 -1.630648
v -0.548939 20.815367 -1.714064
v -0.292343 20.995331 -1.745208
v -0.017453 20.858755 -1.692937
v -0.274044 20.678791 -1.661794
v 0.757728 23.040337 -2.077757
v 0.501133 22.860378 -2.046613
v 0.226242 22.996943 -2.098882
v 0.207940 23.313478 -2.182296
v 0.464536 23.493446 -2.213441
v 0.739426 23.356867 -2.161171
v 0.482836 23.176907 -2.130027
v 1.097842 24.339462 -2.367048
v 0.841247 24.159489 -2.335904
v 0.566356 24.296066 -2.388172
v 0.548053 24.612593 -2.471587
v 0.804650 24.792557 -2.502732
v 1.079539 24.655981 -2.450462
v 0.822949 24.476023 -2.419318
v 7.153625 -5.913025 -1.527120
v 5.989746 -12.620850 -1.527119
v 6.963562 -15.252502 -1.527119
v 8.317688 -18.642761 -1.527119
v 8.578247 -21.075623 -1.527118
v 7.997314 -23.214600 -1.527118
v 6.273804 -24.952393 -1.527118
v 3.609985 -25.809692 -1.527118
v 0.501892 -25.938843 -1.527118
v -2.567017 -25.712280 -1.527118
v -4.801575 -25.161804 -1.527118
v -6.653931 -24.257629 -1.527118
v -8.051575 -22.718018 -1.527118
v -8.502380 -20.911011 -1.527118
v -8.501160 -19.129272 -1.527119
v -7.984375 -17.293701 -1.527119
v -6.360657 -13.743835 -1.527119
v -5.902832 -11.784668 -1.527119
v -6.053345 -10.100586 -1.527119
v -7.305359 -5.728088 -1.527120
v -6.968872 -2.219177 -1.527120
v -5.802490 -1.474365 -1.527120
v -3.774780 -5.237732 -1.527120
v -2.275085 -5.538391 -1.527120
v -1.418396 -4.648010 -1.527120
v 1.318298 -4.653564 -1.527120
v 1.512624 -7.660853 -1.527119
v 3.821275 -7.954260 -1.527119
v 5.437688 -4.927598 -1.527120
v 6.641541 -4.949707 -1.527120
v 6.579603 -6.322976 -2.193787
v 5.332111 -12.640019 -2.193786
v 6.208546 -15.328507 -2.193786
v 7.427260 -18.539740 -2.193786
v 7.661763 -20.729315 -2.193785
v 7.138923 -22.654394 -2.193785
v 5.587763 -24.218407 -2.193785
v 3.190327 -24.989977 -2.193785
v 0.393043 -25.106213 -2.193785
v -2.368975 -24.902306 -2.193785
v -4.380077 -24.406878 -2.193785
v -6.047197 -23.593121 -2.193785
v -7.305077 -22.207470 -2.193785
v -7.710802 -20.581165 -2.193785
v -7.709703 -18.977600 -2.193786
v -7.244597 -17.325586 -2.193786
v -5.783251 -13.908637 -2.193786
v -5.371209 -11.904007 -2.193786
v -5.506670 -10.284885 -2.193786
v -6.733483 -6.143889 -2.193787
v -6.675472 -2.749088 -2.193787
v -5.829176 -2.176459 -2.193787
v -3.869755 -5.772685 -2.193787
v -2.106237 -6.085806 -2.193787
v -1.335216 -5.184464 -2.193787
v 1.127809 -5.189462 -2.193787
v 1.410332 -8.160280 -2.193786
v 3.807194 -8.354667 -2.193786
v 5.545862 -5.558021 -2.193787
v 6.311016 -5.535990 -2.193787
v 7.153614 -5.913042 -0.693779
v 6.579592 -6.322993 0.056222
v 5.989719 -12.620832 -0.693778
v 5.332088 -12.640003 0.056223
v 6.963564 -15.252496 -0.693778
v 6.208548 -15.328501 0.056223
v 8.317676 -18.642786 -0.693778
v 7.427248 -18.539762 0.056223
v 8.578247 -21.075634 -0.693777
v 7.661763 -20.729326 0.056224
v 7.997305 -23.214626 -0.693777
v 7.138916 -22.654417 0.056224
v 6.273826 -24.952417 -0.693777
v 5.587783 -24.218430 0.056224
v 3.610000 -25.809666 -0.693777
v 3.190340 -24.989954 0.056224
v 0.501908 -25.938829 -0.693777
v 0.393057 -25.106201 -0.068776
v -2.567008 -25.712255 -0.818777
v -2.368967 -24.902285 -0.318776
v -4.801585 -25.161810 -1.068777
v -4.380086 -24.406883 -0.568776
v -6.653904 -24.257639 -1.068777
v -6.047174 -23.593130 -0.568776
v -8.051569 -22.718039 -1.068777
v -7.305072 -22.207489 -0.568776
v -8.502410 -20.911003 -1.068777
v -7.710829 -20.581158 -0.568776
v -8.501146 -19.129255 -0.943778
v -7.709692 -18.977585 -0.568777
v -7.984349 -17.293732 -0.693778
v -7.244574 -17.325613 -0.318777
v -6.360645 -13.743821 -0.693778
v -5.783240 -13.908624 -0.068777
v -5.902847 -11.784691 -0.693778
v -5.371222 -11.904027 0.056223
v -6.053319 -10.100595 -0.693778
v -5.506647 -10.284894 0.056223
v -7.305382 -5.728065 -0.693779
v -6.733504 -6.143868 0.056222
v -6.968858 -2.219184 -0.693779
v -6.675459 -2.749095 0.056222
v -5.802485 -1.474381 -0.693779
v -5.829171 -2.176472 0.056222
v -3.774768 -5.237707 -0.693779
v -3.869744 -5.772663 0.056222
v -2.275061 -5.538380 -0.693779
v -2.106215 -6.085796 0.056222
v -1.418414 -4.647982 -0.693779
v -1.335233 -5.184439 0.056222
v 1.318300 -4.653563 -0.693779
v 1.127810 -5.189461 0.056222
v 1.512622 -7.660883 -0.693778
v 1.410330 -8.160308 0.056223
v 3.821247 -7.954241 -0.693778
v 3.807168 -8.354650 0.056223
v 5.437667 -4.927625 -0.693779
v 5.545843 -5.558045 0.056222
v 6.641525 -4.949680 -0.693779
v 6.311002 -5.535967 0.056222
v 7.153614 -5.913042 -0.693779
v 5.989719 -12.620832 -0.693778
v 6.963564 -15.252496 -0.693778
v 8.317676 -18.642786 -0.693778
v 8.578247 -21.075634 -0.693777
v 7.997305 -23.214626 -0.693777
v 6.273826 -24.952417 -0.693777
v 3.610000 -25.809666 -0.693777
v 0.501908 -25.938829 -0.693777
v -2.567008 -25.712255 -0.818777
v -4.801585 -25.161810 -1.068777
v -6.653904 -24.257639 -1.068777
v -8.051569 -22.718039 -1.068777
v -8.502410 -20.911003 -1.068777
v -8.501146 -19.129255 -0.943778
v -7.984349 -17.293732 -0.693778
v -6.360645 -13.743821 -0.693778
v -5.902847 -11.784691 -0.693778
v -6.053319 -10.100595 -0.693778
v -7.305382 -5.728065 -0.693779
v -6.968858 -2.219184 -0.693779
v -5.802485 -1.474381 -0.693779
v -3.774768 -5.237707 -0.693779
v -2.275061 -5.538380 -0.693779
v -1.418414 -4.647982 -0.693779
v 1.318300 -4.653563 -0.693779
v 1.512622 -7.660883 -0.693778
v 3.821247 -7.954241 -0.693778
v 5.437667 -4.927625 -0.693779
v 6.641525 -4.949680 -0.693779
v 7.153625 -5.913025 -1.527120
v 5.989746 -12.620850 -1.527119
v 6.963562 -15.252502 -1.527119
v 8.317688 -18.642761 -1.527119
v 8.578247 -21.075623 -1.527118
v 7.997314 -23.214600 -1.527118
v 6.273804 -24.952393 -1.527118
v 3.609985 -25.809692 -1.527118
v 0.501892 -25.938843 -1.527118
v -2.567017 -25.712280 -1.527118
v -4.801575 -25.161804 -1.527118
v -6.653931 -24.257629 -1.527118
v -8.051575 -22.718018 -1.527118
v -8.502380 -20.911011 -1.527118
v -8.501160 -19.129272 -1.527119
v -7.984375 -17.293701 -1.527119
v -6.360657 -13.743835 -1.527119
v -5.902832 -11.784668 -1.527119
v -6.053345 -10.100586 -1.527119
v -7.305359 -5.728088 -1.527120
v -6.968872 -2.219177 -1.527120
v -5.802490 -1.474365 -1.527120
v -3.774780 -5.237732 -1.527120
v -2.275085 -5.538391 -1.527120
v -1.418396 -4.648010 -1.527120
v 1.318298 -4.653564 -1.527120
v 1.512624 -7.660853 -1.527119
v 3.821275 -7.954260 -1.527119
v 5.437688 -4.927598 -1.527120
v 6.641541 -4.949707 -1.527120
vn 0.0105 0.2004 0.9797
vn 0.0097 0.1970 0.9804
vn 0.0104 0.1988 0.9800
vn 0.0076 0.1964 0.9805
vn 0.0066 0.2052 0.9787
vn 0.0029 0.1453 0.9894
vn 0.0003 0.0777 0.9970
vn -0.0000 -0.0001 1.0000
vn -0.6633 0.6702 0.3330
vn -0.4099 -0.4058 0.8169
vn 0.4080 0.4151 0.8132
vn 0.6714 -0.6600 0.3371
vn 0.7011 0.7131 -0.0000
vn 0.7131 -0.7011 -0.0000
vn -0.7034 0.7108 -0.0000
vn -0.7108 -0.7034 -0.0000
vn -0.0000 -0.0000 -1.0000
vn -0.6139 0.5767 0.5391
vn -0.3658 -0.3338 0.8688
vn 0.3644 0.3436 0.8655
vn 0.6205 -0.5639 0.5449
vn 0.7013 0.6619 0.2647
vn 0.7125 -0.6480 0.2691
vn -0.7025 0.6604 0.2654
vn -0.7114 -0.6495 0.2685
vn -0.6139 0.5767 0.5390
vn 0.6205 -0.5640 0.5449
vn -0.7025 0.6604 0.2653
vn -0.7025 0.6603 0.2653
vn -0.6139 0.5766 0.5391
vn -0.3658 -0.3337 0.8688
vn -0.7113 -0.6495 0.2685
vn 0.7013 0.6618 0.2647
vn -0.7113 -0.6496 0.2685
vn 0.3644 0.3437 0.8655
vn -0.7025 0.6603 0.2654
vn -0.0000 -0.0000 1.0000
vn -0.0184 -0.0136 0.9997
vn -0.0219 -0.0068 0.9997
vn -0.0676 -0.0144 0.9976
vn -0.1082 -0.0107 0.9941
vn -0.0758 -0.0304 0.9967
vn -0.0357 -0.0477 0.9982
vn -0.0565 -0.0289 0.9980
vn -0.0738 -0.0084 0.9972
vn -0.0431 -0.0742 0.9963
vn -0.0197 -0.1035 0.9944
vn -0.0330 -0.0572 0.9978
vn -0.0163 -0.0278 0.9995
vn 1.0000 -0.0000 -0.0000
vn 0.8660 -0.5000 -0.0000
vn 0.5000 -0.8660 -0.0000
vn 0.1738 -0.9848 -0.0000
vn 0.0869 -0.9962 -0.0000
vn -0.1305 -0.9914 -0.0000
vn -0.5000 -0.8660 -0.0000
vn -0.8660 -0.5000 -0.0000
vn -1.0000 -0.0000 -0.0000
vn -0.8660 0.5000 -0.0000
vn -0.5000 0.8660 -0.0000
vn -0.1738 0.9848 -0.0000
vn -0.0869 0.9962 -0.0000
vn 0.1306 0.9914 -0.0000
vn 0.5000 0.8660 -0.0000
vn 0.8660 0.5000 -0.0000
vn 0.9816 -0.1908 -0.0000
vn 0.7547 -0.6560 -0.0000
vn 0.3256 -0.9455 -0.0000
vn -0.0173 -0.9998 -0.0000
vn -0.1048 -0.9945 -0.0000
vn -0.3173 -0.9483 -0.0000
vn -0.6561 -0.7547 -0.0000
vn -0.9455 -0.3256 -0.0000
vn -0.9816 0.1908 -0.0000
vn -0.7547 0.6561 -0.0000
vn -0.3256 0.9455 -0.0000
vn 0.0173 0.9999 -0.0000
vn 0.1047 0.9945 -0.0000
vn 0.3173 0.9483 -0.0000
vn 0.6561 0.7547 -0.0000
vn 0.9455 0.3256 -0.0000
vn -0.7082 -0.7047 0.0422
vn -0.7901 -0.4482 -0.4181
vn 0.0006 -1.0000 -0.0006
vn -0.3864 0.8911 -0.2378
vn 0.0517 0.9873 -0.1500
vn -0.4519 0.8533 -0.2600
vn -0.8212 -0.5391 -0.1873
vn -0.5745 -0.6635 -0.4792
vn -0.3835 -0.7102 -0.5904
vn -0.2040 0.9486 -0.2418
vn -0.4321 -0.3077 -0.8477
vn -0.0000 -0.4407 -0.8976
vn 0.0040 -0.2333 -0.9724
vn 0.3913 -0.7118 -0.5833
vn 0.3021 0.9221 -0.2418
vn 0.4508 -0.2638 -0.8528
vn 0.7862 -0.4393 -0.4346
vn 0.4454 0.8568 -0.2599
vn 0.8577 -0.2093 -0.4696
vn 0.7085 -0.7012 -0.0804
vn 0.6001 0.7630 -0.2405
vn 0.9320 0.0348 -0.3609
vn -0.5966 -0.7656 -0.2406
vn -0.9680 -0.1365 -0.2107
vn -0.1543 -0.8418 -0.5173
vn -0.0762 -0.4401 -0.8947
vn 0.0789 -0.4043 -0.9112
vn 0.6301 -0.6993 -0.3375
vn 0.9109 -0.3427 -0.2299
vn -0.9359 0.2295 -0.2672
vn -0.9429 0.2097 -0.2588
vn 0.8425 -0.5228 -0.1300
vn 0.9404 -0.2753 -0.1995
vn -0.9507 0.1893 -0.2455
vn -0.9552 0.2113 -0.2074
vn 0.9695 0.0463 -0.2407
vn 0.9706 0.1199 -0.2086
vn -0.9535 0.2406 -0.1812
vn -0.9533 0.2471 -0.1739
vn 0.9752 -0.1709 -0.1410
vn 0.8219 -0.5679 -0.0445
vn -0.9533 0.2315 -0.1939
vn -0.9565 0.2035 -0.2090
vn 0.7628 -0.6448 -0.0488
vn 0.9095 -0.3964 -0.1253
vn -0.8605 0.4362 -0.2632
vn -0.8339 0.4953 -0.2436
vn 0.9746 0.0907 -0.2048
vn 0.8720 0.4041 -0.2761
vn -0.0135 -0.1910 -0.9815
vn -0.0100 -0.1855 -0.9826
vn -0.0200 -0.1817 -0.9831
vn -0.0103 -0.1969 -0.9804
vn -0.0069 -0.1958 -0.9806
vn -0.0001 -0.1987 -0.9801
vn -0.0089 -0.1983 -0.9801
vn -0.0076 -0.1970 -0.9804
vn -0.0111 -0.1961 -0.9805
vn -0.0126 -0.1921 -0.9813
vn -0.0105 -0.2004 -0.9797
vn 0.6615 -0.7489 0.0396
vn 0.5125 -0.4657 0.7214
vn -0.0000 -0.9986 0.0520
vn 0.9798 0.1790 -0.0889
vn 0.8146 0.5607 -0.1486
vn 0.8669 0.3930 0.3066
vn -0.3617 -0.7157 0.5974
vn -0.0296 0.5086 0.8605
vn -0.8932 -0.4443 0.0699
vn -0.1838 0.9791 -0.0866
vn -0.3424 -0.7996 -0.4934
vn -0.1070 0.2925 -0.9503
vn 0.4287 -0.5915 -0.6829
vn 0.7773 0.2990 -0.5536
vn 0.6615 -0.7489 0.0397
vn 0.5349 -0.4533 0.7130
vn 0.9841 0.1514 -0.0927
vn 0.8547 0.4978 -0.1472
vn 0.8919 0.3513 0.2847
vn -0.3641 -0.7095 0.6034
vn 0.0180 0.4981 0.8670
vn -0.8946 -0.4402 0.0769
vn -0.1438 0.9873 -0.0680
vn -0.3404 -0.8046 -0.4866
vn -0.1076 0.2409 -0.9646
vn 0.4134 -0.6092 -0.6767
vn 0.7946 0.2504 -0.5530
vn 0.6684 -0.7438 0.0097
vn 0.5703 -0.4463 0.6896
vn -0.0000 -0.9999 0.0126
vn 0.9928 0.0807 -0.0885
vn 0.9526 0.2760 -0.1277
vn 0.9411 0.2143 0.2615
vn -0.3720 -0.7225 0.5828
vn 0.1044 0.3731 0.9219
vn -0.8900 -0.4512 0.0649
vn 0.0038 0.9999 -0.0129
vn -0.3313 -0.8001 -0.5001
vn -0.0710 0.0727 -0.9948
vn 0.4038 -0.6108 -0.6811
vn 0.8458 0.1065 -0.5227
vn 0.6684 -0.7437 0.0097
vn 0.5701 -0.4389 0.6945
vn -0.0000 -0.9999 0.0127
vn 0.9919 0.0916 -0.0876
vn 0.9424 0.3092 -0.1276
vn 0.9336 0.2383 0.2675
vn -0.3739 -0.7199 0.5848
vn 0.0997 0.4015 0.9104
vn -0.8896 -0.4524 0.0633
vn -0.0102 0.9997 -0.0213
vn -0.3299 -0.8022 -0.4976
vn -0.0777 0.0854 -0.9933
vn 0.3983 -0.6155 -0.6801
vn 0.8391 0.1229 -0.5299
vn 0.5761 -0.4340 0.6927
vn 0.9344 0.2393 0.2638
vn -0.3750 -0.7182 0.5862
vn 0.1074 0.4077 0.9068
vn -0.8896 -0.4524 0.0634
vn -0.0092 0.9998 -0.0162
vn -0.3288 -0.8040 -0.4956
vn -0.0852 0.0785 -0.9933
vn 0.3929 -0.6205 -0.6787
vn 0.8379 0.1205 -0.5324
vn 0.6514 -0.7577 0.0397
vn 0.4693 -0.5193 0.7142
vn 0.9832 0.1625 -0.0831
vn 0.8674 0.3695 0.3333
vn -0.3534 -0.7293 0.5859
vn -0.0671 0.4652 0.8827
vn -0.9026 -0.4258 0.0630
vn -0.1710 0.9795 -0.1067
vn -0.3553 -0.7793 -0.5161
vn -0.0666 0.3612 -0.9301
vn 0.4600 -0.5558 -0.6924
vn 0.7835 0.3141 -0.5362
vn 0.8401 -0.0000 0.5424
vn 0.5220 -0.3853 0.7610
vn 0.5798 -0.0000 0.8148
vn 0.8572 -0.0000 0.5150
vn 0.6904 -0.5101 0.5131
vn 0.4683 -0.3463 0.8129
vn 0.2563 -0.8016 0.5401
vn 0.1783 -0.5588 0.8099
vn 0.2617 -0.8194 0.5100
vn -0.1980 -0.6191 0.7600
vn -0.2618 -0.8194 0.5100
vn -0.1785 -0.5588 0.8099
vn -0.6764 -0.4993 0.5415
vn -0.4683 -0.3463 0.8129
vn -0.6903 -0.5101 0.5131
vn -0.6481 -0.0000 0.7616
vn -0.8572 -0.0000 0.5150
vn -0.5798 -0.0000 0.8148
vn -0.6764 0.4993 0.5415
vn -0.4682 0.3463 0.8129
vn -0.6903 0.5101 0.5131
vn -0.1980 0.6191 0.7600
vn -0.2618 0.8194 0.5100
vn -0.1785 0.5588 0.8099
vn 0.2564 0.8016 0.5401
vn 0.1784 0.5588 0.8099
vn 0.2617 0.8194 0.5100
vn 0.5220 0.3853 0.7610
vn 0.6904 0.5100 0.5131
vn 0.4682 0.3464 0.8129
vn 0.8401 -0.0001 0.5424
vn 0.4682 -0.3464 0.8129
vn 0.2563 -0.8016 0.5400
vn 0.1782 -0.5589 0.8099
vn -0.4682 -0.3464 0.8129
vn -0.4683 0.3462 0.8129
vn -0.1786 0.5587 0.8099
vn 0.2564 0.8016 0.5400
vn 0.1783 0.5589 0.8099
vn -0.1783 -0.5588 0.8099
vn -0.4682 0.3464 0.8129
vn -0.1784 0.5588 0.8099
vn 0.6723 -0.7047 -0.2266
vn 0.4466 -0.7495 0.4887
vn -0.0000 -0.9520 -0.3060
vn 0.8758 0.4595 0.1477
vn -0.0000 0.9520 0.3060
vn 0.3631 0.5328 0.7644
vn -0.3333 -0.9084 0.2524
vn -0.4821 0.2022 0.8525
vn -0.8758 -0.4595 -0.1477
vn -0.6723 0.7047 0.2266
vn -0.3631 -0.5327 -0.7644
vn -0.4466 0.7495 -0.4886
vn 0.4821 -0.2022 -0.8525
vn 0.3333 0.9084 -0.2524
vn 0.6724 -0.7047 -0.2266
vn 0.3631 0.5327 0.7644
vn 0.6723 -0.7042 -0.2282
vn 0.4466 -0.7495 0.4886
vn -0.0000 -0.9513 -0.3082
vn 0.8758 0.4591 0.1488
vn -0.0000 0.9513 0.3083
vn 0.3627 0.5316 0.7654
vn -0.3336 -0.9087 0.2511
vn -0.8758 -0.4591 -0.1488
vn -0.6723 0.7042 0.2282
vn -0.3627 -0.5315 -0.7654
vn -0.4466 0.7495 -0.4887
vn 0.3336 0.9087 -0.2510
vn -0.0000 -0.9513 -0.3083
vn 0.8758 0.4592 0.1488
vn -0.6723 0.7047 0.2265
vn 0.4820 -0.2023 -0.8525
vn -0.6666 0.6666 0.3336
vn -0.4084 -0.4084 0.8164
vn 0.4084 0.4084 0.8164
vn 0.6666 -0.6666 0.3336
vn 0.7071 0.7071 -0.0000
vn 0.7071 -0.7071 -0.0000
vn -0.7071 0.7071 -0.0000
vn -0.7071 -0.7071 -0.0000
vn -0.6666 0.6666 0.3335
vn -0.4084 -0.4084 0.8163
vn 0.4084 0.4084 0.8163
vn 0.6666 -0.6666 0.3335
vn 0.8992 -0.4072 0.1602
vn 0.0636 -0.9574 0.2816
vn -0.8415 -0.5280 0.1146
vn -0.8414 -0.5281 0.1147
vn -0.8992 0.4072 -0.1602
vn -0.0636 0.9574 -0.2816
vn 0.8415 0.5279 -0.1146
vn 0.8415 0.5280 -0.1146
vn 0.8996 -0.4090 0.1532
vn 0.0643 -0.9609 0.2694
vn -0.8413 -0.5294 0.1097
vn -0.8412 -0.5295 0.1097
vn -0.8996 0.4090 -0.1532
vn -0.0643 0.9609 -0.2694
vn 0.8413 0.5294 -0.1097
vn 0.8413 0.5293 -0.1097
vn -0.0642 0.9609 -0.2694
vn 0.8414 0.5292 -0.1096
vn 0.8412 0.5295 -0.1097
vn -0.8413 -0.5293 0.1097
vn 0.8991 -0.4067 0.1620
vn 0.0634 -0.9565 0.2848
vn -0.8416 -0.5276 0.1159
vn -0.8415 -0.5276 0.1159
vn -0.8991 0.4067 -0.1620
vn -0.0634 0.9565 -0.2848
vn 0.8416 0.5275 -0.1159
vn 0.8415 0.5276 -0.1159
vn -0.0633 0.9565 -0.2848
vn 0.8416 0.5276 -0.1159
vn -0.0589 0.2512 0.9661
vn 0.0589 -0.2512 -0.9661
vn 0.7338 -0.0169 -0.6792
vn 0.7276 0.1529 -0.6688
vn 0.7418 -0.0079 -0.6706
vn 0.6871 0.1088 -0.7184
vn 0.6497 0.2372 -0.7222
vn 0.6211 0.2285 -0.7497
vn 0.6122 0.1815 -0.7696
vn 0.6039 0.1194 -0.7881
vn 0.5867 -0.0063 -0.8098
vn 0.5672 -0.0775 -0.8200
vn 0.4985 -0.2306 -0.8356
vn 0.4475 -0.3118 -0.8382
vn 0.3250 -0.4512 -0.8312
vn 0.2539 -0.5095 -0.8222
vn 0.1298 -0.5848 -0.8007
vn 0.0779 -0.6047 -0.7926
vn 0.0018 -0.6249 -0.7807
vn -0.0223 -0.6266 -0.7790
vn -0.0808 -0.6216 -0.7792
vn -0.1152 -0.6143 -0.7806
vn -0.1893 -0.5885 -0.7861
vn -0.2290 -0.5694 -0.7895
vn -0.3280 -0.5028 -0.7997
vn -0.3863 -0.4532 -0.8033
vn -0.4995 -0.3205 -0.8048
vn -0.5526 -0.2358 -0.7994
vn -0.6163 -0.0999 -0.7812
vn -0.6312 -0.0497 -0.7740
vn -0.6499 0.0619 -0.7575
vn -0.6530 0.1233 -0.7472
vn -0.6479 0.2196 -0.7294
vn -0.6589 0.2562 -0.7072
vn -0.6829 0.2514 -0.6859
vn -0.7245 0.2066 -0.6576
vn -0.7612 0.0855 -0.6429
vn -0.7794 0.0069 -0.6265
vn -0.7854 -0.1203 -0.6072
vn -0.7926 -0.1767 -0.5836
vn -0.7841 -0.1323 -0.6064
vn -0.8316 -0.0518 -0.5529
vn -0.7329 0.2549 -0.6308
vn -0.6286 0.4600 -0.6271
vn -0.0199 0.6827 -0.7305
vn 0.4645 0.6060 -0.6458
vn 0.6078 0.5700 -0.5529
vn 0.3822 0.7007 -0.6024
vn -0.1017 0.7477 -0.6562
vn -0.3891 0.6788 -0.6228
vn -0.4282 0.6619 -0.6152
vn -0.2271 0.7447 -0.6276
vn 0.3875 0.6613 -0.6423
vn 0.7893 0.3839 -0.4792
vn 0.8058 0.3766 -0.4570
vn 0.4618 0.7022 -0.5419
vn -0.2628 0.8068 -0.5292
vn -0.5651 0.6616 -0.4928
vn -0.5773 0.6045 -0.5490
vn -0.2602 0.6919 -0.6734
vn 0.2382 0.6599 -0.7126
vn 0.4776 0.4869 -0.7313
vn 0.7615 0.1041 0.6397
vn 0.7732 0.0829 0.6287
vn 0.7579 0.0499 0.6505
vn 0.7505 0.0458 0.6593
vn 0.6768 0.2489 0.6929
vn 0.6679 0.2570 0.6984
vn 0.6535 0.1627 0.7392
vn 0.6468 0.1570 0.7463
vn 0.6223 -0.0455 0.7815
vn 0.6223 -0.0456 0.7815
vn 0.5128 -0.2941 0.8066
vn 0.5129 -0.2940 0.8066
vn 0.3134 -0.5194 0.7950
vn 0.1030 -0.6248 0.7740
vn 0.0957 -0.6448 0.7583
vn -0.0431 -0.5978 0.8005
vn -0.0261 -0.6023 0.7978
vn -0.1564 -0.5107 0.8454
vn -0.1687 -0.4876 0.8566
vn -0.2178 -0.4573 0.8622
vn -0.2151 -0.4529 0.8652
vn -0.2916 -0.3907 0.8731
vn -0.4301 -0.2270 0.8738
vn -0.4300 -0.2270 0.8738
vn -0.4855 -0.0774 0.8708
vn -0.5146 -0.0614 0.8552
vn -0.4587 -0.0183 0.8884
vn -0.4228 -0.0330 0.9056
vn -0.5043 0.1058 0.8570
vn -0.4493 0.0589 0.8914
vn -0.6628 0.1828 0.7262
vn -0.6827 0.2336 0.6923
vn -0.7905 0.0380 0.6113
vn -0.8132 0.0298 0.5812
vn -0.8227 -0.1557 0.5467
vn -0.8161 -0.1532 0.5572
vn -0.8474 -0.0960 0.5223
vn -0.8201 -0.1177 0.5601
vn -0.6932 0.3833 0.6104
vn -0.7189 0.4033 0.5662
vn 0.2353 0.7046 0.6695
vn 0.2233 0.7076 0.6704
vn 0.5133 0.6685 0.5382
vn 0.5199 0.6629 0.5387
vn -0.2630 0.7553 0.6003
vn -0.2713 0.7473 0.6065
vn -0.3350 0.7376 0.5863
vn -0.3303 0.7500 0.5731
vn 0.6235 0.5743 0.5305
vn 0.6001 0.5709 0.5603
vn 0.6605 0.5817 0.4747
vn 0.6864 0.5586 0.4656
vn -0.4117 0.7583 0.5055
vn -0.4310 0.7994 0.4187
vn -0.4527 0.6986 0.5541
vn -0.4282 0.6604 0.6169
vn 0.3957 0.6035 0.6923
vn 0.4360 0.6057 0.6656
vn 0.9990 0.0448 -0.0000
vn 0.9632 0.2686 0.0001
vn 1.0000 0.0019 -0.0000
vn 0.9837 0.1797 -0.0000
vn 0.9349 0.3550 -0.0000
vn 0.9318 0.3629 -0.0000
vn 0.9585 0.2851 -0.0000
vn 0.9806 0.1963 -0.0000
vn 0.9999 -0.0167 -0.0000
vn 0.9900 -0.1414 -0.0000
vn 0.9066 -0.4219 -0.0000
vn 0.8191 -0.5737 -0.0000
vn 0.5903 -0.8072 -0.0000
vn 0.4523 -0.8919 -0.0000
vn 0.2199 -0.9755 -0.0000
vn 0.1308 -0.9914 -0.0000
vn 0.0031 -1.0000 -0.0000
vn -0.0353 -0.9994 -0.0000
vn -0.1292 -0.9916 -0.0000
vn -0.1846 -0.9828 -0.0000
vn -0.3072 -0.9516 -0.0000
vn -0.3740 -0.9274 -0.0000
vn -0.5480 -0.8365 -0.0000
vn -0.6502 -0.7598 -0.0000
vn -0.8395 -0.5433 -0.0000
vn -0.9182 -0.3960 -0.0001
vn -0.9868 -0.1622 -0.0000
vn -0.9967 -0.0808 -0.0000
vn -0.9958 0.0916 -0.0000
vn -0.9832 0.1824 -0.0000
vn -0.9474 0.3202 -0.0000
vn -0.9296 0.3686 -0.0000
vn -0.9350 0.3547 -0.0000
vn -0.9565 0.2917 -0.0000
vn -0.9924 0.1234 -0.0000
vn -0.9999 0.0167 -0.0000
vn -0.9884 -0.1517 -0.0000
vn -0.9768 -0.2140 -0.0000
vn -0.9881 -0.1541 -0.0000
vn -0.9996 -0.0286 -0.0000
vn -0.9256 0.3786 -0.0000
vn -0.7584 0.6518 -0.0000
vn -0.0901 0.9959 -0.0000
vn 0.5635 0.8261 -0.0002
vn 0.7121 0.7021 -0.0000
vn 0.4635 0.8861 -0.0000
vn -0.1226 0.9925 -0.0000
vn -0.4652 0.8852 -0.0000
vn -0.5162 0.8565 -0.0000
vn -0.2573 0.9663 -0.0001
vn 0.4369 0.8995 -0.0002
vn 0.8705 0.4922 -0.0001
vn 0.8841 0.4672 -0.0000
vn 0.5210 0.8535 -0.0000
vn -0.2487 0.9686 -0.0000
vn -0.6462 0.7632 -0.0000
vn -0.6684 0.7438 0.0001
vn -0.3240 0.9461 -0.0000
vn 0.3492 0.9370 -0.0000
vn 0.6771 0.7359 -0.0000
vt 0.858666 0.661696
vt 0.832915 0.662371
vt 0.804105 0.646327
vt 0.909717 0.643560
vt 0.884419 0.661021
vt 0.906000 0.625614
vt 0.794830 0.628527
vt 0.785766 0.611344
vt 0.857427 0.609466
vt 0.758075 0.562917
vt 0.884062 0.559616
vt 0.738987 0.526878
vt 0.885933 0.523027
vt 0.722073 0.500932
vt 0.834822 0.498751
vt 0.756118 0.490299
vt 0.838191 0.490127
vt 0.746763 0.010069
vt 0.853889 0.010152
vt 0.046376 0.961678
vt 0.046180 0.947814
vt 0.377858 0.961134
vt 0.378421 0.947275
vt 0.430431 0.558627
vt 0.395455 0.647182
vt 0.249065 0.682013
vt 0.420027 0.684870
vt 0.454196 0.729887
vt 0.460771 0.760581
vt 0.446112 0.787568
vt 0.402623 0.809493
vt 0.335406 0.820309
vt 0.256979 0.821938
vt 0.179541 0.819080
vt 0.123156 0.812135
vt 0.076415 0.800727
vt 0.041148 0.781303
vt 0.029773 0.758504
vt 0.029804 0.736025
vt 0.042844 0.712866
vt 0.083816 0.664966
vt 0.095368 0.636864
vt 0.091570 0.614167
vt 0.057174 0.556117
vt 0.058800 0.508527
vt 0.082528 0.500499
vt 0.137464 0.550913
vt 0.186907 0.555302
vt 0.208524 0.542667
vt 0.277580 0.542737
vt 0.285501 0.584383
vt 0.352701 0.587108
vt 0.401448 0.547904
vt 0.422900 0.547595
vt 0.008589 0.930964
vt 0.008589 0.929012
vt 0.419622 0.930924
vt 0.419622 0.928972
vt 0.008589 0.926781
vt 0.008589 0.924829
vt 0.419622 0.926746
vt 0.419622 0.924794
vt 0.008589 0.922798
vt 0.008589 0.920846
vt 0.419622 0.922767
vt 0.419622 0.920815
vt 0.008589 0.918852
vt 0.008589 0.916900
vt 0.419622 0.918825
vt 0.419622 0.916873
vt 0.008589 0.915052
vt 0.008589 0.913100
vt 0.419622 0.915030
vt 0.419622 0.913078
vt 0.008589 0.911062
vt 0.008589 0.909110
vt 0.419622 0.911043
vt 0.419622 0.909091
vt 0.008589 0.906977
vt 0.008589 0.905025
vt 0.419622 0.906962
vt 0.419622 0.905010
vt 0.008589 0.903059
vt 0.008589 0.901107
vt 0.419622 0.903046
vt 0.419622 0.901094
vt 0.008589 0.898932
vt 0.008589 0.896980
vt 0.419622 0.898923
vt 0.419622 0.896971
vt 0.008589 0.894916
vt 0.008589 0.892964
vt 0.419622 0.894910
vt 0.419622 0.892958
vt 0.008589 0.890803
vt 0.008589 0.888851
vt 0.419622 0.890800
vt 0.419622 0.888848
vt 0.008589 0.886558
vt 0.008589 0.884606
vt 0.419622 0.886557
vt 0.419622 0.884605
vt 0.008589 0.882366
vt 0.008589 0.880414
vt 0.419622 0.882368
vt 0.419622 0.880416
vt 0.008589 0.878032
vt 0.008589 0.876080
vt 0.419622 0.878036
vt 0.419622 0.876084
vt 0.008589 0.874363
vt 0.008589 0.872411
vt 0.419622 0.874369
vt 0.419622 0.872417
vt 0.008589 0.870362
vt 0.008589 0.868410
vt 0.419622 0.870370
vt 0.419622 0.868418
vt 0.008589 0.866682
vt 0.008589 0.864730
vt 0.419622 0.866692
vt 0.419622 0.864740
vt 0.008589 0.862766
vt 0.008589 0.860814
vt 0.419622 0.862778
vt 0.419622 0.860826
vt 0.008589 0.858820
vt 0.008589 0.856868
vt 0.419622 0.858834
vt 0.419622 0.856882
vt 0.008589 0.854719
vt 0.008589 0.852767
vt 0.419622 0.854734
vt 0.419622 0.852782
vt 0.008589 0.850748
vt 0.008589 0.848796
vt 0.419622 0.850765
vt 0.419622 0.848813
vt 0.008589 0.846793
vt 0.008589 0.844840
vt 0.419622 0.846811
vt 0.419622 0.844858
vt 0.599736 0.384026
vt 0.357915 0.219510
vt 0.553101 0.265953
vt 0.585865 0.215702
vt 0.631424 0.155679
vt 0.640190 0.114753
vt 0.620645 0.078771
vt 0.562660 0.049538
vt 0.473037 0.035117
vt 0.368468 0.032944
vt 0.265217 0.036756
vt 0.190036 0.046015
vt 0.127717 0.061225
vt 0.080693 0.087125
vt 0.065525 0.117523
vt 0.065568 0.147496
vt 0.082955 0.178373
vt 0.137583 0.242241
vt 0.152985 0.279709
vt 0.147923 0.309973
vt 0.102060 0.387374
vt 0.104230 0.450826
vt 0.135866 0.461529
vt 0.209114 0.394312
vt 0.275039 0.388459
vt 0.303860 0.405307
vt 0.395935 0.405213
vt 0.406496 0.349684
vt 0.496096 0.346051
vt 0.561092 0.398323
vt 0.589695 0.398736
vt 0.655135 0.985510
vt 0.655135 0.947407
vt 0.693229 0.980404
vt 0.721129 0.966458
vt 0.731333 0.947407
vt 0.731336 0.742407
vt 0.655133 0.742407
vt 0.721126 0.723357
vt 0.693234 0.709410
vt 0.655133 0.704306
vt 0.617031 0.709410
vt 0.589139 0.723357
vt 0.578929 0.742407
vt 0.578928 0.947407
vt 0.589141 0.966458
vt 0.617032 0.980404
vt 0.574824 0.990618
vt 0.510904 0.990618
vt 0.574824 0.985444
vt 0.510904 0.985444
vt 0.510904 0.971316
vt 0.574824 0.971316
vt 0.574824 0.952015
vt 0.510904 0.952015
vt 0.574820 0.744330
vt 0.510905 0.744330
vt 0.510905 0.725030
vt 0.574820 0.725030
vt 0.574820 0.710901
vt 0.510905 0.710901
vt 0.510905 0.705729
vt 0.574820 0.705729
vt 0.574824 0.988000
vt 0.510904 0.988000
vt 0.574824 0.979240
vt 0.510904 0.979240
vt 0.510904 0.962675
vt 0.574824 0.962675
vt 0.574824 0.942742
vt 0.510904 0.942742
vt 0.574820 0.738872
vt 0.510905 0.738872
vt 0.510905 0.720913
vt 0.574820 0.720913
vt 0.574820 0.709740
vt 0.510905 0.709740
vt 0.510905 0.708346
vt 0.574820 0.708346
vt 0.574820 0.717105
vt 0.510905 0.717105
vt 0.510905 0.733671
vt 0.574820 0.733671
vt 0.574820 0.753603
vt 0.510905 0.753603
vt 0.574824 0.957473
vt 0.510904 0.957473
vt 0.510904 0.975432
vt 0.574824 0.975432
vt 0.574824 0.986605
vt 0.510904 0.986605
vt 0.875281 0.507921
vt 0.873600 0.507871
vt 0.913594 0.507871
vt 0.939895 0.018695
vt 0.959208 0.019201
vt 0.942398 0.019565
vt 0.882297 0.147748
vt 0.891324 0.147837
vt 0.890503 0.507871
vt 0.949325 0.021115
vt 0.900736 0.147837
vt 0.958981 0.021368
vt 0.913594 0.147837
vt 0.936685 0.507871
vt 0.968638 0.021621
vt 0.926452 0.147837
vt 0.952599 0.507871
vt 0.975851 0.020441
vt 0.935865 0.147837
vt 0.955625 0.507859
vt 0.978522 0.019707
vt 0.943851 0.147878
vt 0.863477 0.142123
vt 0.856763 0.139773
vt 0.880256 0.143579
vt 0.900612 0.143090
vt 0.920968 0.143090
vt 0.935870 0.143579
vt 0.941325 0.141409
vt 0.876605 0.122675
vt 0.869449 0.120314
vt 0.979658 0.123202
vt 0.972047 0.125176
vt 0.889868 0.095618
vt 0.883764 0.093285
vt 0.978254 0.095761
vt 0.971698 0.097762
vt 0.907906 0.059227
vt 0.904533 0.056965
vt 0.958279 0.058373
vt 0.954452 0.060446
vt 0.916689 0.046391
vt 0.911331 0.044077
vt 0.994708 0.046262
vt 0.988898 0.048283
vt 0.923366 0.033033
vt 0.918287 0.030727
vt 0.997495 0.032803
vt 0.991964 0.034831
vt 0.896774 0.123204
vt 0.924325 0.123925
vt 0.951878 0.124647
vt 0.907160 0.096071
vt 0.930782 0.096690
vt 0.954404 0.097309
vt 0.917743 0.059484
vt 0.931178 0.059836
vt 0.944614 0.060188
vt 0.931950 0.046791
vt 0.952791 0.047337
vt 0.973637 0.047883
vt 0.937863 0.033413
vt 0.957663 0.033932
vt 0.977466 0.034451
vt 0.462460 0.441816
vt 0.462460 0.531169
vt 0.462460 0.532859
vt 0.462460 0.533873
vt 0.462460 0.529555
vt 0.943157 0.941533
vt 0.883640 0.941533
vt 0.931791 0.924381
vt 0.998216 0.941537
vt 0.953832 0.941536
vt 0.940427 0.921308
vt 0.976334 0.908517
vt 0.902032 0.913781
vt 0.919046 0.888110
vt 0.905331 0.908806
vt 0.865248 0.913781
vt 0.861950 0.908806
vt 0.848235 0.888110
vt 0.835490 0.924381
vt 0.790947 0.908517
vt 0.826855 0.921308
vt 0.824123 0.941533
vt 0.813449 0.941536
vt 0.769065 0.941537
vt 0.835490 0.958686
vt 0.790947 0.974556
vt 0.826855 0.961765
vt 0.865248 0.969287
vt 0.861950 0.974267
vt 0.848235 0.994964
vt 0.902032 0.969287
vt 0.919046 0.994964
vt 0.905331 0.974267
vt 0.931791 0.958686
vt 0.940427 0.961765
vt 0.976334 0.974556
vt 0.903471 0.911699
vt 0.462684 0.379231
vt 0.462684 0.440352
vt 0.819076 0.703714
vt 0.830130 0.703714
vt 0.819076 0.848498
vt 0.830130 0.848498
vt 0.800212 0.704558
vt 0.950076 0.704558
vt 0.800213 0.847942
vt 0.950076 0.847942
vt 0.679697 0.561579
vt 0.675063 0.576116
vt 0.663676 0.555961
vt 0.659043 0.570498
vt 0.641880 0.574762
vt 0.646514 0.560224
vt 0.645371 0.570105
vt 0.640737 0.584643
vt 0.656758 0.590261
vt 0.661391 0.575723
vt 0.678554 0.571460
vt 0.673920 0.585998
vt 0.609783 0.443719
vt 0.605149 0.458256
vt 0.593763 0.438101
vt 0.589130 0.452639
vt 0.571967 0.456902
vt 0.576600 0.442364
vt 0.575458 0.452245
vt 0.570824 0.466783
vt 0.586845 0.472401
vt 0.591478 0.457863
vt 0.608640 0.453600
vt 0.604007 0.468138
vt 0.631808 0.484003
vt 0.627174 0.498541
vt 0.615787 0.478385
vt 0.611154 0.492924
vt 0.593991 0.497187
vt 0.598625 0.482649
vt 0.597482 0.492530
vt 0.592848 0.507068
vt 0.608869 0.512686
vt 0.613502 0.498148
vt 0.630665 0.493885
vt 0.626032 0.508422
vt 0.657559 0.523642
vt 0.652925 0.538180
vt 0.641539 0.518025
vt 0.636905 0.532563
vt 0.619743 0.536826
vt 0.624376 0.522288
vt 0.623233 0.532169
vt 0.618600 0.546707
vt 0.634620 0.552325
vt 0.639254 0.537787
vt 0.656416 0.533524
vt 0.651783 0.548062
vt 0.704814 0.601626
vt 0.700180 0.616164
vt 0.688794 0.596009
vt 0.684160 0.610546
vt 0.666998 0.614810
vt 0.671631 0.600272
vt 0.670488 0.610153
vt 0.665854 0.624691
vt 0.681875 0.630309
vt 0.686509 0.615771
vt 0.703671 0.611508
vt 0.699038 0.626046
vt 0.726048 0.642181
vt 0.721415 0.656719
vt 0.710028 0.636563
vt 0.705395 0.651101
vt 0.688232 0.655364
vt 0.692866 0.640827
vt 0.691723 0.650708
vt 0.687089 0.665245
vt 0.703110 0.670863
vt 0.707743 0.656326
vt 0.724906 0.652062
vt 0.720273 0.666600
vt 0.657900 0.580380
vt 0.587987 0.462520
vt 0.610011 0.502805
vt 0.635763 0.542444
vt 0.683018 0.620428
vt 0.704252 0.660982
vt 0.662534 0.565842
vt 0.592620 0.447982
vt 0.614645 0.488267
vt 0.640396 0.527906
vt 0.687651 0.605890
vt 0.708886 0.646444
vt 0.446525 0.552880
vt 0.413893 0.646913
vt 0.441196 0.683805
vt 0.479161 0.731331
vt 0.486467 0.765436
vt 0.470179 0.795421
vt 0.421857 0.819782
vt 0.347172 0.831800
vt 0.260031 0.833611
vt 0.173989 0.830434
vt 0.111339 0.822718
vt 0.059404 0.810043
vt 0.020219 0.788460
vt 0.007580 0.763128
vt 0.007614 0.738151
vt 0.022103 0.712419
vt 0.067627 0.662656
vt 0.080463 0.635191
vt 0.076243 0.611583
vt 0.041140 0.550288
vt 0.050574 0.501098
vt 0.083276 0.490657
vt 0.140127 0.543414
vt 0.182173 0.547628
vt 0.206192 0.535147
vt 0.282920 0.535224
vt 0.288369 0.577382
vt 0.353096 0.581495
vt 0.398415 0.539066
vt 0.432167 0.539376
vt 0.621194 0.391688
vt 0.577685 0.266311
vt 0.614090 0.217122
vt 0.664710 0.153753
vt 0.674451 0.108281
vt 0.652734 0.068300
vt 0.588306 0.035819
vt 0.488725 0.019796
vt 0.372537 0.017381
vt 0.257814 0.021616
vt 0.174280 0.031905
vt 0.105036 0.048805
vt 0.052787 0.077582
vt 0.035934 0.111358
vt 0.035981 0.144661
vt 0.055300 0.178969
vt 0.115998 0.245321
vt 0.133112 0.281940
vt 0.127487 0.313418
vt 0.080682 0.395145
vt 0.093262 0.460731
vt 0.136864 0.474652
vt 0.212665 0.404311
vt 0.268727 0.398691
vt 0.300751 0.415334
vt 0.403056 0.415229
vt 0.410320 0.359019
vt 0.496622 0.353536
vt 0.557048 0.410107
vt 0.602051 0.409694
vt 0.647795 0.398972
vt 0.599935 0.267326
vt 0.639979 0.215677
vt 0.695662 0.149141
vt 0.706377 0.101394
vt 0.682488 0.059415
vt 0.611616 0.025309
vt 0.502078 0.008484
vt 0.374271 0.005949
vt 0.248075 0.010396
vt 0.156189 0.021199
vt 0.080019 0.038945
vt 0.022547 0.069161
vt 0.004009 0.104625
vt 0.004059 0.146013
vt 0.027878 0.181395
vt 0.092078 0.245286
vt 0.108336 0.282452
vt 0.104715 0.311973
vt 0.053232 0.397786
vt 0.067068 0.471467
vt 0.145847 0.486598
vt 0.222166 0.416398
vt 0.260080 0.408250
vt 0.293381 0.425083
vt 0.412978 0.423690
vt 0.421611 0.366274
vt 0.490864 0.362121
vt 0.552196 0.418633
vt 0.626738 0.417878
s 1
f 18/1/1 19/2/1 16/3/1
f 15/4/1 17/5/1 18/1/1
f 16/3/1 15/4/1 18/1/1
f 15/4/1 16/3/1 13/6/1
f 13/6/1 16/3/1 14/7/1
f 14/7/1 12/8/1 13/6/1
f 13/6/1 12/8/1 11/9/1
f 12/8/1 10/10/1 11/9/1
f 11/9/1 10/10/1 9/11/1
f 9/11/1 10/10/1 8/12/2
f 9/11/1 8/12/2 7/13/3
f 8/12/2 6/14/4 5/15/5
f 5/15/5 7/13/3 8/12/2
f 6/14/4 4/16/6 5/15/5
f 5/15/5 4/16/6 2/17/7
f 4/16/6 3/18/8 2/17/7
f 2/17/7 3/18/8 1/19/8
f 20/20/9 21/21/10 22/22/11
f 21/21/10 23/23/12 22/22/11
f 22/22/11 23/23/12 24/22/13
f 23/23/12 25/23/14 24/22/13
f 26/20/15 27/21/16 20/20/9
f 27/21/16 21/21/10 20/20/9
f 26/20/15 20/20/9 24/22/13
f 20/20/9 22/22/11 24/22/13
f 21/21/10 27/21/16 23/23/12
f 27/21/16 25/23/14 23/23/12
f 28/24/17 29/25/17 30/26/17
f 29/25/17 31/27/17 30/26/17
f 31/27/17 32/28/17 30/26/17
f 32/28/17 33/29/17 30/26/17
f 33/29/17 34/30/17 30/26/17
f 34/30/17 35/31/17 30/26/17
f 35/31/17 36/32/17 30/26/17
f 36/32/17 37/33/17 30/26/17
f 37/33/17 38/34/17 30/26/17
f 38/34/17 39/35/17 30/26/17
f 39/35/17 40/36/17 30/26/17
f 40/36/17 41/37/17 30/26/17
f 41/37/17 42/38/17 30/26/17
f 42/38/17 43/39/17 30/26/17
f 43/39/17 44/40/17 30/26/17
f 44/40/17 45/41/17 30/26/17
f 45/41/17 46/42/17 30/26/17
f 46/42/17 47/43/17 30/26/17
f 47/43/17 48/44/17 30/26/17
f 48/44/17 49/45/17 30/26/17
f 49/45/17 50/46/17 30/26/17
f 50/46/17 51/47/17 30/26/17
f 51/47/17 52/48/17 30/26/17
f 52/48/17 53/49/17 30/26/17
f 53/49/17 54/50/17 30/26/17
f 54/50/17 55/51/17 30/26/17
f 55/51/17 56/52/17 30/26/17
f 56/52/17 57/53/17 30/26/17
f 57/53/17 58/54/17 30/26/17
f 58/54/17 28/24/17 30/26/17
f 59/55/18 60/56/19 61/57/20
f 60/56/19 62/58/21 61/57/20
f 61/57/20 62/58/21 63/57/22
f 62/58/21 64/58/23 63/57/22
f 65/55/24 66/56/25 59/55/18
f 66/56/25 60/56/19 59/55/18
f 65/55/24 59/55/18 63/57/22
f 59/55/18 61/57/20 63/57/22
f 60/56/19 66/56/25 62/58/21
f 66/56/25 64/58/23 62/58/21
f 67/59/26 68/60/19 69/61/20
f 68/60/19 70/62/27 69/61/20
f 69/61/20 70/62/27 71/61/22
f 70/62/27 72/62/23 71/61/22
f 73/59/28 74/60/25 67/59/26
f 74/60/25 68/60/19 67/59/26
f 73/59/28 67/59/26 71/61/22
f 67/59/26 69/61/20 71/61/22
f 68/60/19 74/60/25 70/62/27
f 74/60/25 72/62/23 70/62/27
f 75/63/26 76/64/19 77/65/20
f 76/64/19 78/66/21 77/65/20
f 77/65/20 78/66/21 79/65/22
f 78/66/21 80/66/23 79/65/22
f 81/63/29 82/64/25 75/63/26
f 82/64/25 76/64/19 75/63/26
f 81/63/29 75/63/26 79/65/22
f 75/63/26 77/65/20 79/65/22
f 76/64/19 82/64/25 78/66/21
f 82/64/25 80/66/23 78/66/21
f 83/67/30 84/68/31 85/69/20
f 84/68/31 86/70/27 85/69/20
f 85/69/20 86/70/27 87/69/22
f 86/70/27 88/70/23 87/69/22
f 89/67/24 90/68/32 83/67/30
f 90/68/32 84/68/31 83/67/30
f 89/67/24 83/67/30 87/69/22
f 83/67/30 85/69/20 87/69/22
f 84/68/31 90/68/32 86/70/27
f 90/68/32 88/70/23 86/70/27
f 91/71/18 92/72/19 93/73/20
f 92/72/19 94/74/27 93/73/20
f 93/73/20 94/74/27 95/73/33
f 94/74/27 96/74/23 95/73/33
f 97/71/28 98/72/34 91/71/18
f 98/72/34 92/72/19 91/71/18
f 97/71/28 91/71/18 95/73/33
f 91/71/18 93/73/20 95/73/33
f 92/72/19 98/72/34 94/74/27
f 98/72/34 96/74/23 94/74/27
f 99/75/30 100/76/19 101/77/20
f 100/76/19 102/78/21 101/77/20
f 101/77/20 102/78/21 103/77/22
f 102/78/21 104/78/23 103/77/22
f 105/75/24 106/76/25 99/75/30
f 106/76/25 100/76/19 99/75/30
f 105/75/24 99/75/30 103/77/22
f 99/75/30 101/77/20 103/77/22
f 100/76/19 106/76/25 102/78/21
f 106/76/25 104/78/23 102/78/21
f 107/79/30 108/80/31 109/81/20
f 108/80/31 110/82/27 109/81/20
f 109/81/20 110/82/27 111/81/22
f 110/82/27 112/82/23 111/81/22
f 113/79/24 114/80/32 107/79/30
f 114/80/32 108/80/31 107/79/30
f 113/79/24 107/79/30 111/81/22
f 107/79/30 109/81/20 111/81/22
f 108/80/31 114/80/32 110/82/27
f 114/80/32 112/82/23 110/82/27
f 115/83/26 116/84/19 117/85/35
f 116/84/19 118/86/21 117/85/35
f 117/85/35 118/86/21 119/85/22
f 118/86/21 120/86/23 119/85/22
f 121/83/36 122/84/34 115/83/26
f 122/84/34 116/84/19 115/83/26
f 121/83/36 115/83/26 119/85/22
f 115/83/26 117/85/35 119/85/22
f 116/84/19 122/84/34 118/86/21
f 122/84/34 120/86/23 118/86/21
f 123/87/26 124/88/19 125/89/20
f 124/88/19 126/90/27 125/89/20
f 125/89/20 126/90/27 127/89/22
f 126/90/27 128/90/23 127/89/22
f 129/87/36 130/88/34 123/87/26
f 130/88/34 124/88/19 123/87/26
f 129/87/36 123/87/26 127/89/22
f 123/87/26 125/89/20 127/89/22
f 124/88/19 130/88/34 126/90/27
f 130/88/34 128/90/23 126/90/27
f 131/91/26 132/92/19 133/93/35
f 132/92/19 134/94/27 133/93/35
f 133/93/35 134/94/27 135/93/22
f 134/94/27 136/94/23 135/93/22
f 137/91/36 138/92/25 131/91/26
f 138/92/25 132/92/19 131/91/26
f 137/91/36 131/91/26 135/93/22
f 131/91/26 133/93/35 135/93/22
f 132/92/19 138/92/25 134/94/27
f 138/92/25 136/94/23 134/94/27
f 139/95/26 140/96/19 141/97/35
f 140/96/19 142/98/27 141/97/35
f 141/97/35 142/98/27 143/97/22
f 142/98/27 144/98/23 143/97/22
f 145/95/24 146/96/25 139/95/26
f 146/96/25 140/96/19 139/95/26
f 145/95/24 139/95/26 143/97/22
f 139/95/26 141/97/35 143/97/22
f 140/96/19 146/96/25 142/98/27
f 146/96/25 144/98/23 142/98/27
f 147/99/18 148/100/31 149/101/35
f 148/100/31 150/102/27 149/101/35
f 149/101/35 150/102/27 151/101/22
f 150/102/27 152/102/23 151/101/22
f 153/99/24 154/100/32 147/99/18
f 154/100/32 148/100/31 147/99/18
f 153/99/24 147/99/18 151/101/22
f 147/99/18 149/101/35 151/101/22
f 148/100/31 154/100/32 150/102/27
f 154/100/32 152/102/23 150/102/27
f 155/103/18 156/104/31 157/105/20
f 156/104/31 158/106/21 157/105/20
f 157/105/20 158/106/21 159/105/33
f 158/106/21 160/106/23 159/105/33
f 161/103/24 162/104/32 155/103/18
f 162/104/32 156/104/31 155/103/18
f 161/103/24 155/103/18 159/105/33
f 155/103/18 157/105/20 159/105/33
f 156/104/31 162/104/32 158/106/21
f 162/104/32 160/106/23 158/106/21
f 163/107/18 164/108/19 165/109/35
f 164/108/19 166/110/21 165/109/35
f 165/109/35 166/110/21 167/109/33
f 166/110/21 168/110/23 167/109/33
f 169/107/24 170/108/34 163/107/18
f 170/108/34 164/108/19 163/107/18
f 169/107/24 163/107/18 167/109/33
f 163/107/18 165/109/35 167/109/33
f 164/108/19 170/108/34 166/110/21
f 170/108/34 168/110/23 166/110/21
f 171/111/30 172/112/19 173/113/20
f 172/112/19 174/114/21 173/113/20
f 173/113/20 174/114/21 175/110/22
f 174/114/21 176/114/23 175/110/22
f 177/108/36 178/112/34 171/111/30
f 178/112/34 172/112/19 171/111/30
f 177/108/36 171/111/30 175/110/22
f 171/111/30 173/113/20 175/110/22
f 172/112/19 178/112/34 174/114/21
f 178/112/34 176/114/23 174/114/21
f 179/115/18 180/116/19 181/117/35
f 180/116/19 182/118/21 181/117/35
f 181/117/35 182/118/21 183/117/22
f 182/118/21 184/118/23 183/117/22
f 185/115/24 186/116/34 179/115/18
f 186/116/34 180/116/19 179/115/18
f 185/115/24 179/115/18 183/117/22
f 179/115/18 181/117/35 183/117/22
f 180/116/19 186/116/34 182/118/21
f 186/116/34 184/118/23 182/118/21
f 187/119/18 188/120/31 189/121/35
f 188/120/31 190/122/21 189/121/35
f 189/121/35 190/122/21 191/118/22
f 190/122/21 192/122/23 191/118/22
f 193/116/24 194/120/25 187/119/18
f 194/120/25 188/120/31 187/119/18
f 193/116/24 187/119/18 191/118/22
f 187/119/18 189/121/35 191/118/22
f 188/120/31 194/120/25 190/122/21
f 194/120/25 192/122/23 190/122/21
f 195/123/26 196/124/19 197/125/20
f 196/124/19 198/126/21 197/125/20
f 197/125/20 198/126/21 199/125/22
f 198/126/21 200/126/23 199/125/22
f 201/123/24 202/124/25 195/123/26
f 202/124/25 196/124/19 195/123/26
f 201/123/24 195/123/26 199/125/22
f 195/123/26 197/125/20 199/125/22
f 196/124/19 202/124/25 198/126/21
f 202/124/25 200/126/23 198/126/21
f 203/127/18 204/128/19 205/129/20
f 204/128/19 206/130/27 205/129/20
f 205/129/20 206/130/27 207/129/22
f 206/130/27 208/130/23 207/129/22
f 209/127/24 210/128/32 203/127/18
f 210/128/32 204/128/19 203/127/18
f 209/127/24 203/127/18 207/129/22
f 203/127/18 205/129/20 207/129/22
f 204/128/19 210/128/32 206/130/27
f 210/128/32 208/130/23 206/130/27
f 211/131/26 212/132/19 213/133/35
f 212/132/19 214/134/21 213/133/35
f 213/133/35 214/134/21 215/133/22
f 214/134/21 216/134/23 215/133/22
f 217/131/24 218/132/25 211/131/26
f 218/132/25 212/132/19 211/131/26
f 217/131/24 211/131/26 215/133/22
f 211/131/26 213/133/35 215/133/22
f 212/132/19 218/132/25 214/134/21
f 218/132/25 216/134/23 214/134/21
f 219/135/30 220/136/31 221/137/20
f 220/136/31 222/138/27 221/137/20
f 221/137/20 222/138/27 223/137/22
f 222/138/27 224/138/23 223/137/22
f 225/135/36 226/136/34 219/135/30
f 226/136/34 220/136/31 219/135/30
f 225/135/36 219/135/30 223/137/22
f 219/135/30 221/137/20 223/137/22
f 220/136/31 226/136/34 222/138/27
f 226/136/34 224/138/23 222/138/27
f 227/139/26 228/140/19 229/141/20
f 228/140/19 230/142/27 229/141/20
f 229/141/20 230/142/27 231/141/33
f 230/142/27 232/142/23 231/141/33
f 233/139/24 234/140/25 227/139/26
f 234/140/25 228/140/19 227/139/26
f 233/139/24 227/139/26 231/141/33
f 227/139/26 229/141/20 231/141/33
f 228/140/19 234/140/25 230/142/27
f 234/140/25 232/142/23 230/142/27
f 235/143/37 265/144/38 236/145/37
f 236/145/37 265/144/38 237/146/37
f 237/146/37 265/144/38 238/147/37
f 238/147/37 265/144/38 239/148/37
f 239/148/37 265/144/38 240/149/37
f 240/149/37 265/144/38 241/150/37
f 241/150/37 265/144/38 242/151/39
f 242/151/39 265/144/38 243/152/40
f 243/152/40 265/144/38 244/153/41
f 244/153/41 265/144/38 245/154/42
f 245/154/42 265/144/38 246/155/43
f 246/155/43 265/144/38 247/156/44
f 247/156/44 265/144/38 248/157/45
f 248/157/45 265/144/38 249/158/46
f 249/158/46 265/144/38 250/159/47
f 250/159/47 265/144/38 251/160/48
f 251/160/48 265/144/38 252/161/49
f 252/161/49 265/144/38 253/162/37
f 253/162/37 265/144/38 254/163/37
f 254/163/37 265/144/38 255/164/37
f 255/164/37 265/144/38 256/165/37
f 256/165/37 265/144/38 257/166/37
f 257/166/37 265/144/38 258/167/37
f 258/167/37 265/144/38 259/168/37
f 259/168/37 265/144/38 260/169/37
f 260/169/37 265/144/38 261/170/37
f 261/170/37 265/144/38 262/171/37
f 262/171/37 265/144/38 263/172/37
f 263/172/37 265/144/38 264/173/37
f 264/173/37 265/144/38 235/143/37
f 274/174/37 275/175/37 276/176/37
f 276/176/37 275/175/37 277/177/37
f 277/177/37 275/175/37 278/178/37
f 266/179/37 273/180/37 267/181/37
f 267/181/37 273/180/37 268/182/37
f 268/182/37 273/180/37 269/183/37
f 269/183/37 273/180/37 270/184/37
f 270/184/37 273/180/37 271/185/37
f 271/185/37 273/180/37 272/186/37
f 279/187/37 275/175/37 280/188/37
f 280/188/37 275/175/37 281/189/37
f 281/189/37 275/175/37 274/174/37
f 275/175/37 273/180/37 266/179/37
f 275/175/37 266/179/37 278/178/37
f 279/187/37 272/186/37 273/180/37
f 279/187/37 273/180/37 275/175/37
f 290/174/37 291/175/37 292/176/37
f 292/176/37 291/175/37 293/177/37
f 293/177/37 291/175/37 294/178/37
f 282/179/37 289/180/37 283/181/37
f 283/181/37 289/180/37 284/182/37
f 284/182/37 289/180/37 285/183/37
f 285/183/37 289/180/37 286/184/37
f 286/184/37 289/180/37 287/185/37
f 287/185/37 289/180/37 288/186/37
f 295/187/37 291/175/37 296/188/37
f 296/188/37 291/175/37 297/189/37
f 297/189/37 291/175/37 290/174/37
f 291/175/37 289/180/37 282/179/37
f 291/175/37 282/179/37 294/178/37
f 295/187/37 288/186/37 289/180/37
f 295/187/37 289/180/37 291/175/37
f 306/174/37 307/175/37 308/176/37
f 308/176/37 307/175/37 309/177/37
f 309/177/37 307/175/37 310/178/37
f 298/179/37 305/180/37 299/181/37
f 299/181/37 305/180/37 300/182/37
f 300/182/37 305/180/37 301/183/37
f 301/183/37 305/180/37 302/184/37
f 302/184/37 305/180/37 303/185/37
f 303/185/37 305/180/37 304/186/37
f 311/187/37 307/175/37 312/188/37
f 312/188/37 307/175/37 313/189/37
f 313/189/37 307/175/37 306/174/37
f 307/175/37 305/180/37 298/179/37
f 307/175/37 298/179/37 310/178/37
f 311/187/37 304/186/37 305/180/37
f 311/187/37 305/180/37 307/175/37
f 328/190/50 330/191/50 329/192/51
f 330/191/50 331/193/51 329/192/51
f 329/192/51 331/193/51 333/194/52
f 329/192/51 333/194/52 332/195/52
f 332/195/52 333/194/52 334/196/53
f 333/194/52 335/197/54 334/196/53
f 314/198/55 315/199/55 317/200/56
f 314/198/55 317/200/56 316/201/56
f 316/201/56 317/200/56 318/202/57
f 317/200/56 319/203/57 318/202/57
f 318/202/57 319/203/57 321/204/58
f 318/202/57 321/204/58 320/205/58
f 320/205/58 321/204/58 322/202/59
f 321/204/58 323/203/59 322/202/59
f 322/202/59 323/203/59 325/200/60
f 322/202/59 325/200/60 324/201/60
f 324/201/60 325/200/60 326/198/61
f 325/200/60 327/199/62 326/198/61
f 336/196/63 338/197/63 339/194/64
f 336/196/63 339/194/64 337/195/64
f 337/195/64 339/194/64 340/192/65
f 339/194/64 341/193/65 340/192/65
f 340/192/65 341/193/65 330/191/50
f 340/192/65 330/191/50 328/190/50
f 335/197/54 315/199/55 314/198/55
f 335/197/54 314/198/55 334/196/53
f 336/196/63 326/198/61 327/199/62
f 336/196/63 327/199/62 338/197/63
f 356/190/50 358/191/50 357/192/51
f 358/191/50 359/193/51 357/192/51
f 357/192/51 359/193/51 361/194/52
f 357/192/51 361/194/52 360/195/52
f 360/195/52 361/194/52 362/196/53
f 361/194/52 363/197/54 362/196/53
f 342/198/55 343/199/55 345/200/56
f 342/198/55 345/200/56 344/201/56
f 344/201/56 345/200/56 346/202/57
f 345/200/56 347/203/57 346/202/57
f 346/202/57 347/203/57 349/204/58
f 346/202/57 349/204/58 348/205/58
f 348/205/58 349/204/58 350/202/59
f 349/204/58 351/203/59 350/202/59
f 350/202/59 351/203/59 353/200/60
f 350/202/59 353/200/60 352/201/60
f 352/201/60 353/200/60 354/198/61
f 353/200/60 355/199/62 354/198/61
f 364/196/63 366/197/63 367/194/64
f 364/196/63 367/194/64 365/195/64
f 365/195/64 367/194/64 368/192/65
f 367/194/64 369/193/65 368/192/65
f 368/192/65 369/193/65 358/191/50
f 368/192/65 358/191/50 356/190/50
f 363/197/54 343/199/55 342/198/55
f 363/197/54 342/198/55 362/196/53
f 364/196/63 354/198/61 355/199/62
f 364/196/63 355/199/62 366/197/63
f 384/206/66 386/207/66 385/208/67
f 386/207/66 387/209/67 385/208/67
f 385/208/67 387/209/67 389/210/68
f 385/208/67 389/210/68 388/211/68
f 388/211/68 389/210/68 390/212/69
f 389/210/68 391/213/70 390/212/69
f 370/214/71 371/215/71 373/216/72
f 370/214/71 373/216/72 372/217/72
f 372/217/72 373/216/72 374/218/73
f 373/216/72 375/219/73 374/218/73
f 374/218/73 375/219/73 377/220/74
f 374/218/73 377/220/74 376/221/74
f 376/221/74 377/220/74 378/222/75
f 377/220/74 379/223/75 378/222/75
f 378/222/75 379/223/75 381/224/76
f 378/222/75 381/224/76 380/225/76
f 380/225/76 381/224/76 382/226/77
f 381/224/76 383/227/78 382/226/77
f 392/228/79 394/229/79 395/230/80
f 392/228/79 395/230/80 393/231/80
f 393/231/80 395/230/80 396/232/81
f 395/230/80 397/233/81 396/232/81
f 396/232/81 397/233/81 386/207/66
f 396/232/81 386/207/66 384/206/66
f 391/213/70 371/215/71 370/214/71
f 391/213/70 370/214/71 390/212/69
f 392/228/79 382/226/77 383/227/78
f 392/228/79 383/227/78 394/229/79
f 400/234/82 402/235/83 412/236/84
f 442/237/85 441/238/86 443/239/87
f 400/234/82 401/240/88 402/235/83
f 401/240/88 403/241/89 402/235/83
f 402/235/83 404/242/90 412/236/84
f 443/239/87 441/238/86 444/243/91
f 402/235/83 403/241/89 405/244/92
f 402/235/83 405/244/92 404/242/90
f 404/242/90 406/236/93 412/236/84
f 444/243/91 441/238/86 445/245/86
f 404/242/90 405/244/92 406/236/93
f 405/244/92 407/246/94 406/236/93
f 406/236/93 408/247/95 412/236/84
f 445/245/86 441/238/86 446/248/96
f 406/236/93 407/246/94 409/249/97
f 406/236/93 409/249/97 408/247/95
f 408/247/95 410/250/98 412/236/84
f 446/248/96 441/238/86 447/251/99
f 408/247/95 409/249/97 410/250/98
f 409/249/97 411/252/100 410/250/98
f 410/250/98 398/253/101 412/236/84
f 447/251/99 441/238/86 440/254/102
f 410/250/98 411/252/100 399/255/103
f 410/250/98 399/255/103 398/253/101
f 415/256/104 403/241/89 401/240/88
f 415/256/104 401/240/88 414/257/105
f 416/258/106 405/244/92 403/241/89
f 416/258/106 403/241/89 415/256/104
f 417/259/107 407/246/94 405/244/92
f 417/259/107 405/244/92 416/258/106
f 418/260/108 409/249/97 407/246/94
f 418/260/108 407/246/94 417/259/107
f 419/261/109 411/252/100 409/249/97
f 419/261/109 409/249/97 418/260/108
f 413/262/110 399/255/103 411/252/100
f 413/262/110 411/252/100 419/261/109
f 422/263/111 415/256/104 414/257/105
f 422/263/111 414/257/105 421/264/112
f 420/265/113 413/262/110 419/261/109
f 420/265/113 419/261/109 423/266/114
f 426/267/115 422/263/111 421/264/112
f 426/267/115 421/264/112 425/268/116
f 424/269/117 420/265/113 423/266/114
f 424/269/117 423/266/114 427/270/118
f 430/271/119 426/267/115 425/268/116
f 430/271/119 425/268/116 429/272/120
f 428/273/121 424/269/117 427/270/118
f 428/273/121 427/270/118 431/274/122
f 434/275/123 430/271/119 429/272/120
f 434/275/123 429/272/120 433/276/124
f 432/277/125 428/273/121 431/274/122
f 432/277/125 431/274/122 435/278/126
f 438/279/127 434/275/123 433/276/124
f 438/279/127 433/276/124 437/280/128
f 436/281/129 432/277/125 435/278/126
f 436/281/129 435/278/126 439/282/130
f 443/239/87 438/279/127 437/280/128
f 443/239/87 437/280/128 442/237/85
f 444/243/91 438/279/127 443/239/87
f 447/251/99 439/282/130 446/248/96
f 440/254/102 436/281/129 439/282/130
f 440/254/102 439/282/130 447/251/99
f 454/283/131 449/258/132 448/256/133
f 454/283/131 448/256/133 453/263/134
f 455/284/135 450/259/136 449/258/132
f 455/284/135 449/258/132 454/283/131
f 456/285/137 451/260/138 450/259/136
f 456/285/137 450/259/136 455/284/135
f 457/266/139 452/261/140 451/260/138
f 457/266/139 451/260/138 456/285/137
f 459/286/141 454/283/131 453/263/134
f 459/286/141 453/263/134 458/267/141
f 460/287/141 455/284/135 454/283/131
f 460/287/141 454/283/131 459/286/141
f 461/288/141 456/285/137 455/284/135
f 461/288/141 455/284/135 460/287/141
f 462/270/141 457/266/139 456/285/137
f 462/270/141 456/285/137 461/288/141
f 464/289/141 459/286/141 458/267/141
f 464/289/141 458/267/141 463/271/141
f 465/290/141 460/287/141 459/286/141
f 465/290/141 459/286/141 464/289/141
f 466/291/141 461/288/141 460/287/141
f 466/291/141 460/287/141 465/290/141
f 467/274/141 462/270/141 461/288/141
f 467/274/141 461/288/141 466/291/141
f 469/292/141 464/289/141 463/271/141
f 469/292/141 463/271/141 468/275/141
f 470/293/141 465/290/141 464/289/141
f 470/293/141 464/289/141 469/292/141
f 471/294/141 466/291/141 465/290/141
f 471/294/141 465/290/141 470/293/141
f 472/278/141 467/274/141 466/291/141
f 472/278/141 466/291/141 471/294/141
f 474/295/141 469/292/141 468/275/141
f 474/295/141 468/275/141 473/279/141
f 475/296/141 470/293/141 469/292/141
f 475/296/141 469/292/141 474/295/141
f 476/297/141 471/294/141 470/293/141
f 476/297/141 470/293/141 475/296/141
f 477/282/141 472/278/141 471/294/141
f 477/282/141 471/294/141 476/297/141
f 478/243/141 474/295/141 473/279/141
f 479/245/141 475/296/141 474/295/141
f 479/245/141 474/295/141 478/243/141
f 480/248/141 476/297/141 475/296/141
f 480/248/141 475/296/141 479/245/141
f 480/248/141 477/282/141 476/297/141
f 481/298/142 483/298/143 494/298/144
f 482/299/145 493/300/146 484/300/147
f 481/298/142 482/299/145 483/298/143
f 482/299/145 484/300/147 483/298/143
f 483/298/143 485/298/148 494/298/144
f 484/300/147 493/300/146 486/301/149
f 483/298/143 484/300/147 486/301/149
f 483/298/143 486/301/149 485/298/148
f 485/298/148 487/298/150 494/298/144
f 486/301/149 493/300/146 488/301/151
f 485/298/148 486/301/149 487/298/150
f 486/301/149 488/301/151 487/298/150
f 487/298/150 489/298/152 494/298/144
f 488/301/151 493/300/146 490/300/153
f 487/298/150 488/301/151 490/300/153
f 487/298/150 490/300/153 489/298/152
f 489/298/152 491/298/154 494/298/144
f 490/300/153 493/300/146 492/299/155
f 489/298/152 490/300/153 491/298/154
f 490/300/153 492/299/155 491/298/154
f 491/298/154 481/298/142 494/298/144
f 492/299/155 493/300/146 482/299/145
f 491/298/154 492/299/155 482/299/145
f 491/298/154 482/299/145 481/298/142
f 495/298/156 497/298/157 508/298/144
f 496/299/158 507/300/159 498/299/160
f 495/298/156 496/299/158 497/298/157
f 496/299/158 498/299/160 497/298/157
f 497/298/157 499/298/161 508/298/144
f 498/299/160 507/300/159 500/300/162
f 497/298/157 498/299/160 500/300/162
f 497/298/157 500/300/162 499/298/161
f 499/298/161 501/298/163 508/298/144
f 500/300/162 507/300/159 502/301/164
f 499/298/161 500/300/162 501/298/163
f 500/300/162 502/301/164 501/298/163
f 501/298/163 503/298/165 508/298/144
f 502/301/164 507/300/159 504/300/166
f 501/298/163 502/301/164 504/300/166
f 501/298/163 504/300/166 503/298/165
f 503/298/165 505/298/167 508/298/144
f 504/300/166 507/300/159 506/299/168
f 503/298/165 504/300/166 505/298/167
f 504/300/166 506/299/168 505/298/167
f 505/298/167 495/298/156 508/298/144
f 506/299/168 507/300/159 496/299/158
f 505/298/167 506/299/168 496/299/158
f 505/298/167 496/299/158 495/298/156
f 509/298/169 511/298/170 522/298/171
f 510/302/172 521/299/173 512/299/174
f 509/298/169 510/302/172 511/298/170
f 510/302/172 512/299/174 511/298/170
f 511/298/170 513/298/175 522/298/171
f 512/299/174 521/299/173 514/300/176
f 511/298/170 512/299/174 514/300/176
f 511/298/170 514/300/176 513/298/175
f 513/298/175 515/298/177 522/298/171
f 514/300/176 521/299/173 516/301/178
f 513/298/175 514/300/176 515/298/177
f 514/300/176 516/301/178 515/298/177
f 515/298/177 517/298/179 522/298/171
f 516/301/178 521/299/173 518/300/180
f 515/298/177 516/301/178 518/300/180
f 515/298/177 518/300/180 517/298/179
f 517/298/179 519/298/181 522/298/171
f 518/300/180 521/299/173 520/299/182
f 517/298/179 518/300/180 519/298/181
f 518/300/180 520/299/182 519/298/181
f 519/298/181 509/298/169 522/298/171
f 520/299/182 521/299/173 510/302/172
f 519/298/181 520/299/182 510/302/172
f 519/298/181 510/302/172 509/298/169
f 523/298/183 525/298/184 536/298/185
f 524/302/186 535/299/187 526/299/188
f 523/298/183 524/302/186 525/298/184
f 524/302/186 526/299/188 525/298/184
f 525/298/184 527/298/189 536/298/185
f 526/299/188 535/299/187 528/300/190
f 525/298/184 526/299/188 528/300/190
f 525/298/184 528/300/190 527/298/189
f 527/298/189 529/298/191 536/298/185
f 528/300/190 535/299/187 530/300/192
f 527/298/189 528/300/190 529/298/191
f 528/300/190 530/300/192 529/298/191
f 529/298/191 531/298/193 536/298/185
f 530/300/192 535/299/187 532/300/194
f 529/298/191 530/300/192 532/300/194
f 529/298/191 532/300/194 531/298/193
f 531/298/193 533/298/195 536/298/185
f 532/300/194 535/299/187 534/299/196
f 531/298/193 532/300/194 533/298/195
f 532/300/194 534/299/196 533/298/195
f 533/298/195 523/298/183 536/298/185
f 534/299/196 535/299/187 524/302/186
f 533/298/195 534/299/196 524/302/186
f 533/298/195 524/302/186 523/298/183
f 537/298/169 539/298/197 550/298/185
f 538/302/186 549/299/187 540/299/198
f 537/298/169 538/302/186 539/298/197
f 538/302/186 540/299/198 539/298/197
f 539/298/197 541/298/199 550/298/185
f 540/299/198 549/299/187 542/300/200
f 539/298/197 540/299/198 542/300/200
f 539/298/197 542/300/200 541/298/199
f 541/298/199 543/298/201 550/298/185
f 542/300/200 549/299/187 544/300/202
f 541/298/199 542/300/200 543/298/201
f 542/300/200 544/300/202 543/298/201
f 543/298/201 545/298/203 550/298/185
f 544/300/202 549/299/187 546/300/204
f 543/298/201 544/300/202 546/300/204
f 543/298/201 546/300/204 545/298/203
f 545/298/203 547/298/205 550/298/185
f 546/300/204 549/299/187 548/299/206
f 545/298/203 546/300/204 547/298/205
f 546/300/204 548/299/206 547/298/205
f 547/298/205 537/298/169 550/298/185
f 548/299/206 549/299/187 538/302/186
f 547/298/205 548/299/206 538/302/186
f 547/298/205 538/302/186 537/298/169
f 551/298/207 553/298/208 564/298/144
f 552/299/209 563/300/146 554/299/210
f 551/298/207 552/299/209 553/298/208
f 552/299/209 554/299/210 553/298/208
f 553/298/208 555/298/211 564/298/144
f 554/299/210 563/300/146 556/300/212
f 553/298/208 554/299/210 556/300/212
f 553/298/208 556/300/212 555/298/211
f 555/298/211 557/298/213 564/298/144
f 556/300/212 563/300/146 558/301/214
f 555/298/211 556/300/212 557/298/213
f 556/300/212 558/301/214 557/298/213
f 557/298/213 559/298/215 564/298/144
f 558/301/214 563/300/146 560/300/216
f 557/298/213 558/301/214 560/300/216
f 557/298/213 560/300/216 559/298/215
f 559/298/215 561/298/217 564/298/144
f 560/300/216 563/300/146 562/299/218
f 559/298/215 560/300/216 561/298/217
f 560/300/216 562/299/218 561/298/217
f 561/298/217 551/298/207 564/298/144
f 562/299/218 563/300/146 552/299/209
f 561/298/217 562/299/218 552/299/209
f 561/298/217 552/299/209 551/298/207
f 567/303/219 595/304/37 570/305/220
f 565/306/221 566/307/222 569/308/223
f 565/306/221 569/308/223 568/309/224
f 566/307/222 567/303/219 569/308/223
f 567/303/219 570/305/220 569/308/223
f 570/305/220 595/304/37 573/310/225
f 568/309/224 569/308/223 571/311/226
f 569/308/223 572/312/227 571/311/226
f 569/308/223 570/305/220 573/310/225
f 569/308/223 573/310/225 572/312/227
f 573/310/225 595/304/37 576/313/228
f 571/311/226 572/312/227 575/314/229
f 571/311/226 575/314/229 574/315/230
f 572/312/227 573/310/225 575/314/229
f 573/310/225 576/313/228 575/314/229
f 576/313/228 595/304/37 579/316/231
f 574/315/230 575/314/229 577/317/232
f 575/314/229 578/318/233 577/317/232
f 575/314/229 576/313/228 579/316/231
f 575/314/229 579/316/231 578/318/233
f 579/316/231 595/304/37 582/319/234
f 577/317/232 578/318/233 581/320/235
f 577/317/232 581/320/235 580/321/236
f 578/318/233 579/316/231 581/320/235
f 579/316/231 582/319/234 581/320/235
f 582/319/234 595/304/37 585/322/237
f 580/321/236 581/320/235 583/323/238
f 581/320/235 584/324/239 583/323/238
f 581/320/235 582/319/234 585/322/237
f 581/320/235 585/322/237 584/324/239
f 585/322/237 595/304/37 588/325/240
f 583/323/238 584/324/239 587/326/241
f 583/323/238 587/326/241 586/327/242
f 584/324/239 585/322/237 587/326/241
f 585/322/237 588/325/240 587/326/241
f 588/325/240 595/304/37 591/328/243
f 586/327/242 587/326/241 589/329/244
f 587/326/241 590/330/245 589/329/244
f 587/326/241 588/325/240 591/328/243
f 587/326/241 591/328/243 590/330/245
f 591/328/243 595/304/37 594/331/246
f 589/329/244 590/330/245 593/332/247
f 589/329/244 593/332/247 592/333/248
f 590/330/245 591/328/243 593/332/247
f 591/328/243 594/331/246 593/332/247
f 594/331/246 595/304/37 567/303/219
f 592/333/248 593/332/247 565/306/221
f 593/332/247 566/307/222 565/306/221
f 593/332/247 594/331/246 567/303/219
f 593/332/247 567/303/219 566/307/222
f 598/303/249 626/304/37 601/305/220
f 596/306/221 597/307/222 600/308/223
f 596/306/221 600/308/223 599/309/250
f 597/307/222 598/303/249 600/308/223
f 598/303/249 601/305/220 600/308/223
f 601/305/220 626/304/37 604/310/251
f 599/309/250 600/308/223 602/311/252
f 600/308/223 603/312/227 602/311/252
f 600/308/223 601/305/220 604/310/251
f 600/308/223 604/310/251 603/312/227
f 604/310/251 626/304/37 607/313/228
f 602/311/252 603/312/227 606/314/229
f 602/311/252 606/314/229 605/315/230
f 603/312/227 604/310/251 606/314/229
f 604/310/251 607/313/228 606/314/229
f 607/313/228 626/304/37 610/316/231
f 605/315/230 606/314/229 608/317/253
f 606/314/229 609/318/233 608/317/253
f 606/314/229 607/313/228 610/316/231
f 606/314/229 610/316/231 609/318/233
f 610/316/231 626/304/37 613/319/234
f 608/317/253 609/318/233 612/320/235
f 608/317/253 612/320/235 611/321/236
f 609/318/233 610/316/231 612/320/235
f 610/316/231 613/319/234 612/320/235
f 613/319/234 626/304/37 616/322/237
f 611/321/236 612/320/235 614/323/254
f 612/320/235 615/324/239 614/323/254
f 612/320/235 613/319/234 616/322/237
f 612/320/235 616/322/237 615/324/239
f 616/322/237 626/304/37 619/325/240
f 614/323/254 615/324/239 618/326/241
f 614/323/254 618/326/241 617/327/255
f 615/324/239 616/322/237 618/326/241
f 616/322/237 619/325/240 618/326/241
f 619/325/240 626/304/37 622/328/256
f 617/327/255 618/326/241 620/329/257
f 618/326/241 621/330/245 620/329/257
f 618/326/241 619/325/240 622/328/256
f 618/326/241 622/328/256 621/330/245
f 622/328/256 626/304/37 625/331/246
f 620/329/257 621/330/245 624/332/247
f 620/329/257 624/332/247 623/333/248
f 621/330/245 622/328/256 624/332/247
f 622/328/256 625/331/246 624/332/247
f 625/331/246 626/304/37 598/303/249
f 623/333/248 624/332/247 596/306/221
f 624/332/247 597/307/222 596/306/221
f 624/332/247 625/331/246 598/303/249
f 624/332/247 598/303/249 597/307/222
f 629/303/219 657/304/37 632/305/220
f 627/306/221 628/307/222 631/308/223
f 627/306/221 631/308/223 630/309/250
f 628/307/222 629/303/219 631/308/223
f 629/303/219 632/305/220 631/308/223
f 632/305/220 657/304/37 635/334/251
f 630/309/250 631/308/223 633/311/226
f 631/308/223 634/312/227 633/311/226
f 631/308/223 632/305/220 635/334/251
f 631/308/223 635/334/251 634/312/227
f 635/334/251 657/304/37 638/313/228
f 633/311/226 634/312/227 637/314/229
f 633/311/226 637/314/229 636/315/258
f 634/312/227 635/334/251 637/314/229
f 635/334/251 638/313/228 637/314/229
f 638/313/228 657/304/37 641/316/231
f 636/315/258 637/314/229 639/317/253
f 637/314/229 640/318/233 639/317/253
f 637/314/229 638/313/228 641/316/231
f 637/314/229 641/316/231 640/318/233
f 641/316/231 657/304/37 644/319/234
f 639/317/253 640/318/233 643/320/235
f 639/317/253 643/320/235 642/321/236
f 640/318/233 641/316/231 643/320/235
f 641/316/231 644/319/234 643/320/235
f 644/319/234 657/304/37 647/322/237
f 642/321/236 643/320/235 645/323/259
f 643/320/235 646/324/239 645/323/259
f 643/320/235 644/319/234 647/322/237
f 643/320/235 647/322/237 646/324/239
f 647/322/237 657/304/37 650/325/240
f 645/323/259 646/324/239 649/326/241
f 645/323/259 649/326/241 648/327/260
f 646/324/239 647/322/237 649/326/241
f 647/322/237 650/325/240 649/326/241
f 650/325/240 657/304/37 653/328/256
f 648/327/260 649/326/241 651/329/244
f 649/326/241 652/330/245 651/329/244
f 649/326/241 650/325/240 653/328/256
f 649/326/241 653/328/256 652/330/245
f 653/328/256 657/304/37 656/331/246
f 651/329/244 652/330/245 655/332/247
f 651/329/244 655/332/247 654/333/248
f 652/330/245 653/328/256 655/332/247
f 653/328/256 656/331/246 655/332/247
f 656/331/246 657/304/37 629/303/219
f 654/333/248 655/332/247 627/306/221
f 655/332/247 628/307/222 627/306/221
f 655/332/247 656/331/246 629/303/219
f 655/332/247 629/303/219 628/307/222
f 658/335/261 660/335/262 671/335/263
f 659/298/264 670/298/265 661/336/266
f 658/335/261 659/298/264 660/335/262
f 659/298/264 661/336/266 660/335/262
f 660/335/262 662/335/267 671/335/263
f 661/336/266 670/298/265 663/336/268
f 660/335/262 661/336/266 663/336/268
f 660/335/262 663/336/268 662/335/267
f 662/335/267 664/335/269 671/335/263
f 663/336/268 670/298/265 665/298/270
f 662/335/267 663/336/268 664/335/269
f 663/336/268 665/298/270 664/335/269
f 664/335/269 666/335/271 671/335/263
f 665/298/270 670/298/265 667/298/272
f 664/335/269 665/298/270 667/298/272
f 664/335/269 667/298/272 666/335/271
f 666/335/271 668/335/273 671/335/263
f 667/298/272 670/298/265 669/298/274
f 666/335/271 667/298/272 668/335/273
f 667/298/272 669/298/274 668/335/273
f 668/335/273 658/335/261 671/335/263
f 669/298/274 670/298/265 659/298/264
f 668/335/273 669/298/274 659/298/264
f 668/335/273 659/298/264 658/335/261
f 672/335/275 674/335/262 685/335/263
f 673/298/264 684/298/265 675/336/276
f 672/335/275 673/298/264 674/335/262
f 673/298/264 675/336/276 674/335/262
f 674/335/262 676/335/267 685/335/263
f 675/336/276 684/298/265 677/336/268
f 674/335/262 675/336/276 677/336/268
f 674/335/262 677/336/268 676/335/267
f 676/335/267 678/335/269 685/335/263
f 677/336/268 684/298/265 679/298/270
f 676/335/267 677/336/268 678/335/269
f 677/336/268 679/298/270 678/335/269
f 678/335/269 680/335/271 685/335/263
f 679/298/270 684/298/265 681/298/272
f 678/335/269 679/298/270 681/298/272
f 678/335/269 681/298/272 680/335/271
f 680/335/271 682/335/273 685/335/263
f 681/298/272 684/298/265 683/298/274
f 680/335/271 681/298/272 682/335/273
f 681/298/272 683/298/274 682/335/273
f 682/335/273 672/335/275 685/335/263
f 683/298/274 684/298/265 673/298/264
f 682/335/273 683/298/274 673/298/264
f 682/335/273 673/298/264 672/335/275
f 686/335/277 688/335/278 699/335/279
f 687/298/280 698/298/281 689/336/282
f 686/335/277 687/298/280 688/335/278
f 687/298/280 689/336/282 688/335/278
f 688/335/278 690/335/283 699/335/279
f 689/336/282 698/298/281 691/336/268
f 688/335/278 689/336/282 691/336/268
f 688/335/278 691/336/268 690/335/283
f 690/335/283 692/335/284 699/335/279
f 691/336/268 698/298/281 693/298/285
f 690/335/283 691/336/268 692/335/284
f 691/336/268 693/298/285 692/335/284
f 692/335/284 694/335/286 699/335/279
f 693/298/285 698/298/281 695/298/287
f 692/335/284 693/298/285 695/298/287
f 692/335/284 695/298/287 694/335/286
f 694/335/286 696/335/273 699/335/279
f 695/298/287 698/298/281 697/298/288
f 694/335/286 695/298/287 696/335/273
f 695/298/287 697/298/288 696/335/273
f 696/335/273 686/335/277 699/335/279
f 697/298/288 698/298/281 687/298/280
f 696/335/273 697/298/288 687/298/280
f 696/335/273 687/298/280 686/335/277
f 700/335/277 702/335/278 713/335/289
f 701/298/290 712/298/281 703/336/282
f 700/335/277 701/298/290 702/335/278
f 701/298/290 703/336/282 702/335/278
f 702/335/278 704/335/283 713/335/289
f 703/336/282 712/298/281 705/336/268
f 702/335/278 703/336/282 705/336/268
f 702/335/278 705/336/268 704/335/283
f 704/335/283 706/335/284 713/335/289
f 705/336/268 712/298/281 707/298/285
f 704/335/283 705/336/268 706/335/284
f 705/336/268 707/298/285 706/335/284
f 706/335/284 708/335/286 713/335/289
f 707/298/285 712/298/281 709/298/287
f 706/335/284 707/298/285 709/298/287
f 706/335/284 709/298/287 708/335/286
f 708/335/286 710/335/273 713/335/289
f 709/298/287 712/298/281 711/298/288
f 708/335/286 709/298/287 710/335/273
f 709/298/287 711/298/288 710/335/273
f 710/335/273 700/335/277 713/335/289
f 711/298/288 712/298/281 701/298/290
f 710/335/273 711/298/288 701/298/290
f 710/335/273 701/298/290 700/335/277
f 714/335/277 716/335/278 727/335/289
f 715/298/290 726/298/281 717/336/282
f 714/335/277 715/298/290 716/335/278
f 715/298/290 717/336/282 716/335/278
f 716/335/278 718/335/283 727/335/289
f 717/336/282 726/298/281 719/336/268
f 716/335/278 717/336/282 719/336/268
f 716/335/278 719/336/268 718/335/283
f 718/335/283 720/335/284 727/335/289
f 719/336/268 726/298/281 721/298/285
f 718/335/283 719/336/268 720/335/284
f 719/336/268 721/298/285 720/335/284
f 720/335/284 722/335/286 727/335/289
f 721/298/285 726/298/281 723/298/287
f 720/335/284 721/298/285 723/298/287
f 720/335/284 723/298/287 722/335/286
f 722/335/286 724/335/273 727/335/289
f 723/298/287 726/298/281 725/298/288
f 722/335/286 723/298/287 724/335/273
f 723/298/287 725/298/288 724/335/273
f 724/335/273 714/335/277 727/335/289
f 725/298/288 726/298/281 715/298/290
f 724/335/273 725/298/288 715/298/290
f 724/335/273 715/298/290 714/335/277
f 728/335/261 730/335/262 741/335/263
f 729/298/264 740/298/265 731/336/266
f 728/335/261 729/298/264 730/335/262
f 729/298/264 731/336/266 730/335/262
f 730/335/262 732/335/267 741/335/263
f 731/336/266 740/298/265 733/336/268
f 730/335/262 731/336/266 733/336/268
f 730/335/262 733/336/268 732/335/267
f 732/335/267 734/335/269 741/335/263
f 733/336/268 740/298/265 735/298/291
f 732/335/267 733/336/268 734/335/269
f 733/336/268 735/298/291 734/335/269
f 734/335/269 736/335/271 741/335/263
f 735/298/291 740/298/265 737/298/272
f 734/335/269 735/298/291 737/298/272
f 734/335/269 737/298/272 736/335/271
f 736/335/271 738/335/292 741/335/263
f 737/298/272 740/298/265 739/298/274
f 736/335/271 737/298/272 738/335/292
f 737/298/272 739/298/274 738/335/292
f 738/335/292 728/335/261 741/335/263
f 739/298/274 740/298/265 729/298/264
f 738/335/292 739/298/274 729/298/264
f 738/335/292 729/298/264 728/335/261
f 742/337/293 743/338/294 744/339/295
f 743/338/294 745/340/296 744/339/295
f 744/339/295 745/340/296 746/339/297
f 745/340/296 747/340/298 746/339/297
f 748/337/299 749/338/300 742/337/293
f 749/338/300 743/338/294 742/337/293
f 748/337/299 742/337/293 746/339/297
f 742/337/293 744/339/295 746/339/297
f 743/338/294 749/338/300 745/340/296
f 749/338/300 747/340/298 745/340/296
f 750/341/301 751/342/302 752/343/303
f 751/342/302 753/344/304 752/343/303
f 752/343/303 753/344/304 754/343/297
f 753/344/304 755/344/298 754/343/297
f 756/341/299 757/342/300 750/341/301
f 757/342/300 751/342/302 750/341/301
f 756/341/299 750/341/301 754/343/297
f 750/341/301 752/343/303 754/343/297
f 751/342/302 757/342/300 753/344/304
f 757/342/300 755/344/298 753/344/304
f 758/345/305 759/346/305 760/347/306
f 759/346/305 761/348/306 760/347/306
f 760/347/306 761/348/306 763/349/307
f 760/347/306 763/349/307 762/350/308
f 762/350/308 763/349/307 764/351/309
f 763/349/307 765/352/309 764/351/309
f 764/351/309 765/352/309 767/353/310
f 764/351/309 767/353/310 766/354/310
f 766/354/310 767/353/310 768/355/311
f 767/353/310 769/356/312 768/355/311
f 768/355/311 769/356/312 759/346/305
f 768/355/311 759/346/305 758/345/305
f 770/357/313 771/358/313 772/359/314
f 771/358/313 773/360/314 772/359/314
f 772/359/314 773/360/314 775/361/315
f 772/359/314 775/361/315 774/362/316
f 774/362/316 775/361/315 776/363/317
f 775/361/315 777/364/317 776/363/317
f 776/363/317 777/364/317 779/365/318
f 776/363/317 779/365/318 778/366/318
f 778/366/318 779/365/318 780/367/319
f 779/365/318 781/368/320 780/367/319
f 780/367/319 781/368/320 771/358/313
f 780/367/319 771/358/313 770/357/313
f 782/369/313 783/370/313 784/371/314
f 783/370/313 785/372/314 784/371/314
f 784/371/314 785/372/314 787/373/315
f 784/371/314 787/373/315 786/374/316
f 786/374/316 787/373/315 788/375/317
f 787/373/315 789/376/317 788/375/317
f 788/375/317 789/376/317 791/377/321
f 788/375/317 791/377/321 790/378/318
f 790/378/318 791/377/321 792/379/322
f 791/377/321 793/380/323 792/379/322
f 792/379/322 793/380/323 783/370/313
f 792/379/322 783/370/313 782/369/313
f 794/381/313 795/382/313 796/383/314
f 795/382/313 797/384/314 796/383/314
f 796/383/314 797/384/314 799/385/324
f 796/383/314 799/385/324 798/386/316
f 798/386/316 799/385/324 800/387/317
f 799/385/324 801/388/317 800/387/317
f 800/387/317 801/388/317 803/389/318
f 800/387/317 803/389/318 802/390/318
f 802/390/318 803/389/318 804/391/320
f 803/389/318 805/392/319 804/391/320
f 804/391/320 805/392/319 795/382/313
f 804/391/320 795/382/313 794/381/313
f 806/393/325 807/394/325 808/395/326
f 807/394/325 809/396/326 808/395/326
f 808/395/326 809/396/326 811/397/327
f 808/395/326 811/397/327 810/398/328
f 810/398/328 811/397/327 812/399/329
f 811/397/327 813/400/329 812/399/329
f 812/399/329 813/400/329 815/401/330
f 812/399/329 815/401/330 814/402/330
f 814/402/330 815/401/330 816/403/331
f 815/401/330 817/404/332 816/403/331
f 816/403/331 817/404/332 807/394/325
f 816/403/331 807/394/325 806/393/325
f 818/405/325 819/406/325 820/407/326
f 819/406/325 821/408/326 820/407/326
f 820/407/326 821/408/326 823/409/327
f 820/407/326 823/409/327 822/410/327
f 822/410/327 823/409/327 824/411/329
f 823/409/327 825/412/329 824/411/329
f 824/411/329 825/412/329 827/413/333
f 824/411/329 827/413/333 826/414/330
f 826/414/330 827/413/333 828/415/334
f 827/413/333 829/416/334 828/415/334
f 828/415/334 829/416/334 819/406/325
f 828/415/334 819/406/325 818/405/325
f 830/346/335 836/417/335 831/348/335
f 831/348/335 836/417/335 832/349/335
f 832/349/335 836/417/335 833/352/335
f 833/352/335 836/417/335 834/353/335
f 834/353/335 836/417/335 835/356/335
f 835/356/335 836/417/335 830/346/335
f 837/358/335 843/418/335 838/360/335
f 838/360/335 843/418/335 839/361/335
f 839/361/335 843/418/335 840/364/335
f 840/364/335 843/418/335 841/365/335
f 841/365/335 843/418/335 842/368/335
f 842/368/335 843/418/335 837/358/335
f 844/370/335 850/419/335 845/372/335
f 845/372/335 850/419/335 846/373/335
f 846/373/335 850/419/335 847/376/335
f 847/376/335 850/419/335 848/377/335
f 848/377/335 850/419/335 849/380/335
f 849/380/335 850/419/335 844/370/335
f 851/382/335 857/420/335 852/384/335
f 852/384/335 857/420/335 853/385/335
f 853/385/335 857/420/335 854/388/335
f 854/388/335 857/420/335 855/389/335
f 855/389/335 857/420/335 856/392/335
f 856/392/335 857/420/335 851/382/335
f 858/394/335 864/421/335 859/396/335
f 859/396/335 864/421/335 860/397/335
f 860/397/335 864/421/335 861/400/335
f 861/400/335 864/421/335 862/401/335
f 862/401/335 864/421/335 863/404/335
f 863/404/335 864/421/335 858/394/335
f 865/406/335 871/422/335 866/408/335
f 866/408/335 871/422/335 867/409/335
f 867/409/335 871/422/335 868/412/335
f 868/412/335 871/422/335 869/413/335
f 869/413/335 871/422/335 870/416/335
f 870/416/335 871/422/335 865/406/335
f 872/345/336 873/347/336 878/423/336
f 873/347/336 874/350/336 878/423/336
f 874/350/336 875/351/336 878/423/336
f 875/351/336 876/354/336 878/423/336
f 876/354/336 877/355/336 878/423/336
f 877/355/336 872/345/336 878/423/336
f 879/357/336 880/359/336 885/424/336
f 880/359/336 881/362/336 885/424/336
f 881/362/336 882/363/336 885/424/336
f 882/363/336 883/366/336 885/424/336
f 883/366/336 884/367/336 885/424/336
f 884/367/336 879/357/336 885/424/336
f 886/369/336 887/371/336 892/425/336
f 887/371/336 888/374/336 892/425/336
f 888/374/336 889/375/336 892/425/336
f 889/375/336 890/378/336 892/425/336
f 890/378/336 891/379/336 892/425/336
f 891/379/336 886/369/336 892/425/336
f 893/381/336 894/383/336 899/426/336
f 894/383/336 895/386/336 899/426/336
f 895/386/336 896/387/336 899/426/336
f 896/387/336 897/390/336 899/426/336
f 897/390/336 898/391/336 899/426/336
f 898/391/336 893/381/336 899/426/336
f 900/393/336 901/395/336 906/427/336
f 901/395/336 902/398/336 906/427/336
f 902/398/336 903/399/336 906/427/336
f 903/399/336 904/402/336 906/427/336
f 904/402/336 905/403/336 906/427/336
f 905/403/336 900/393/336 906/427/336
f 907/405/336 908/407/336 913/428/336
f 908/407/336 909/410/336 913/428/336
f 909/410/336 910/411/336 913/428/336
f 910/411/336 911/414/336 913/428/336
f 911/414/336 912/415/336 913/428/336
f 912/415/336 907/405/336 913/428/336
f 944/24/337 914/429/338 915/430/339
f 944/24/337 915/430/339 945/25/340
f 945/25/340 915/430/339 916/431/341
f 945/25/340 916/431/341 946/27/342
f 946/27/342 916/431/341 917/432/343
f 946/27/342 917/432/343 947/28/344
f 947/28/344 917/432/343 918/433/345
f 947/28/344 918/433/345 948/29/346
f 948/29/346 918/433/345 919/434/347
f 948/29/346 919/434/347 949/30/348
f 949/30/348 919/434/347 920/435/349
f 949/30/348 920/435/349 950/31/350
f 950/31/350 920/435/349 921/436/351
f 950/31/350 921/436/351 951/32/352
f 951/32/352 921/436/351 922/437/353
f 951/32/352 922/437/353 952/33/354
f 952/33/354 922/437/353 923/438/355
f 952/33/354 923/438/355 953/34/356
f 953/34/356 923/438/355 924/439/357
f 953/34/356 924/439/357 954/35/358
f 954/35/358 924/439/357 925/440/359
f 954/35/358 925/440/359 955/36/360
f 955/36/360 925/440/359 926/441/361
f 955/36/360 926/441/361 956/37/362
f 956/37/362 926/441/361 927/442/363
f 956/37/362 927/442/363 957/38/364
f 957/38/364 927/442/363 928/443/365
f 957/38/364 928/443/365 958/39/366
f 958/39/366 928/443/365 929/444/367
f 958/39/366 929/444/367 959/40/368
f 959/40/368 929/444/367 930/445/369
f 959/40/368 930/445/369 960/41/370
f 960/41/370 930/445/369 931/446/371
f 960/41/370 931/446/371 961/42/372
f 961/42/372 931/446/371 932/447/373
f 961/42/372 932/447/373 962/43/374
f 962/43/374 932/447/373 933/448/375
f 962/43/374 933/448/375 963/44/376
f 963/44/376 933/448/375 934/449/377
f 963/44/376 934/449/377 964/45/378
f 964/45/378 934/449/377 935/450/379
f 964/45/378 935/450/379 965/46/380
f 965/46/380 935/450/379 936/451/381
f 965/46/380 936/451/381 966/47/382
f 966/47/382 936/451/381 937/452/383
f 966/47/382 937/452/383 967/48/384
f 967/48/384 937/452/383 938/453/385
f 967/48/384 938/453/385 968/49/386
f 968/49/386 938/453/385 939/454/387
f 968/49/386 939/454/387 969/50/388
f 969/50/388 939/454/387 940/455/389
f 969/50/388 940/455/389 970/51/390
f 970/51/390 940/455/389 941/456/391
f 970/51/390 941/456/391 971/52/392
f 971/52/392 941/456/391 942/457/393
f 971/52/392 942/457/393 972/53/394
f 972/53/394 942/457/393 943/458/395
f 972/53/394 943/458/395 973/54/396
f 973/54/396 943/458/395 914/429/338
f 973/54/396 914/429/338 944/24/337
f 974/459/397 975/143/398 976/460/399
f 975/143/398 977/145/400 976/460/399
f 976/460/399 977/145/400 979/146/401
f 976/460/399 979/146/401 978/461/402
f 978/461/402 979/146/401 980/462/403
f 979/146/401 981/147/404 980/462/403
f 980/462/403 981/147/404 983/148/405
f 980/462/403 983/148/405 982/463/406
f 982/463/406 983/148/405 984/464/407
f 983/148/405 985/149/408 984/464/407
f 984/464/407 985/149/408 987/150/409
f 984/464/407 987/150/409 986/465/409
f 986/465/409 987/150/409 988/466/410
f 987/150/409 989/151/411 988/466/410
f 988/466/410 989/151/411 991/152/412
f 988/466/410 991/152/412 990/467/413
f 990/467/413 991/152/412 992/468/414
f 991/152/412 993/153/415 992/468/414
f 992/468/414 993/153/415 995/154/416
f 992/468/414 995/154/416 994/469/417
f 994/469/417 995/154/416 996/470/418
f 995/154/416 997/155/418 996/470/418
f 996/470/418 997/155/418 999/156/419
f 996/470/418 999/156/419 998/471/420
f 998/471/420 999/156/419 1000/472/421
f 999/156/419 1001/157/422 1000/472/421
f 1000/472/421 1001/157/422 1003/158/423
f 1000/472/421 1003/158/423 1002/473/424
f 1002/473/424 1003/158/423 1004/474/425
f 1003/158/423 1005/159/426 1004/474/425
f 1004/474/425 1005/159/426 1007/160/427
f 1004/474/425 1007/160/427 1006/475/428
f 1006/475/428 1007/160/427 1008/476/429
f 1007/160/427 1009/161/430 1008/476/429
f 1008/476/429 1009/161/430 1011/162/431
f 1008/476/429 1011/162/431 1010/477/432
f 1010/477/432 1011/162/431 1012/478/433
f 1011/162/431 1013/163/434 1012/478/433
f 1012/478/433 1013/163/434 1015/164/435
f 1012/478/433 1015/164/435 1014/479/436
f 1014/479/436 1015/164/435 1016/480/437
f 1015/164/435 1017/165/438 1016/480/437
f 1016/480/437 1017/165/438 1019/166/439
f 1016/480/437 1019/166/439 1018/481/440
f 1018/481/440 1019/166/439 1020/482/441
f 1019/166/439 1021/167/442 1020/482/441
f 1020/482/441 1021/167/442 1023/168/443
f 1020/482/441 1023/168/443 1022/483/444
f 1022/483/444 1023/168/443 1024/484/445
f 1023/168/443 1025/169/446 1024/484/445
f 1024/484/445 1025/169/446 1027/170/447
f 1024/484/445 1027/170/447 1026/485/448
f 1026/485/448 1027/170/447 1028/486/449
f 1027/170/447 1029/171/450 1028/486/449
f 1028/486/449 1029/171/450 1031/172/451
f 1028/486/449 1031/172/451 1030/487/452
f 1030/487/452 1031/172/451 1032/488/453
f 1031/172/451 1033/173/454 1032/488/453
f 1032/488/453 1033/173/454 975/143/398
f 1032/488/453 975/143/398 974/459/397
f 1064/489/455 1034/459/456 1035/460/457
f 1064/489/455 1035/460/457 1065/490/458
f 1065/490/458 1035/460/457 1036/461/459
f 1065/490/458 1036/461/459 1066/491/460
f 1066/491/460 1036/461/459 1037/462/461
f 1066/491/460 1037/462/461 1067/492/462
f 1067/492/462 1037/462/461 1038/463/463
f 1067/492/462 1038/463/463 1068/493/464
f 1068/493/464 1038/463/463 1039/464/465
f 1068/493/464 1039/464/465 1069/494/466
f 1069/494/466 1039/464/465 1040/465/467
f 1069/494/466 1040/465/467 1070/495/468
f 1070/495/468 1040/465/467 1041/466/469
f 1070/495/468 1041/466/469 1071/496/470
f 1071/496/470 1041/466/469 1042/467/471
f 1071/496/470 1042/467/471 1072/497/472
f 1072/497/472 1042/467/471 1043/468/473
f 1072/497/472 1043/468/473 1073/498/474
f 1073/498/474 1043/468/473 1044/469/475
f 1073/498/474 1044/469/475 1074/499/476
f 1074/499/476 1044/469/475 1045/470/477
f 1074/499/476 1045/470/477 1075/500/478
f 1075/500/478 1045/470/477 1046/471/479
f 1075/500/478 1046/471/479 1076/501/480
f 1076/501/480 1046/471/479 1047/472/481
f 1076/501/480 1047/472/481 1077/502/482
f 1077/502/482 1047/472/481 1048/473/483
f 1077/502/482 1048/473/483 1078/503/484
f 1078/503/484 1048/473/483 1049/474/485
f 1078/503/484 1049/474/485 1079/504/486
f 1079/504/486 1049/474/485 1050/475/487
f 1079/504/486 1050/475/487 1080/505/488
f 1080/505/488 1050/475/487 1051/476/489
f 1080/505/488 1051/476/489 1081/506/490
f 1081/506/490 1051/476/489 1052/477/491
f 1081/506/490 1052/477/491 1082/507/492
f 1082/507/492 1052/477/491 1053/478/493
f 1082/507/492 1053/478/493 1083/508/494
f 1083/508/494 1053/478/493 1054/479/495
f 1083/508/494 1054/479/495 1084/509/496
f 1084/509/496 1054/479/495 1055/480/497
f 1084/509/496 1055/480/497 1085/510/498
f 1085/510/498 1055/480/497 1056/481/499
f 1085/510/498 1056/481/499 1086/511/500
f 1086/511/500 1056/481/499 1057/482/501
f 1086/511/500 1057/482/501 1087/512/502
f 1087/512/502 1057/482/501 1058/483/503
f 1087/512/502 1058/483/503 1088/513/504
f 1088/513/504 1058/483/503 1059/484/505
f 1088/513/504 1059/484/505 1089/514/506
f 1089/514/506 1059/484/505 1060/485/507
f 1089/514/506 1060/485/507 1090/515/508
f 1090/515/508 1060/485/507 1061/486/509
f 1090/515/508 1061/486/509 1091/516/510
f 1091/516/510 1061/486/509 1062/487/511
f 1091/516/510 1062/487/511 1092/517/512
f 1092/517/512 1062/487/511 1063/488/513
f 1092/517/512 1063/488/513 1093/518/514
f 1093/518/514 1063/488/513 1034/459/456
f 1093/518/514 1034/459/456 1064/489/455
